v -0.32699901 0.130392998 0.0
v 0.270408988 0.208370998 0.0
v 0.051819 -0.066688 0.0
v -0.171029 -0.005026 0.0
v -0.29309201 0.046633999 0.0
v 0.424041301 0.071659177 0.0
v 0.319050014 0.025658 0.0
v -0.076573 -0.038481 0.0
v 0.286029011 -0.004939 0.0
v -0.44191399 0.129521995 0.0
v -0.473957 0.107807003 0.0
v 0.469589561 0.087150253 9.9e-08
v 0.46222499 0.146604999 0.0
v 0.374965012 0.078847996 0.0
v 0.475163221 0.089154951 1.382e-06
v 0.439056545 0.16799584 0.0
v 0.304652988 0.014364 0.0
v -0.135975 -0.021869 0.0
v 0.098439998 0.153358995 0.0
v 0.059119001 0.152599006 0.0
v 0.172777995 0.171361997 0.0
v 0.209287002 -0.051074 0.0
v 0.365924 0.068415001 0.0
v -0.021947 0.144586995 0.0
v -0.47271001 0.083962999 0.0
v -0.49119899 0.107490003 0.0
v 0.452717602 0.075109742 1.568e-06
v 0.471978992 0.141219005 0.0
v -0.49767101 0.102205999 0.0
v 0.469611406 0.085794888 1.61e-07
v 0.392563998 0.218714997 0.0
v 0.400013744 0.078060112 0.0
v 0.456856012 0.150059998 0.0
v 0.002844 -0.055167 -0.01959
v 0.025552 -0.060524 -0.02579
v 0.013505999 0.146473005 -0.023953
v 0.040561001 0.146503001 -0.026557
v 0.043481998 0.152824997 0.0
v 0.052156001 -0.045548 -0.058894
v 0.051878001 -0.028382 -0.068015
v 0.02819 -0.025701 -0.066381
v 0.0292 -0.042888 -0.056198
v 0.002582 -0.041162 -0.054515
v 0.00285 -0.051113 -0.03783
v 0.024769 -0.05578 -0.043971
v 0.017121 0.106609001 -0.062639
v 0.041538 0.106008999 -0.066233
v 0.044521998 0.130363002 -0.048672
v 0.016201 0.131541997 -0.045883
v -0.18279199 0.060114998 -0.059533
v -0.169866 0.076481998 -0.06056
v -0.179544 0.085569001 -0.04413
v -0.19033401 0.069342002 -0.037764
v 0.186070993 -0.058837 -0.023465
v 0.166507005 -0.063377 -0.028665
v -0.113527 0.141239002 0.0
v -0.114073 0.134222999 -0.027158
v -0.082218 0.141481995 -0.024537
v 0.180518999 0.094319999 -0.075528
v 0.200255006 0.090814001 -0.077736
v 0.202260002 0.135186001 -0.064932
v 0.187278002 0.133392006 -0.061286
v -0.080264 0.131419003 -0.045403
v -0.10743 0.123627997 -0.05046
v -0.099616 0.110753998 -0.065335
v -0.076042 0.116249002 -0.061141
v 0.182965993 0.170166 -0.022391
v 0.185384005 0.157220006 -0.044994
v 0.201141998 0.165112003 -0.041265
v 0.199497997 0.176883995 -0.018731
v 0.222994998 -0.051303 -0.075854
v 0.215176001 -0.075999 -0.076917
v 0.220837995 -0.074509 -0.061502
v 0.230434998 -0.048991 -0.061139
v 0.200413003 -0.058457 -0.029096
v 0.197123006 -0.082959 -0.037551
v 0.184733003 -0.07997 -0.032247
v 0.148478001 -0.057594 -0.040322
v 0.158896997 -0.076605 -0.039289
v 0.147125005 -0.075605 -0.052673
v 0.136999994 -0.053373 -0.051933
v 0.175001993 -0.077481 -0.088107
v 0.188749998 -0.085607 -0.089816
v 0.189583003 -0.052248 -0.091919
v 0.169562995 -0.051231 -0.089916
v -0.05827 -0.051149 -0.078228
v -0.075202 -0.073227 -0.080473
v -0.068289 -0.071755 -0.059747
v -0.058041 -0.053334 -0.049808
v -0.090879 -0.033486 -0.01781
v -0.08934 -0.065293 -0.033562
v -0.120989 -0.060477 -0.024005
v -0.12631901 -0.03082 -0.012044
v -0.172462 -0.198358 -0.077247
v -0.18660501 -0.19694 -0.072166
v -0.18437099 -0.214573 -0.07346
v -0.171314 -0.216821 -0.079467
v -0.14465199 -0.156207 -0.060782
v -0.15668499 -0.156067 -0.073493
v -0.155753 -0.16099399 -0.072293
v -0.14685901 -0.16336 -0.058866
v -0.15103801 -0.153761 -0.043034
v -0.15264501 -0.163187 -0.044052
v -0.168024 -0.15940601 -0.03476
v -0.16855399 -0.15102699 -0.034623
v -0.20005099 -0.150676 -0.044425
v -0.200308 -0.156124 -0.046396
v -0.20343401 -0.154855 -0.053491
v -0.204862 -0.14732701 -0.05095
v 0.251823991 -0.036068 -0.029562
v 0.266669005 -0.021654 -0.029069
v 0.261438012 -0.018058 -0.048113
v 0.245354995 -0.036735 -0.053257
v 0.238897994 0.171012997 -0.047046
v 0.236705005 0.131906002 -0.065523
v 0.253349989 0.144699007 -0.067624
v 0.255111008 0.176934003 -0.049406
v 0.235382005 0.191450998 -0.021639
v 0.252647995 0.193577006 -0.026858
v 0.249023005 0.198835998 0.0
v 0.232819005 0.194603994 0.0
v 0.295832991 0.011463999 -0.026331
v 0.312952995 0.023964999 -0.021082
v 0.295776009 0.028338 -0.044195
v 0.28470999 0.012907 -0.044052
v 0.276843011 0.054965 -0.065993
v 0.283789008 0.043609 -0.059541
v 0.309579014 0.069733001 -0.05891
v 0.304948002 0.084439002 -0.061715
v 0.279740989 0.189010992 -0.047054
v 0.281147003 0.164722994 -0.063487
v 0.310205996 0.178954005 -0.06767
v 0.302900999 0.204575002 -0.049189
v 0.298238009 0.219785004 -0.027203
v 0.27463299 0.207407996 -0.026142
v 0.094858996 0.102985002 -0.066885
v 0.098664 0.073063001 -0.076755
v 0.121931999 0.076563999 -0.07569
v 0.128140002 0.107982002 -0.065398
v -0.048931 -0.036576 -0.028677
v -0.047869 -0.035862 -0.045184
v -0.056804 -0.040264 -0.049412
v -0.069148 -0.034534 -0.02534
v 0.098204001 0.145967006 -0.026873
v 0.093942999 0.131252005 -0.047067
v 0.135782003 0.140003994 -0.045125
v 0.131237 0.153446003 -0.021941
v 0.371374011 0.257178008 -0.073437
v 0.370164006 0.250912994 -0.080867
v 0.373502999 0.256103009 -0.079206
v 0.371140003 0.260906994 -0.072682
v 0.377891987 0.233902007 -0.024398
v 0.375550985 0.227674007 -0.014977
v 0.362410008 0.233220994 -0.017383
v 0.362369 0.238948002 -0.027945
v 0.396932542 0.080936193 -0.01006871
v 0.400131732 0.083746396 -0.01876547
v 0.38640812 0.088452406 -0.02364232
v 0.387552201 0.083723843 -0.01233634
v 0.386070281 0.096524737 -0.03974905
v 0.384688884 0.092498935 -0.03251603
v 0.395549327 0.088801369 -0.02788264
v 0.397686272 0.091716013 -0.03214512
v 0.433037012 0.178095728 0.0
v 0.432227611 0.18232347 -0.00924745
v 0.437707454 0.170241683 -0.00577602
v -0.008738 0.076550997 -0.071153
v 0.020146999 0.078441001 -0.075577
v -0.012932 0.101542003 -0.061784
v 0.451841831 0.085237503 -0.02002181
v 0.448962092 0.08405821 -0.01875348
v 0.457485109 0.083734601 -0.01621812
v 0.460713475 0.08474572 -0.01751075
v -0.186785 -0.008407 -0.061122
v -0.18581399 -0.00725 -0.02933
v -0.18045101 -0.010624 -0.029917
v -0.183158 -0.028577 -0.059498
v -0.187645 0.035326 -0.062169
v -0.18899 0.014313999 -0.063205
v -0.162852 0.023438999 -0.086135
v -0.16149899 0.049849998 -0.082001
v 0.209208995 -0.051607 -0.086105
v 0.231882005 -0.034281 -0.074248
v 0.214380994 -0.033039 -0.086367
v 0.250761985 0.074835002 -0.074472
v 0.250986009 0.108139999 -0.071119
v 0.236421003 0.093682996 -0.07355
v 0.242845997 0.062470998 -0.078164
v 0.276758998 0.131264001 -0.072209
v 0.27067101 0.098413996 -0.071298
v 0.309596985 0.117587998 -0.076
v 0.31163901 0.147183999 -0.07582
v -0.063014 0.073831997 -0.077525
v -0.046869 0.063372999 -0.073001
v -0.051908 0.089827999 -0.070502
v -0.063631 0.093331001 -0.071745
v 0.142361998 -0.028992 -0.078185
v 0.141775995 -0.006613 -0.081273
v 0.131833002 -0.008177 -0.076437
v 0.131999 -0.025913 -0.070171
v 0.367767006 0.213234007 -0.082482
v 0.374687999 0.235506996 -0.086131
v 0.370003014 0.234470993 -0.086118
v 0.363700985 0.217381998 -0.085803
v 0.379539996 0.119356997 -0.061222
v 0.382863223 0.132417738 -0.06420675
v 0.371699154 0.136590004 -0.06849775
v 0.369695007 0.123172998 -0.065958
v -0.159125 -0.017849 -0.011001
v -0.158049 -0.007915 0.0
v 0.213680997 0.185969993 0.0
v 0.195399999 0.179449006 0.0
v 0.218576997 0.184594005 -0.020377
v 0.135020002 0.156654 0.0
v 0.150039002 0.159597992 -0.020193
v -0.143195 0.127286002 -0.022257
v -0.143149 0.133660003 0.0
v -0.16382 0.111309997 -0.029579
v -0.152016 -0.056177 -0.026559
v -0.17509399 -0.045439 -0.036047
v -0.17442501 -0.162817 -0.077365
v -0.175135 -0.152962 -0.078086
v -0.18704 -0.155331 -0.038648
v -0.186537 -0.149638 -0.038206
v -0.089994 0.092059999 -0.077034
v -0.12331 0.100914001 -0.067666
v -0.120676 0.077997997 -0.081587
v -0.105667 -0.027394 0.0
v -0.001876 0.024629 -0.077252
v 0.024503 0.023525999 -0.08151
v 0.022153999 0.049881 -0.081594
v -0.005221 0.050163 -0.077077
v 0.231153994 -0.007052 -0.085571
v 0.223566994 0.027424 -0.088002
v 0.200556993 0.021897999 -0.092002
v 0.198304995 -0.004852 -0.09415
v 0.269403994 0.070488996 -0.070194
v 0.261274993 0.050156001 -0.073966
v 0.264099985 0.034689001 -0.067751
v 0.304235011 0.096377998 -0.070521
v 0.134161993 0.048872999 -0.080903
v 0.125483006 0.051376998 -0.079054
v 0.131197005 0.019875999 -0.080531
v 0.139882996 0.015727 -0.082173
v -0.057973 0.002923999 -0.086875
v -0.058365 0.040979001 -0.08241
v -0.090274 0.02913 -0.09185
v -0.088101 -0.000574 -0.094685
v 0.396201193 0.097838364 -0.03945623
v 0.387389808 0.105522871 -0.04770469
v 0.424222588 0.07829409 -0.01510785
v 0.437421143 0.077165283 -0.01308703
v 0.435935318 0.079938985 -0.0165511
v 0.423389971 0.081408731 -0.01839317
v 0.415486007 0.121834963 -0.04261423
v 0.423567712 0.113975338 -0.03641329
v 0.425520002 0.123033367 -0.03840174
v 0.415300816 0.130661398 -0.04589601
v 0.405312925 0.088449172 -0.02379622
v 0.411122798 0.085091292 -0.01888413
v 0.391184389 0.08742237 -0.02202102
v 0.395059108 0.088670946 -0.02644943
v 0.435429424 0.081509165 -0.010109
v 0.446598827 0.083691187 -0.01033912
v -0.153962 -0.178293 -0.046246
v -0.149611 -0.17739999 -0.059976
v -0.150383 -0.197576 -0.06124
v -0.152749 -0.19636101 -0.048732
v -0.161247 -0.196251 -0.039266
v -0.147387 -0.213349 -0.049737
v -0.1582 -0.214801 -0.038058
v -0.159646 -0.198861 -0.07312
v -0.15949801 -0.176044 -0.073088
v -0.17560001 -0.17756 -0.076702
v -0.18426199 -0.212984 -0.040825
v -0.19077399 -0.19128001 -0.044472
v -0.176259 -0.194787 -0.036968
v -0.17083199 -0.211868 -0.035601
v -0.099189 -0.092696 -0.049014
v -0.090251 -0.096123 -0.061347
v -0.109347 -0.111878 -0.063958
v -0.117872 -0.119041 -0.052393
v -0.137701 -0.118399 -0.041402
v -0.135208 -0.13355801 -0.048474
v -0.152475 -0.134415 -0.038879
v -0.118516 -0.093556 -0.08831
v -0.138203 -0.121294 -0.080638
v -0.119535 -0.118018 -0.07358
v -0.098157 -0.096068 -0.07711
v -0.18596099 -0.112943 -0.044642
v -0.161568 -0.117952 -0.036723
v -0.173802 -0.134086 -0.035751
v -0.19379 -0.13079 -0.042868
v 0.194956004 -0.23270901 -0.071228
v 0.191549003 -0.232206 -0.061482
v 0.197779998 -0.239814 -0.062979
v 0.199763998 -0.239703 -0.072486
v 0.186305999 -0.212236 -0.044037
v 0.192570999 -0.221606 -0.042771
v 0.186726003 -0.22162201 -0.050874
v 0.180294007 -0.21217699 -0.051549
v 0.225057005 -0.242245 -0.092049
v 0.226924002 -0.234375 -0.092997
v 0.214882001 -0.23208199 -0.087978
v 0.216461002 -0.24239001 -0.087854
v 0.189236998 -0.20273399 -0.074325
v 0.195746004 -0.20316 -0.07658
v 0.194434002 -0.19293299 -0.076438
v 0.187729001 -0.191998 -0.074733
v 0.216749995 -0.109307 -0.063849
v 0.216900005 -0.147926 -0.060054
v 0.213309004 -0.14424799 -0.050187
v 0.212792992 -0.114276 -0.052619
v 0.191308006 -0.192773 -0.034661
v 0.185229003 -0.175997 -0.037412
v 0.196041002 -0.178968 -0.035332
v 0.204883992 -0.19624899 -0.034269
v 0.162827 -0.141407 -0.068169
v 0.155469998 -0.10896 -0.072117
v 0.153569996 -0.114825 -0.065888
v 0.160580992 -0.14416 -0.064496
v 0.203275993 -0.193266 -0.076986
v 0.213201001 -0.19302 -0.073315
v 0.209415003 -0.171579 -0.071324
v 0.198467001 -0.17369799 -0.076335
v 0.068323001 -0.065504 -0.022015
v 0.103339001 -0.067696 0.0
v 0.113626003 -0.058396 -0.035399
v 0.058653 0.14745 -0.025456
v 0.078033998 -0.008362 -0.079381
v 0.072267003 -0.028303 -0.068355
v 0.110492996 -0.021996 -0.070933
v 0.116198003 -0.004074 -0.077339
v 0.070635996 -0.057509 -0.044803
v 0.109438002 -0.046129 -0.054889
v 0.107615001 -0.033168 -0.064827
v 0.069424003 -0.044126 -0.059975
v 0.059579998 0.129291996 -0.048851
v 0.065730996 0.071529999 -0.080294
v 0.060249 0.104507997 -0.066533
v 0.069494001 0.018818 -0.083284
v 0.101246997 0.021239999 -0.081555
v 0.096027001 0.048916999 -0.082307
v 0.064620003 0.043324001 -0.083434
v 0.048195 -0.065815 -0.019945
v 0.048787999 -0.060236 -0.041325
v -0.018596 0.140949994 -0.02332
v -0.016603 0.127125993 -0.045702
v -0.13573299 0.114431999 -0.046633
v 0.223093003 0.133891999 -0.065406
v 0.220996007 0.170245006 -0.03958
v 0.212899997 -0.082623 -0.049032
v 0.223500996 -0.052809 -0.041436
v 0.141876995 -0.075277 -0.066672
v 0.149290993 -0.07445 -0.075225
v 0.142419993 -0.046149 -0.075527
v 0.133046001 -0.046115 -0.059912
v 0.257281988 -0.22539701 -0.075766
v 0.252907991 -0.224782 -0.081147
v 0.260048002 -0.23332401 -0.08333
v 0.264232993 -0.234262 -0.077007
v 0.250389993 -0.014882 -0.066474
v 0.321256011 0.058913998 -0.045945
v -0.042964 -0.028216 -0.056881
v -0.048243 -0.038047 -0.064075
v 0.152193993 0.118339002 -0.061787
v 0.158063992 0.148258999 -0.04428
v 0.371890991 0.258383989 -0.065115
v 0.374545007 0.261141985 -0.065779
v -0.153815 0.087770998 -0.065512
v -0.158388 0.096809998 -0.053414
v 0.425421625 0.074821576 -0.00972312
v 0.438014835 0.0731678 -0.0075424
v 0.389679104 0.08548896 -0.0156175
v 0.381326526 0.093934066 -0.02012244
v 0.384848266 0.094191283 -0.02895972
v 0.441445499 0.085153847 -0.0163685
v 0.429585069 0.085394933 -0.0174598
v -0.169746 -0.250296 -0.04234
v -0.17440701 -0.25007999 -0.047877
v -0.14864901 -0.14850999 -0.071272
v -0.138143 -0.144574 -0.058696
v -0.205046 -0.138962 -0.052563
v -0.19806901 -0.14275201 -0.042493
v 0.227456003 -0.20301899 -0.061912
v 0.225999996 -0.20203701 -0.048226
v 0.222786992 -0.194289 -0.048441
v 0.223169997 -0.195034 -0.063865
v 0.171687007 -0.19406199 -0.051351
v 0.175262004 -0.20273601 -0.050337
v 0.172214001 -0.20263 -0.059631
v 0.169690996 -0.191605 -0.060973
v 0.217951998 -0.171525 -0.061876
v 0.166556 -0.175597 -0.056093
v 0.165205001 -0.169888 -0.06376
v 0.143510997 -0.058189 0.0
v 0.217577993 0.090957999 -0.075836
v 0.177545994 0.054774001 -0.085337
v 0.157846003 0.086828 -0.077345
v 0.153394997 0.052898 -0.082932
v 0.170247003 0.128684997 -0.060336
v 0.171109005 0.152596995 -0.0435
v 0.169568002 -0.078968 -0.032563
v 0.202420994 -0.116656 -0.043796
v 0.202237993 -0.08142 -0.086021
v 0.174470007 -0.11396 -0.081392
v 0.160817995 -0.079824 -0.08107
v 0.162517994 -0.117625 -0.07526
v 0.256924003 -0.23293 -0.040839
v 0.251516014 -0.226125 -0.041943
v 0.25514099 -0.22533999 -0.047416
v 0.26168099 -0.23324899 -0.046944
v 0.227145001 -0.22182301 -0.083877
v 0.222450003 -0.223621 -0.086233
v 0.231628999 -0.22455899 -0.087895
v 0.236500993 -0.223767 -0.08563
v 0.172876998 -0.031839 -0.093266
v 0.157058998 -0.029222 -0.089264
v 0.155397996 -0.047466 -0.084826
v 0.167350992 0.164911001 -0.023493
v 0.175449997 -0.005185 -0.092296
v 0.174109995 0.020546 -0.090353
v 0.150941997 0.020628999 -0.086019
v 0.154835 -0.005388 -0.088066
v 0.224438995 0.056189 -0.08378
v 0.244353994 0.037094 -0.080733
v 0.192493006 -0.20394599 -0.035956
v 0.182967007 -0.204685 -0.042639
v 0.182184994 -0.19420899 -0.040287
v 0.206744 -0.232207 -0.083298
v 0.209718003 -0.240318 -0.084236
v 0.205624997 -0.203081 -0.07816
v 0.217075005 -0.203015 -0.075045
v 0.194532007 -0.21229 -0.076614
v 0.188185006 -0.211729 -0.072903
v 0.193900004 -0.223693 -0.074214
v 0.202190995 -0.224916 -0.080359
v 0.208250001 -0.17606799 -0.040193
v 0.215832993 -0.16924299 -0.048512
v 0.215474993 -0.19569799 -0.039641
v 0.178167998 -0.119122 -0.036565
v 0.182115003 -0.15146001 -0.039305
v 0.171435996 -0.14620499 -0.046325
v 0.163131997 -0.11676 -0.046653
v 0.182655006 -0.169726 -0.074501
v 0.174389004 -0.16963799 -0.070466
v 0.180141001 -0.19138999 -0.071082
v 0.210513994 -0.144723 -0.07141
v 0.212758004 -0.105919 -0.073721
v 0.201744005 -0.115546 -0.082303
v 0.200442999 -0.149866 -0.077671
v -0.18246301 0.100451 -0.023433
v -0.185038 0.108695 0.0
v -0.189601 0.092272996 -0.023536
v -0.19973999 0.063729003 -0.02296
v -0.195463 0.042598001 -0.035368
v -0.214021 0.093612998 -0.018347
v -0.212814 0.080325 -0.026128
v -0.19885699 0.077830001 -0.025862
v -0.197983 0.088545002 -0.019002
v -0.29044801 0.115163996 -0.02437
v -0.299896 0.088835001 -0.035481
v -0.26638401 0.086722001 -0.033022
v -0.262344 0.109558999 -0.024316
v -0.33985099 0.120802998 -0.026781
v -0.34790799 0.094508998 -0.036962
v -0.39992401 0.120535001 -0.026923
v -0.408472 0.093668997 -0.035891
v -0.434825 0.121586002 -0.021853
v -0.44406801 0.095196999 -0.03158
v -0.46240601 0.111386999 -0.018061
v -0.46566001 0.095123 -0.023237
v -0.47242799 0.104285001 -0.013124
v -0.47293001 0.097331002 -0.017964
v -0.488417 0.104414999 -0.009808
v -0.489319 0.095400996 -0.015094
v 0.174557998 -0.18919 -0.067984
v 0.170155003 -0.16708 -0.06718
v 0.191073998 -0.171563 -0.076758
v 0.174380004 -0.17360801 -0.046341
v 0.193504005 -0.151134 -0.038288
v 0.204300001 -0.14716899 -0.041985
v 0.189297005 -0.146038 -0.079627
v 0.178996995 -0.144384 -0.076811
v 0.162485003 -0.15069 -0.057039
v 0.169150993 -0.14407399 -0.071718
v 0.345714002 0.231356993 -0.035256
v 0.329104989 0.214313998 -0.053393
v 0.338191002 0.220273003 -0.05199
v 0.351406991 0.235103994 -0.039575
v 0.366279989 0.234023004 -0.035928
v 0.381264001 0.229661002 -0.034525
v 0.340802013 0.230707004 -0.063463
v 0.340350002 0.191348001 -0.068347
v 0.346478998 0.210384994 -0.076856
v 0.354692995 0.243003994 -0.050191
v 0.367565006 0.242730006 -0.037478
v 0.382319003 0.239232003 -0.033916
v 0.377862989 0.218522995 -0.046887
v 0.381222993 0.231925994 -0.049231
v 0.374224007 0.230398997 -0.054803
v 0.36817801 0.216159999 -0.051173
v 0.360437005 0.205411002 -0.061273
v 0.366797 0.218244001 -0.063874
v 0.365862995 0.207220003 -0.071957
v 0.360044002 0.184039995 -0.071227
v 0.353924989 0.169405996 -0.072548
v 0.358815997 0.173582002 -0.073355
v 0.354465007 0.183917 -0.073334
v 0.356867998 0.242752 -0.073078
v 0.361790001 0.233281999 -0.083483
v 0.36216399 0.250328987 -0.057786
v 0.372112989 0.249274 -0.045434
v 0.383653014 0.249564006 -0.043982
v 0.381249994 0.244160994 -0.054444
v 0.378468006 0.243827 -0.060876
v 0.375133007 0.234211996 -0.068932
v 0.372900009 0.226883992 -0.079347
v 0.358377009 0.188291996 -0.080384
v 0.364470005 0.244406998 -0.083343
v 0.367009997 0.251231998 -0.073442
v 0.370034009 0.254952997 -0.059953
v 0.37461999 0.254135996 -0.051664
v 0.380517989 0.255178988 -0.049887
v 0.381251007 0.253497988 -0.055173
v 0.381554007 0.257272988 -0.060269
v 0.381736993 0.256933003 -0.065829
v 0.382010012 0.251170992 -0.063116
v 0.381087988 0.201064005 -0.054428
v 0.375891 0.203547999 -0.058216
v 0.372963994 0.185846999 -0.069246
v 0.375817 0.185659006 -0.066693
v 0.364387005 0.154822006 -0.069536
v 0.370139002 0.168871 -0.070213
v 0.364791005 0.170962005 -0.072343
v 0.360554009 0.162579998 -0.072053
v 0.361185997 0.170882001 -0.073175
v 0.360684007 0.169471994 -0.073191
v 0.361766994 0.174755007 -0.073345
v 0.363564014 0.189659997 -0.080016
v 0.371131986 0.214480996 -0.082077
v 0.377510011 0.234036997 -0.082057
v 0.378796994 0.254709005 -0.079183
v 0.377469003 0.263011008 -0.073576
v 0.381419986 0.26216799 -0.064791
v 0.381868004 0.258457988 -0.058501
v 0.386503994 0.254525989 -0.053378
v 0.379307985 0.260168999 -0.057082
v 0.387073993 0.237402007 -0.043154
v 0.384714007 0.222756996 -0.042271
v 0.365105986 0.176324993 -0.07611
v 0.368867009 0.192221 -0.074503
v 0.371847003 0.217386007 -0.079341
v 0.376435011 0.232942 -0.082147
v 0.379348993 0.249194994 -0.078252
v 0.382081002 0.25575599 -0.072916
v -0.167491 -0.232605 -0.082582
v -0.182739 -0.22926 -0.074321
v -0.176393 -0.238052 -0.078637
v -0.15547299 -0.24343701 -0.091435
v -0.161139 -0.24268501 -0.088308
v -0.156573 -0.25493601 -0.090507
v -0.150906 -0.255597 -0.093456
v -0.147891 -0.228221 -0.07692
v -0.13180199 -0.23229501 -0.083054
v -0.12600701 -0.230933 -0.075233
v -0.14050101 -0.22685701 -0.069906
v -0.121729 -0.229818 -0.057333
v -0.135074 -0.226147 -0.050247
v -0.136337 -0.22487099 -0.062378
v -0.12009 -0.230321 -0.067299
v -0.14504801 -0.233606 -0.036545
v -0.127675 -0.235312 -0.041214
v -0.134378 -0.242653 -0.035328
v -0.142189 -0.242809 -0.034012
v -0.158245 -0.217705 -0.076183
v -0.14636099 -0.214947 -0.06399
v -0.032144 -0.046676 -0.022495
v -0.029231 -0.048365 0.0
v -0.02946 -0.031788 -0.059043
v 0.000396 -0.021838 -0.065608
v -0.025625 -0.017646 -0.066978
v 0.052684001 -0.008072 -0.076632
v -0.03078 -0.043081 -0.042165
v 0.045403 0.077761001 -0.078238
v -0.029152 0.052244 -0.073111
v -0.033082 0.078712001 -0.069462
v 0.047182001 0.020783999 -0.082851
v 0.046454999 0.047501999 -0.082779
v -0.02645 0.000334 -0.069774
v 0.000781 -0.004244 -0.071742
v -0.028397 0.028097 -0.072072
v -0.037657 0.106545999 -0.060845
v -0.039992 0.129337996 -0.044538
v 0.411526471 0.109999597 -0.03983558
v 0.421504735 0.103451721 -0.03255859
v 0.389363706 0.115991234 -0.05313182
v 0.398760855 0.107612654 -0.04405529
v 0.400901705 0.118340931 -0.04889908
v 0.393330305 0.128056049 -0.05688299
v 0.406891346 0.139332607 -0.05508224
v 0.405492514 0.128825515 -0.05104996
v 0.385723769 0.144210636 -0.06503715
v 0.389301478 0.1611806 -0.0640804
v 0.376341998 0.166683003 -0.066934
v 0.373035043 0.150891289 -0.0674635
v 0.233134001 -0.24392299 -0.093978
v 0.238958999 -0.24317101 -0.094427
v 0.237664997 -0.23441499 -0.094319
v 0.261626005 -0.232925 -0.051418
v 0.265103995 -0.23260599 -0.054764
v 0.266133993 -0.242465 -0.054557
v 0.263121992 -0.244055 -0.051389
v 0.26445201 -0.24637 -0.068092
v 0.267598003 -0.244196 -0.06724
v 0.26445499 -0.23221999 -0.067461
v 0.26483801 -0.235265 -0.068645
v 0.259555012 -0.224822 -0.065668
v 0.259398996 -0.22773799 -0.06799
v 0.252355009 -0.236509 -0.086925
v 0.255737006 -0.23384701 -0.084804
v 0.249919995 -0.22584701 -0.082865
v 0.246111005 -0.228535 -0.085994
v 0.236218005 -0.219533 -0.077131
v 0.238716006 -0.21746901 -0.071957
v 0.263861 -0.23548201 -0.070651
v 0.264631003 -0.23607001 -0.073386
v 0.264880001 -0.244674 -0.073231
v 0.263711988 -0.246032 -0.069957
v 0.258363008 -0.24398001 -0.084751
v 0.252808988 -0.24716599 -0.085271
v 0.260930985 -0.231511 -0.049401
v 0.25534901 -0.224977 -0.049493
v 0.256989985 -0.22707701 -0.050246
v 0.262248992 -0.23426101 -0.04989
v 0.264174014 -0.24164601 -0.04919
v 0.262596994 -0.245076 -0.04982
v 0.250351011 -0.234484 -0.087265
v 0.25088799 -0.235425 -0.08785
v 0.251879006 -0.244607 -0.088257
v 0.250786989 -0.247284 -0.086833
v 0.418881148 0.144993662 -0.04754262
v 0.417159974 0.148294419 -0.05388595
v 0.414793044 0.145971939 -0.05508887
v 0.417214423 0.141399964 -0.04724381
v 0.414226442 0.174319893 -0.05699009
v 0.411154389 0.156233146 -0.06086838
v 0.415379047 0.154841408 -0.05842238
v 0.418119162 0.171917587 -0.05601078
v 0.421648979 0.142653822 -0.04002339
v 0.422302365 0.137373447 -0.03930544
v 0.426946401 0.135966941 -0.03452108
v 0.424601763 0.142563581 -0.03397246
v 0.430180311 0.181296929 -0.02726871
v 0.431652754 0.174221411 -0.01997107
v 0.433803588 0.173899024 -0.01671519
v 0.431753277 0.184697166 -0.02488511
v 0.494148522 0.117956832 -0.00957778
v 0.492205828 0.123142033 -0.01253624
v 0.487761169 0.122136242 -0.01477906
v 0.489843606 0.118507482 -0.01352815
v 0.478018283 0.115397512 -0.02093993
v 0.477768898 0.116373129 -0.02103883
v 0.473721355 0.116584092 -0.02382813
v 0.249460995 -0.218058 -0.056617
v 0.249939993 -0.21853501 -0.062574
v 0.260250985 -0.22342999 -0.063233
v 0.259236007 -0.22334 -0.057109
v 0.243067994 -0.22167701 -0.04276
v 0.236615002 -0.219098 -0.04324
v 0.239828005 -0.21832401 -0.047192
v 0.246886998 -0.22040901 -0.048569
v 0.204403996 -0.239729 -0.07962
v 0.200196996 -0.232656 -0.078551
v 0.238135993 -0.227842 -0.090853
v 0.242809996 -0.226862 -0.087586
v 0.250578999 -0.220241 -0.053776
v 0.259557008 -0.225223 -0.055045
v 0.257068008 -0.22651701 -0.051574
v 0.251139998 -0.221554 -0.051096
v 0.251024007 -0.221009 -0.070183
v 0.258848995 -0.226982 -0.07214
v 0.258711993 -0.226851 -0.069039
v 0.251870006 -0.221233 -0.067889
v 0.239967003 -0.224187 -0.084358
v 0.239007994 -0.223525 -0.084442
v 0.246345996 -0.227722 -0.085483
v 0.245618 -0.22816101 -0.085981
v 0.361542999 0.194552004 -0.074588
v 0.359356999 0.195582002 -0.074646
v 0.365139991 0.201243996 -0.081694
v 0.386979013 0.243612006 -0.053603
v 0.369529008 0.206826999 -0.07795
v 0.419580936 0.159056797 -0.05140833
v 0.422805488 0.168583139 -0.04857963
v 0.421708554 0.166022628 -0.05025203
v 0.419318944 0.159542694 -0.0521103
v 0.419147849 0.151613533 -0.04793143
v 0.420106589 0.151263922 -0.04442507
v 0.419730395 0.150471121 -0.04622678
v 0.418510377 0.150312379 -0.04946654
v 0.425145059 0.150622829 -0.03155526
v 0.426487922 0.151480585 -0.02718054
v 0.425721019 0.152053996 -0.02830524
v 0.424606442 0.150386497 -0.03199831
v 0.430859684 0.155711054 -0.01915334
v 0.433336854 0.149896577 -0.020191
v 0.438096642 0.149126917 -0.01836677
v 0.435628205 0.155314102 -0.01592796
v 0.429630607 0.170939356 -0.02211863
v 0.428405672 0.178149461 -0.02983003
v 0.424990087 0.178747013 -0.03739253
v 0.422371596 0.174701154 -0.04452896
v 0.423740088 0.180906251 -0.04280981
v 0.425679057 0.182761505 -0.03682873
v 0.420121312 0.170796498 -0.05267096
v 0.420791238 0.179067015 -0.05141333
v 0.417960584 0.163624823 -0.05511427
v 0.419035077 0.149674594 -0.04979157
v 0.420550286 0.148361355 -0.04325951
v 0.42643392 0.18020603 -0.03616489
v 0.42765516 0.185085058 -0.03556305
v 0.4243941 0.18406932 -0.04228252
v 0.423805743 0.177865222 -0.04430239
v -0.30992901 0.058988999 -0.025732
v -0.271602 0.061425 -0.02798
v -0.361395 0.062576003 -0.026031
v -0.41871899 0.063689 -0.024663
v -0.451801 0.071254 -0.021315
v -0.46750399 0.080893002 -0.015722
v -0.47336599 0.089708998 -0.014006
v -0.490053 0.089580997 -0.010754
v 0.025514999 -0.004056 -0.074842
v -0.128803 0.028183 -0.091317
v -0.124755 0.056666001 -0.086497
v 0.204714998 0.057826001 -0.085195
v -0.190651 0.013830999 -0.032548
v 0.407459378 0.100353904 -0.03657228
v 0.404396981 0.094797492 -0.03087777
v 0.392264604 0.095686987 -0.03287161
v 0.418887376 0.080221951 -0.01050183
v 0.251100987 0.012899 -0.074914
v 0.48685804 0.127475142 -0.01347593
v 0.480870574 0.125696972 -0.01663331
v 0.42197451 0.131310969 -0.04013143
v 0.415438473 0.137121439 -0.04730988
v 0.414814233 0.097708091 -0.03190545
v 0.428485691 0.08706177 -0.02113907
v 0.440354973 0.085651002 -0.01996161
v 0.441223561 0.082125552 -0.01796694
v 0.424798309 0.084352687 -0.02064625
v 0.428097039 0.085078194 -0.02124597
v 0.441974073 0.083668395 -0.01894441
v 0.430861145 0.085543096 -0.02141086
v 0.448950439 0.077983416 -0.01070289
v 0.448598802 0.081104897 -0.01573303
v 0.405358612 0.086853504 -0.02328254
v 0.41059342 0.081103272 -0.01776794
v 0.410694778 0.076933145 -0.01003926
v 0.448188632 0.074761077 -0.00529222
v 0.406683474 0.090141743 -0.02676987
v 0.454779267 0.082732051 -0.01618535
v 0.432069033 0.086744271 -0.02239778
v 0.413981616 0.090963274 -0.0242474
v 0.420627534 0.089780814 -0.02393007
v 0.434205919 0.085474781 -0.02180895
v 0.457949549 0.079329773 -0.00549873
v 0.455943644 0.083117753 -0.01343364
v 0.467462867 0.085153646 -0.00968484
v 0.470152735 0.08647307 -0.00970639
v 0.465747892 0.085222192 -0.01390752
v 0.463180244 0.084100343 -0.01357907
v 0.261943996 0.004958 -0.063108
v -0.039954 -0.01408 -0.066173
v -0.040646 0.008244 -0.072201
v -0.054216 -0.023203 -0.081567
v 0.192993998 -0.031544 -0.093375
v -0.142745 -0.030224 -0.094981
v -0.128489 0.00017 -0.095592
v -0.169071 0.000826 -0.085281
v -0.173847 -0.022455 -0.082644
v -0.193378 -0.11212 -0.059475
v -0.18487599 -0.08596 -0.060207
v -0.174844 -0.085594 -0.045804
v -0.13635799 -0.135988 -0.069748
v -0.127001 -0.129472 -0.060784
v -0.203281 -0.149551 -0.059544
v -0.19168299 -0.152762 -0.070494
v -0.188934 -0.145982 -0.072386
v -0.200288 -0.13939901 -0.062635
v -0.170237 -0.146626 -0.078409
v -0.154212 0.071709998 -0.075255
v -0.08941 0.065068997 -0.085734
v 0.378190994 0.239907994 -0.080175
v 0.381269991 0.246530994 -0.073814
v 0.457965344 0.089941777 -0.02231758
v 0.463493973 0.088684633 -0.01945025
v 0.411034375 0.144255012 -0.05562814
v 0.223629996 -0.210482 -0.075905
v 0.232051 -0.20977899 -0.063484
v 0.200996995 -0.213066 -0.079772
v 0.208596006 -0.22192299 -0.082957
v 0.178650006 -0.21191099 -0.060263
v 0.185646995 -0.223417 -0.059842
v 0.194617003 -0.213347 -0.03789
v 0.201302006 -0.22244 -0.037069
v 0.218080997 -0.204679 -0.039181
v 0.231942996 -0.21025901 -0.049381
v 0.224490001 -0.214109 -0.038881
v 0.225003004 -0.218096 -0.081389
v 0.182603001 -0.202392 -0.071084
v 0.190035998 -0.118073 -0.037209
v 0.154952004 -0.11727 -0.058278
v -0.21092799 0.067731 -0.025427
v -0.096696 -0.06603 -0.09413
v -0.086286 -0.035687 -0.0958
v -0.14731599 -0.23858801 -0.0923
v -0.137538 -0.23672 -0.0881
v -0.148972 -0.233712 -0.08604
v -0.157757 -0.23576 -0.086814
v -0.044576 0.143460005 -0.022541
v -0.063734 0.142367005 -0.024429
v -0.059239 0.131521001 -0.042602
v 0.210609003 -0.214865 -0.033179
v 0.201027005 -0.21297701 -0.034655
v 0.205878004 -0.220744 -0.034469
v 0.214157 -0.221734 -0.033552
v 0.188025996 -0.116299 -0.084839
v -0.174986 -0.055122 -0.079704
v -0.144105 -0.070012 -0.090167
v -0.183625 -0.054006 -0.057923
v -0.173493 -0.087673 -0.075028
v -0.150713 -0.098069 -0.083973
v -0.181794 -0.109531 -0.067446
v -0.20039301 -0.158517 -0.060444
v -0.197163 -0.174895 -0.059234
v -0.19885799 -0.17321099 -0.051274
v -0.196409 -0.192167 -0.052417
v -0.19482701 -0.194455 -0.061497
v -0.190248 -0.225804 -0.063003
v -0.190127 -0.225282 -0.050406
v -0.18679801 -0.235432 -0.065012
v -0.189082 -0.159922 -0.071674
v -0.187497 -0.174998 -0.071235
v -0.184103 -0.236432 -0.070153
v -0.18074401 -0.23747 -0.07422
v 0.190389007 -0.225086 -0.068551
v -0.11828 -0.23746 -0.073637
v -0.135765 -0.22675399 -0.066738
v -0.151458 -0.23146901 -0.083192
v -0.13312501 -0.241892 -0.089548
v -0.130762 -0.258847 -0.090347
v -0.12177 -0.25624701 -0.089446
v -0.121425 -0.237019 -0.048881
v -0.136682 -0.228733 -0.045122
v -0.115431 -0.25878 -0.073918
v -0.110153 -0.256551 -0.071954
v -0.152399 -0.25155199 -0.035533
v -0.159486 -0.23836599 -0.034081
v -0.15001801 -0.240556 -0.034081
v -0.14524899 -0.25319099 -0.03507
v -0.148562 -0.227512 -0.039201
v -0.136181 -0.22960199 -0.04291
v -0.12209 -0.232933 -0.049907
v -0.114591 -0.25640401 -0.053616
v -0.113887 -0.25524399 -0.049732
v 0.378543227 0.083395272 -0.01475421
v 0.375512838 0.087623626 -0.02782138
v 0.368030011 0.085288979 -0.032951
v 0.370700985 0.078974001 -0.018141
v 0.37471646 0.093267232 -0.03910077
v 0.375347822 0.099771417 -0.04909486
v 0.370278 0.098483003 -0.053927
v 0.367821991 0.090586982 -0.044077
v 0.394993186 0.172221526 -0.06457618
v 0.397184968 0.186277151 -0.05471935
v 0.385080993 0.193734005 -0.055812
v 0.380818992 0.180548995 -0.063097
v 0.401794999 0.202564001 -0.037682
v 0.406562 0.207054004 -0.026194
v 0.388924986 0.22213 -0.025769
v 0.389320999 0.217970997 -0.036559
v 0.378188937 0.107788652 -0.05614663
v 0.369639992 0.111212998 -0.062454
v 0.450047999 0.143515005 -0.016322
v 0.444240003 0.142397001 -0.019597
v 0.451496988 0.137541994 -0.020323
v 0.457554996 0.139290005 -0.0167
v 0.43374753 0.134053885 -0.03107807
v 0.440062999 0.132983997 -0.027902
v 0.432137757 0.141068756 -0.02625255
v 0.428206235 0.141244903 -0.02986845
v 0.458658993 0.143554002 -0.012425
v 0.45314601 0.147917002 -0.011635
v 0.431861013 0.127284005 -0.034805
v 0.454657077 0.085097007 -0.01672128
v 0.454756468 0.08360961 -0.01661426
v 0.466754287 0.084983192 -0.00680829
v 0.462101459 0.083264753 -0.01224994
v 0.458515912 0.084027342 -0.01260663
v 0.464117378 0.084766179 -0.00791163
v 0.453342229 0.085968814 -0.01445464
v 0.45773226 0.085844971 -0.00799956
v 0.449069052 0.085865967 -0.01752384
v 0.459144741 0.084967896 -0.01409892
v 0.464154392 0.086517788 -0.00900292
v 0.453223526 0.085529059 -0.01744996
v 0.442225933 0.085421741 -0.02008017
v 0.404729336 0.090390615 -0.02620666
v 0.417067885 0.089298985 -0.02462121
v 0.467655152 0.083458565 4.08e-07
v 0.448335796 0.083760045 -0.01787083
v 0.455660849 0.083617225 -0.0152476
v 0.454948276 0.083280868 -0.01585856
v 0.446866214 0.083632804 -0.01859898
v 0.41463688 0.094370529 -0.02931105
v 0.408264577 0.095515593 -0.03125854
v 0.409324884 0.093169406 -0.0286823
v 0.473471939 0.089135579 -0.00197965
v 0.473870307 0.088398173 -0.00206232
v 0.470145016 0.086125403 -0.00626421
v 0.439545661 0.084402091 -0.02129595
v 0.439802318 0.084148958 -0.02072029
v 0.428278267 0.087886519 -0.02537488
v 0.430581569 0.086017511 -0.02436271
v 0.466025948 0.084382668 -0.0095695
v 0.462195158 0.083552427 -0.01251705
v 0.461584806 0.083572231 -0.01198421
v 0.466443419 0.085230402 -0.00868134
v 0.475267142 0.089299716 -0.00143221
v 0.4726381 0.087452679 -0.0051398
v 0.440024226 0.085220806 -0.02239225
v 0.427631765 0.090142048 -0.02753293
v 0.404901176 0.092597842 -0.02825842
v 0.407409727 0.092308074 -0.02812271
v 0.411135941 0.092286698 -0.02672582
v 0.444159805 0.084800049 -0.0193303
v 0.455192834 0.08472602 -0.01626911
v 0.467097461 0.085649877 -0.00729499
v 0.4698188 0.089805997 -0.00867994
v 0.471974611 0.090684011 -0.00502507
v 0.472902864 0.090176522 -0.00276954
v 0.470361888 0.088588379 -0.0059317
v 0.455902576 0.084673009 -0.01571762
v 0.448715329 0.084694393 -0.01798042
v 0.448912262 0.086574502 -0.01874026
v 0.456507325 0.08594048 -0.01628797
v 0.410078644 0.09523338 -0.02832107
v 0.418038755 0.091768279 -0.02592615
v 0.4097943 0.092613034 -0.02781769
v 0.4657242 0.087358266 -0.01162991
v 0.466620534 0.086124353 -0.00928367
v 0.428745925 0.089080177 -0.02196566
v 0.430358797 0.08688917 -0.02304599
v 0.461620777 0.085477255 -0.0135217
v 0.461825192 0.084278509 -0.01236261
v 0.408557593 0.092186309 -0.02666048
v 0.276701986 0.027955999 -0.05841
v 0.337368011 0.049029 -0.028583
v 0.369468987 0.072131998 0.0
v 0.364378005 0.075626999 -0.023093
v 0.361050009 0.075003996 -0.02373
v 0.278623998 -0.009633 -0.025414
v 0.272085011 -0.003199 -0.045474
v 0.267441004 -0.020821 0.0
v 0.138850003 0.080239996 -0.077809
v 0.191733002 -0.23032799 -0.050677
v 0.198513001 -0.23824 -0.050567
v 0.177597001 -0.202206 -0.066927
v 0.184273004 -0.21312501 -0.067726
v -0.200683 -0.12588701 -0.055951
v -0.14486 -0.14300001 -0.046422
v -0.162028 -0.144637 -0.036141
v -0.180691 -0.144609 -0.036173
v -0.196096 -0.16998801 -0.045534
v -0.25955999 0.118812002 0.0
v -0.398633 0.134795993 0.0
v -0.441585 0.058125998 0.0
v 0.399246126 0.14988476 -0.06200135
v 0.395760238 0.137890726 -0.06012797
v 0.4045448 0.159986972 -0.06313786
v 0.475105971 0.088936083 -0.0054344
v 0.430517464 0.094809293 -0.02725088
v 0.442458301 0.087023742 -0.02398201
v 0.44761452 0.095149003 -0.02669431
v 0.4353832 0.105684891 -0.03080299
v 0.471478253 0.086705848 -0.01176441
v 0.467778176 0.085992634 -0.01521269
v 0.443801999 0.148704007 -0.015961
v 0.438890874 0.156519249 -0.01381073
v 0.44729799 0.152575001 -0.011448
v 0.442445933 0.159134566 -0.00955051
v 0.4353109 0.174732506 -0.01254466
v 0.43038994 0.187872454 -0.01914998
v 0.426392257 0.189788043 -0.03382572
v 0.419899135 0.195458993 -0.02571321
v 0.414703637 0.19319649 -0.03666357
v 0.422561198 0.188424691 -0.04041229
v 0.406734347 0.180488035 -0.05522116
v 0.441513001 0.125414997 -0.031459
v 0.448478013 0.127012997 -0.028284
v 0.46580699 0.134176999 -0.017498
v 0.466618001 0.138036996 -0.01338
v 0.470925003 0.139898002 -0.008375
v 0.462128013 0.145657002 -0.006832
v 0.482080608 0.103633217 -0.0129324
v 0.484517544 0.102612204 -0.00838279
v 0.433409452 0.164286091 -0.01479721
v 0.429841429 0.16351816 -0.01883961
v 0.454852014 0.150294005 -0.006647
v 0.450204014 0.154002994 -0.006177
v 0.436255127 0.165107175 -0.01244404
v 0.438718706 0.164070472 -0.00967388
v 0.441653668 0.163077175 -0.00523845
v 0.427772432 0.172672227 -0.02599495
v 0.428068846 0.164400726 -0.02435926
v 0.428862959 0.162611261 -0.02159617
v 0.428388655 0.171220362 -0.02555583
v 0.427074253 0.1479346 -0.02673808
v 0.425980716 0.146939307 -0.0304955
v 0.427956521 0.176394462 -0.03023791
v 0.427005976 0.17688775 -0.03084371
v 0.428904533 0.171071425 -0.02355734
v 0.419795751 0.151034846 -0.04708451
v 0.41854462 0.153936877 -0.05035578
v 0.418587476 0.154730618 -0.05140044
v 0.428894132 0.156712487 -0.02180366
v 0.42967087 0.156454443 -0.02040927
v 0.429362207 0.163597658 -0.02019099
v 0.426182687 0.178389579 -0.03612305
v 0.4680835 0.127692475 -0.02145895
v 0.473165541 0.129244685 -0.01833384
v 0.459423989 0.132820993 -0.020962
v 0.454789996 0.120733998 -0.029597
v 0.458680987 0.123948 -0.026998
v 0.451465994 0.128525003 -0.026287
v 0.475777506 0.132042989 -0.01439611
v 0.43888849 0.087126776 -0.02102049
v 0.4399513 0.084998466 -0.02034542
v 0.497139066 0.116286806 -0.00485869
v 0.497383564 0.122964561 -0.00828636
v 0.480655074 0.134750783 -0.00812877
v 0.490521431 0.129900038 -0.00762966
v 0.409422993 0.207291007 -0.012873
v 0.390356987 0.219494998 -0.01379
v 0.445689231 0.158846944 -0.00501198
v 0.4234187 0.194327876 -0.01338691
v 0.424285322 0.148380547 -0.03433985
v 0.422713637 0.149091467 -0.03854053
v 0.423139482 0.147239208 -0.03720652
v 0.424539744 0.147129863 -0.03378077
v 0.473100185 0.087502725 -0.01281577
v 0.388098001 0.205809995 -0.046389
v 0.399412006 0.194740995 -0.047194
v 0.46810162 0.097422324 -0.02292128
v 0.469718039 0.090395726 -0.01691547
v 0.474779844 0.098700694 -0.0191654
v 0.471452146 0.102031871 -0.02422417
v 0.463672936 0.100587807 -0.02656948
v 0.455002069 0.105252578 -0.02998856
v 0.466757595 0.105913847 -0.02802315
v 0.458130002 0.111254997 -0.031053
v 0.480329453 0.100500926 -0.01385502
v 0.47855851 0.103138096 -0.01808401
v 0.477324187 0.097189977 -0.01477302
v 0.374121993 0.258457005 -0.058062
v 0.418641299 0.185686051 -0.04787973
v 0.409707516 0.188596785 -0.04703385
v 0.422357678 0.169166639 -0.04934945
v 0.419123381 0.161703899 -0.05309868
v 0.421221077 0.150519296 -0.04310263
v 0.425436019 0.148874461 -0.03074677
v 0.426516324 0.150928452 -0.02675536
v 0.424373745 0.17628777 -0.04207872
v 0.427462458 0.157300457 -0.02429649
v 0.427329361 0.154670313 -0.02409287
v 0.429827898 0.152863383 -0.02169943
v 0.427210986 0.179635137 -0.03109296
v 0.418121963 0.153313934 -0.05135127
v 0.423542171 0.150613769 -0.03599526
v 0.42394334 0.150540158 -0.03566113
v 0.421354621 0.158998504 -0.04871526
v 0.424004316 0.166138351 -0.04365012
v 0.427772879 0.174577653 -0.02957699
v 0.426740914 0.179789871 -0.0336689
v 0.428114056 0.160376414 -0.02668938
v 0.427527338 0.157549902 -0.02785704
v 0.425495237 0.152142062 -0.03079468
v 0.42491582 0.151454821 -0.03305371
v 0.425188422 0.15736109 -0.03608843
v 0.420466631 0.15194799 -0.04557849
v 0.421911299 0.150945559 -0.04107892
v 0.422612845 0.154216036 -0.04288209
v 0.419230073 0.152413129 -0.04874304
v 0.418920785 0.155409798 -0.05071716
v 0.426359564 0.154338419 -0.0297273
v 0.426013767 0.152447849 -0.02683133
v 0.427947431 0.16484487 -0.02945409
v 0.425668686 0.181845724 -0.03770726
v 0.425719738 0.174851551 -0.03797884
v 0.362064987 0.192875996 -0.06193
v 0.368934989 0.201159 -0.054481
v 0.374648004 0.202411994 -0.050641
v 0.375591993 0.195676997 -0.057563
v 0.370041012 0.178026005 -0.066557
v 0.364259004 0.172499001 -0.07063
v 0.362323999 0.177967995 -0.069421
v -0.15367299 -0.23185199 -0.035386
v -0.16474 -0.22742601 -0.034436
v -0.49603501 0.107707001 -0.004143
v -0.496793 0.101892001 -0.00849
v -0.49791601 0.096202999 -0.006481
v 0.445865005 0.137029007 -0.022888
v 0.454452008 0.130850002 -0.023781
v 0.475542306 0.12482436 -0.02008533
v 0.463350176 0.126058414 -0.0243639
v 0.476890325 0.0902915 -0.00084834
v -0.164648 -0.175419 -0.036614
v -0.18206701 -0.172519 -0.038178
v -0.1785 -0.227185 -0.038634
v -0.192415 -0.212419 -0.062125
v -0.193324 -0.209571 -0.051385
v 0.241337001 -0.215847 -0.060323
v 0.241534993 -0.21657 -0.054025
v 0.200601995 -0.22960401 -0.040738
v 0.214660003 -0.22135399 -0.084278
v 0.218679994 -0.224673 -0.086068
v 0.238854005 -0.21732099 -0.048521
v 0.235389992 -0.219061 -0.042728
v -0.113528 -0.25603899 -0.081083
v -0.108885 -0.254567 -0.060374
v -0.133652 -0.255308 -0.094392
v 0.345844 0.231217995 -0.018606
v 0.207938 -0.204734 -0.033699
v 0.230020001 -0.22150201 -0.037572
v 0.219137996 -0.223528 -0.033733
v 0.216272994 -0.214348 -0.034944
v 0.337215006 0.180193007 -0.071249
v 0.324671 0.231028005 -0.021379
v 0.353204011 0.110177002 -0.069237
v 0.352645009 0.130760997 -0.072749
v 0.340858995 0.128736004 -0.074949
v 0.344092994 0.107357002 -0.069845
v 0.364531993 0.081715002 -0.036749
v 0.358460992 0.081866003 -0.037861
v 0.361366987 0.087361 -0.049226
v 0.361384987 0.096680998 -0.057959
v 0.352921009 0.097410999 -0.058783
v 0.358177006 0.087688997 -0.047205
v 0.36008799 0.126157 -0.071138
v 0.361887008 0.140578001 -0.072803
v 0.350511014 0.148977994 -0.07273
v 0.362275987 0.111474998 -0.066381
v 0.352595001 0.161073997 -0.072516
v 0.352952003 0.077321998 -0.044068
v 0.355435013 0.068961001 -0.024398
v 0.340627014 0.096629001 -0.062472
v 0.347663998 0.086167998 -0.054815
v 0.340135991 0.153449997 -0.07541
v -0.121459 -0.102053 -0.038806
v -0.151482 -0.098209 -0.034459
v 0.431969493 0.150507912 -0.02118266
v 0.417854994 0.154197484 -0.05381399
v 0.426990091 0.150827661 -0.02597777
v 0.435707807 0.141149327 -0.02419003
v 0.429140597 0.145435944 -0.02496789
v 0.444586992 0.134142994 -0.025184
v 0.466708093 0.119998514 -0.02638423
v 0.472078323 0.122061409 -0.02303982
v 0.211199998 -0.212455 -0.080622
v 0.483470082 0.100300982 -0.00828602
v 0.483915269 0.100179262 -0.00281022
v 0.334149986 0.039834998 0.0
v 0.485792696 0.11790198 -0.01526996
v 0.440982997 0.115060001 -0.033844
v 0.482998997 0.135165005 0.0
v 0.421998351 0.076054714 0.0
v 0.478630155 0.092482127 -0.00103259
v 0.476079195 0.089681528 2.011e-06
v 0.4816612 0.116647623 -0.01796548
v 0.481445372 0.1148303 -0.01806221
v 0.462016433 0.116930052 -0.02881916
v 0.48180139 0.121244125 -0.01753061
v 0.448635011 0.118203997 -0.032016
v 0.473884791 0.106452159 -0.02369161
v 0.469477921 0.11277353 -0.02664932
v 0.477330058 0.091219127 -0.00671174
v 0.422298729 0.150842398 -0.04048289
v 0.429386317 0.150057926 -0.02208208
v 0.431948572 0.147466406 -0.02132254
v 0.42760387 0.148785322 -0.02542128
v 0.430238187 0.14524959 -0.02395654
v 0.42850089 0.150214076 -0.02388625
v 0.437711179 0.143086269 -0.02157522
v 0.473431438 0.091764107 -7.6e-07
v 0.242436006 -0.234225 -0.093493
v 0.249022007 -0.23442601 -0.089028
v 0.252261996 -0.219841 -0.06518
v 0.254530012 -0.222422 -0.067124
v 0.241928994 -0.22227401 -0.080965
v 0.241302996 -0.224324 -0.08364
v 0.249593004 -0.22075599 -0.05019
v 0.251545012 -0.222213 -0.050128
v 0.266303986 -0.231897 -0.066231
v 0.267082005 -0.230563 -0.058964
v 0.245704993 -0.21921 -0.072834
v 0.241575002 -0.22064599 -0.07798
v -0.13079 -0.25503099 -0.036334
v -0.138258 -0.25437099 -0.035437
v -0.163633 -0.25017601 -0.037867
v -0.173364 -0.23543 -0.037177
v 0.222855001 -0.229609 -0.03386
v 0.232795998 -0.23134699 -0.033618
v -0.16786399 -0.25149301 -0.082612
v -0.164483 -0.253396 -0.085016
v -0.17720699 -0.251329 -0.060257
v -0.17839999 -0.249569 -0.065947
v -0.17645501 -0.24890199 -0.073941
v -0.17407501 -0.24863499 -0.07755
v -0.18758 -0.235119 -0.053349
v -0.165049 -0.114483 -0.080259
v -0.043137 0.034627001 -0.074179
v -0.057437 0.113034002 -0.060559
v -0.155176 -0.13584299 -0.077855
v -0.18965 -0.129676 -0.068092
v -0.17738201 -0.13667899 -0.078277
v 0.427419304 0.153542801 -0.02353664
v 0.426616609 0.152832299 -0.02547331
v 0.371708005 0.245253995 -0.084712
v 0.26357299 -0.244884 -0.081997
v 0.265926003 -0.244931 -0.076381
v 0.264039993 -0.24312299 -0.046202
v 0.257977008 -0.241699 -0.04007
v 0.245214 -0.243104 -0.09329
v 0.250716 -0.243448 -0.089729
v 0.270366996 -0.24316999 -0.066412
v 0.269950985 -0.24310499 -0.058271
v -0.120159 -0.25399801 -0.039577
v -0.14362399 -0.25598201 -0.095321
v 0.477996915 0.119028031 -0.02042379
v 0.375903993 0.248625993 -0.084127
v 0.378286004 0.245478004 -0.081428
v 0.378102988 0.242131993 -0.08099
v 0.494085997 0.129653006 0.0
v 0.236218005 -0.22207101 -0.082304
v 0.235529005 -0.222023 -0.082743
v 0.247725993 -0.219364 -0.066517
v 0.246059 -0.219041 -0.067584
v 0.239473 -0.21599799 -0.052604
v 0.241336002 -0.21700899 -0.052086
v 0.241328999 -0.217849 -0.049415
v 0.230119004 -0.21694399 -0.077654
v 0.230636999 -0.220571 -0.082151
v 0.234487995 -0.220521 -0.079882
v 0.234663993 -0.22931901 -0.092169
v 0.227828994 -0.227052 -0.08966
v 0.236282005 -0.216305 -0.070136
v 0.237983003 -0.215464 -0.063972
v 0.240193992 -0.21735799 -0.067895
v 0.242098003 -0.217189 -0.063919
v 0.222596004 -0.239159 -0.034248
v 0.232246995 -0.241024 -0.03393
v 0.243661999 -0.233698 -0.034458
v 0.242603004 -0.24302199 -0.034962
v 0.246866002 -0.21957301 -0.05143
v 0.247017994 -0.21998 -0.05063
v 0.253426998 -0.232914 -0.03791
v 0.253053993 -0.2419 -0.037215
v 0.242792993 -0.22441 -0.039368
v 0.249081 -0.22656301 -0.039697
v 0.205638006 -0.23767801 -0.041603
v 0.236016005 -0.220915 -0.040603
v 0.233052998 -0.245873 -0.037926
v 0.243239 -0.24647 -0.037818
v 0.207247003 -0.244698 -0.078355
v 0.211348995 -0.244563 -0.082033
v 0.216134995 -0.244341 -0.039879
v 0.21141 -0.238286 -0.03787
v 0.224309995 -0.245046 -0.03755
v 0.234366998 -0.24706499 -0.092516
v 0.234265998 -0.245897 -0.09332
v 0.231515005 -0.246373 -0.092712
v 0.231658995 -0.248146 -0.090805
v 0.260152012 -0.247812 -0.053775
v 0.264793008 -0.247199 -0.05637
v 0.264777988 -0.247724 -0.065904
v 0.260886013 -0.249053 -0.066562
v 0.267883002 -0.24753 -0.059577
v 0.267114013 -0.247467 -0.064406
v 0.263518989 -0.247526 -0.073699
v 0.260396987 -0.248944 -0.071164
v 0.250292003 -0.24923199 -0.083163
v 0.256164014 -0.247722 -0.083397
v 0.260735988 -0.247659 -0.081419
v 0.263900995 -0.247811 -0.076766
v 0.244091004 -0.24577101 -0.093048
v 0.250007003 -0.246002 -0.089682
v 0.206917002 -0.24571501 -0.050079
v 0.204412996 -0.246635 -0.060738
v 0.209648996 -0.24398801 -0.043481
v 0.204493999 -0.245608 -0.07063
v 0.25761199 -0.245067 -0.041811
v 0.261830002 -0.24557 -0.047443
v 0.216536998 -0.245649 -0.085428
v 0.226445004 -0.24696 -0.090207
v 0.242645993 -0.247602 -0.09215
v 0.238721996 -0.24526 -0.093799
v 0.238299995 -0.246602 -0.093256
v 0.253766 -0.245188 -0.039296
v 0.220155 -0.249621 -0.056979
v 0.217859998 -0.24907599 -0.055361
v 0.218327999 -0.248079 -0.049461
v 0.220098003 -0.248962 -0.051849
v 0.221423 -0.24773601 -0.046262
v 0.221348002 -0.24695 -0.044334
v 0.226031005 -0.24732301 -0.043135
v 0.226678997 -0.246617 -0.041256
v 0.229978993 -0.246962 -0.042477
v 0.231122002 -0.246595 -0.041388
v 0.234056994 -0.24731 -0.044048
v 0.236537993 -0.24702001 -0.042312
v 0.237404003 -0.24771699 -0.046889
v 0.238873004 -0.247695 -0.04639
v 0.239059001 -0.248716 -0.051198
v 0.240308001 -0.248207 -0.050586
v 0.244068995 -0.249713 -0.054779
v 0.245361998 -0.24914999 -0.054306
v 0.247758001 -0.25018099 -0.059911
v 0.249448999 -0.25027299 -0.059501
v 0.249644994 -0.249569 -0.063346
v 0.247975006 -0.249588 -0.063856
v 0.249322995 -0.25016001 -0.070281
v 0.247061997 -0.25030899 -0.070755
v 0.246860995 -0.249815 -0.067283
v 0.249463006 -0.249312 -0.066877
v 0.241281002 -0.25019601 -0.077621
v 0.244576007 -0.25036201 -0.073914
v 0.246279999 -0.250514 -0.07479
v 0.241229996 -0.250267 -0.079243
v 0.235329002 -0.24992099 -0.079788
v 0.234786003 -0.25006801 -0.081311
v 0.232111007 -0.250227 -0.083292
v 0.232107996 -0.25023299 -0.084428
v 0.228419005 -0.24978 -0.085598
v 0.228276997 -0.249467 -0.086914
v 0.224786996 -0.248805 -0.086131
v 0.223530992 -0.24808 -0.086677
v 0.221077993 -0.247962 -0.084017
v 0.219053 -0.247308 -0.084075
v 0.217770993 -0.24742 -0.080324
v 0.215259 -0.246673 -0.080033
v 0.217611998 -0.24773601 -0.07487
v 0.214355006 -0.247877 -0.07385
v 0.215180993 -0.249026 -0.068007
v 0.218339994 -0.24924999 -0.068541
v 0.215008005 -0.24897601 -0.061106
v 0.217323005 -0.249312 -0.062319
v 0.232906997 -0.250296 -0.085831
v 0.231822997 -0.24956 -0.088193
v 0.230788007 -0.249494 -0.088088
v 0.232424005 -0.25021401 -0.085304
v 0.235906004 -0.250586 -0.083796
v 0.236028999 -0.25048599 -0.082929
v 0.241348996 -0.250485 -0.083513
v 0.242474004 -0.25070101 -0.082512
v 0.24616 -0.25051901 -0.086035
v 0.247485995 -0.249513 -0.085575
v 0.246317997 -0.249377 -0.08931
v 0.247155994 -0.247742 -0.089492
v 0.243119001 -0.248265 -0.091253
v 0.239501997 -0.248183 -0.092087
v 0.235467001 -0.248041 -0.091846
v 0.232566997 -0.24862701 -0.090451
v 0.249945998 -0.250902 -0.072939
v 0.248600006 -0.25084499 -0.076041
v 0.247895002 -0.25069299 -0.075772
v 0.249742001 -0.25069699 -0.07231
v 0.254209995 -0.250606 -0.071333
v 0.254058003 -0.250292 -0.070385
v 0.258632987 -0.249974 -0.071906
v 0.257946014 -0.250339 -0.072596
v 0.260933011 -0.249633 -0.074805
v 0.262800008 -0.249258 -0.07473
v 0.261824011 -0.249255 -0.077549
v 0.262158006 -0.248464 -0.078987
v 0.260329008 -0.249033 -0.080112
v 0.260383993 -0.24842501 -0.081028
v 0.25634101 -0.249301 -0.08165
v 0.256763994 -0.248556 -0.082419
v 0.251545012 -0.249789 -0.081546
v 0.251561999 -0.249993 -0.080888
v 0.248817995 -0.25059599 -0.079041
v 0.248294994 -0.250476 -0.079178
v 0.253942012 -0.25008401 -0.056164
v 0.252689987 -0.25073799 -0.059079
v 0.251946985 -0.250521 -0.058504
v 0.252912014 -0.249383 -0.054729
v 0.257990002 -0.249456 -0.055127
v 0.262944996 -0.24852601 -0.056444
v 0.26592499 -0.24829 -0.058887
v 0.266039013 -0.24857301 -0.063446
v 0.263482987 -0.248983 -0.065162
v 0.256193995 -0.25018501 -0.06501
v 0.259948998 -0.249597 -0.065649
v 0.254896998 -0.25006199 -0.065199
v 0.253241986 -0.25054201 -0.062604
v 0.251924991 -0.250404 -0.061964
v 0.243957996 -0.248758 -0.04109
v 0.241441994 -0.248339 -0.044091
v 0.240899995 -0.248051 -0.043865
v 0.244521006 -0.248493 -0.040571
v 0.249589994 -0.248401 -0.040732
v 0.251545012 -0.247596 -0.040942
v 0.254835009 -0.247885 -0.0433
v 0.256821006 -0.24685401 -0.043751
v 0.25673899 -0.248362 -0.046491
v 0.258143991 -0.247612 -0.046625
v 0.247776001 -0.24900199 -0.049769
v 0.252184003 -0.24891099 -0.049745
v 0.252012997 -0.249025 -0.050359
v 0.247358992 -0.248871 -0.050653
v 0.244012996 -0.248749 -0.048769
v 0.243101 -0.24836899 -0.049096
v 0.241567999 -0.24846201 -0.046663
v 0.240795999 -0.248107 -0.046527
v 0.25494799 -0.250581 -0.057304
v 0.254563987 -0.25100201 -0.06
v 0.258092999 -0.25016201 -0.056617
v 0.26128 -0.249687 -0.056956
v 0.263907998 -0.249277 -0.0586
v 0.264319986 -0.249772 -0.062068
v 0.262847006 -0.24966399 -0.063824
v 0.257373988 -0.25055 -0.063928
v 0.260643005 -0.24988601 -0.064622
v 0.255558997 -0.25094301 -0.06219
v 0.244647994 -0.24909601 -0.042119
v 0.243591994 -0.24906801 -0.044581
v 0.248576 -0.24909399 -0.041897
v 0.252429992 -0.24874 -0.043701
v 0.254173994 -0.248798 -0.045306
v 0.255694985 -0.248771 -0.048838
v 0.253912001 -0.24969301 -0.047441
v 0.251489996 -0.249312 -0.048539
v 0.248450994 -0.24942701 -0.048782
v 0.245675995 -0.24938799 -0.047778
v 0.243946 -0.249107 -0.046625
v 0.251102 -0.25121701 -0.074081
v 0.250272005 -0.25106901 -0.076395
v 0.253899991 -0.25107801 -0.072846
v 0.25733301 -0.25074801 -0.073347
v 0.259544998 -0.25034499 -0.075068
v 0.26021099 -0.25010401 -0.076728
v 0.25940001 -0.250036 -0.078849
v 0.25663501 -0.25016001 -0.080219
v 0.253136009 -0.25029299 -0.079984
v 0.251078009 -0.25078401 -0.078328
v 0.234986007 -0.250467 -0.08661
v 0.234355002 -0.249955 -0.088277
v 0.236894995 -0.25080201 -0.085257
v 0.240953996 -0.2511 -0.084532
v 0.243993997 -0.250449 -0.086432
v 0.244734004 -0.24928699 -0.08867
v 0.242612004 -0.24920499 -0.090294
v 0.240098998 -0.249042 -0.091038
v 0.237398996 -0.249391 -0.090577
v 0.235296994 -0.249569 -0.089591
v 0.259348005 -0.25113899 -0.060372
v 0.255369991 -0.251349 -0.076493
v 0.248572006 -0.24991 -0.045234
v 0.239584997 -0.25044999 -0.088524
v 0.212734997 -0.234303 -0.036021
v 0.215662002 -0.23335201 -0.034852
v 0.210719004 -0.23664699 -0.037743
v 0.206318005 -0.235541 -0.039488
v 0.202852994 -0.23151 -0.039798
v 0.202335998 -0.227275 -0.038254
v 0.202272996 -0.22539601 -0.037443
v 0.20453 -0.225651 -0.036102
v 0.205477997 -0.224309 -0.035194
v 0.210357993 -0.22565401 -0.034391
v 0.208039 -0.22746301 -0.035251
v 0.211792007 -0.230442 -0.035322
v 0.214076995 -0.229481 -0.034708
v 0.204710006 -0.231967 -0.038632
v 0.206324994 -0.234532 -0.038895
v 0.203311994 -0.229486 -0.038421
v 0.204825997 -0.22782899 -0.03659
v 0.207874998 -0.22922701 -0.03562
v 0.209730997 -0.230986 -0.03548
v 0.211113005 -0.23315001 -0.036253
v 0.207484006 -0.23181801 -0.037101
v 0.209028005 -0.235597 -0.037865
v 0.229407995 -0.24367601 -0.092913
v 0.246097996 -0.25027999 -0.07964
v 0.25496301 -0.249861 -0.06914
v 0.256906002 -0.24833 -0.049433
v -0.163571 -0.25736499 -0.049774
v -0.16604701 -0.256255 -0.049203
v -0.16349199 -0.25459599 -0.042985
v -0.161855 -0.25594801 -0.043866
v -0.158299 -0.254125 -0.039108
v -0.157739 -0.25307199 -0.037658
v -0.15244401 -0.25422901 -0.03714
v -0.152365 -0.25313801 -0.0364
v -0.14690199 -0.25588301 -0.036937
v -0.146512 -0.25463399 -0.036095
v -0.142628 -0.25848401 -0.038122
v -0.14152899 -0.25771499 -0.037238
v -0.140348 -0.26020199 -0.042152
v -0.139258 -0.26023301 -0.041886
v -0.139505 -0.26060101 -0.04785
v -0.13889299 -0.260674 -0.047591
v -0.134987 -0.261062 -0.053271
v -0.13380399 -0.260993 -0.052874
v -0.131606 -0.262499 -0.059719
v -0.130785 -0.26229301 -0.059416
v -0.131147 -0.26183301 -0.063881
v -0.13251001 -0.26209101 -0.064438
v -0.13387001 -0.2622 -0.071174
v -0.135755 -0.26229101 -0.07138
v -0.13421699 -0.26181099 -0.067744
v -0.13262001 -0.261733 -0.067604
v -0.144591 -0.26117399 -0.077745
v -0.13931701 -0.26187301 -0.074536
v -0.137945 -0.26218799 -0.074762
v -0.14459801 -0.26124701 -0.078717
v -0.151269 -0.26085001 -0.078723
v -0.15207 -0.260759 -0.079873
v -0.155982 -0.25972801 -0.081517
v -0.157048 -0.259312 -0.08285
v -0.160515 -0.25829199 -0.082675
v -0.162027 -0.256742 -0.084006
v -0.164839 -0.25585201 -0.082008
v -0.166188 -0.25391299 -0.082794
v -0.168651 -0.253528 -0.079534
v -0.169799 -0.25136 -0.080209
v -0.171442 -0.25307101 -0.075813
v -0.173096 -0.25139299 -0.075767
v -0.172144 -0.25496399 -0.069532
v -0.17387 -0.25391799 -0.069101
v -0.17092399 -0.25617799 -0.062847
v -0.168616 -0.25748301 -0.063051
v -0.169158 -0.25651601 -0.055815
v -0.16585401 -0.25779399 -0.056011
v -0.152853 -0.26077899 -0.083248
v -0.154604 -0.26018801 -0.085755
v -0.155956 -0.259628 -0.085591
v -0.15328801 -0.26058701 -0.082803
v -0.149252 -0.26146701 -0.081147
v -0.148625 -0.26127699 -0.080826
v -0.14367899 -0.26212701 -0.082077
v -0.141827 -0.26173899 -0.081879
v -0.138514 -0.26208499 -0.086533
v -0.136649 -0.26181099 -0.087248
v -0.13870899 -0.26108801 -0.09131
v -0.13898399 -0.25927001 -0.093373
v -0.143132 -0.25908601 -0.093648
v -0.144098 -0.25733501 -0.094647
v -0.147229 -0.25865501 -0.093115
v -0.14787599 -0.25699699 -0.094334
v -0.151326 -0.25880301 -0.091177
v -0.15276 -0.25715199 -0.09165
v -0.15428901 -0.25919101 -0.088646
v -0.155614 -0.25799999 -0.088979
v -0.133341 -0.262584 -0.073247
v -0.135673 -0.26254699 -0.075839
v -0.136317 -0.26247999 -0.075387
v -0.13362899 -0.26246801 -0.072614
v -0.12949701 -0.26186901 -0.072334
v -0.12960801 -0.26160201 -0.071249
v -0.124898 -0.260901 -0.071837
v -0.125549 -0.26152501 -0.073611
v -0.119843 -0.260768 -0.079149
v -0.122823 -0.26130599 -0.07594
v -0.121046 -0.26094699 -0.075017
v -0.118576 -0.260382 -0.079864
v -0.121268 -0.26006201 -0.08518
v -0.122202 -0.26094899 -0.083872
v -0.12721901 -0.26135501 -0.085224
v -0.12714501 -0.26007101 -0.08667
v -0.134084 -0.26190299 -0.08432
v -0.133462 -0.26203299 -0.083131
v -0.13641401 -0.26197901 -0.079306
v -0.137704 -0.26175001 -0.078924
v -0.124402 -0.261024 -0.056683
v -0.126532 -0.262234 -0.059287
v -0.12788101 -0.26181599 -0.057761
v -0.124498 -0.260129 -0.054799
v -0.118213 -0.25935 -0.055376
v -0.119355 -0.260176 -0.056568
v -0.11559 -0.25983801 -0.058944
v -0.114184 -0.25877401 -0.058612
v -0.113172 -0.25970101 -0.062713
v -0.11161 -0.25899401 -0.063263
v -0.112609 -0.25963801 -0.066749
v -0.11071 -0.258917 -0.067152
v -0.113595 -0.25950599 -0.069608
v -0.115278 -0.26029599 -0.068918
v -0.124147 -0.26176399 -0.067431
v -0.119654 -0.26119301 -0.06922
v -0.119472 -0.26065499 -0.07037
v -0.126378 -0.26182899 -0.067337
v -0.127119 -0.262696 -0.063365
v -0.128304 -0.26262 -0.06246
v -0.133634 -0.25877199 -0.038227
v -0.136388 -0.25983599 -0.03997
v -0.136888 -0.25934801 -0.039162
v -0.13458399 -0.25761199 -0.03715
v -0.122297 -0.257772 -0.04142
v -0.127335 -0.257788 -0.038868
v -0.12697899 -0.25661901 -0.038187
v -0.120807 -0.25653699 -0.041662
v -0.117802 -0.257952 -0.045833
v -0.119909 -0.25877899 -0.045223
v -0.130611 -0.261143 -0.048808
v -0.125495 -0.260306 -0.049327
v -0.12592 -0.26019999 -0.050242
v -0.131226 -0.26044399 -0.049871
v -0.135131 -0.26111701 -0.046746
v -0.136218 -0.26091099 -0.046909
v -0.13727701 -0.26067299 -0.043138
v -0.13757899 -0.26054299 -0.043096
v -0.123119 -0.26167899 -0.05852
v -0.12431 -0.26252499 -0.060729
v -0.119358 -0.26083201 -0.05842
v -0.116416 -0.26043999 -0.059741
v -0.114381 -0.26011899 -0.062527
v -0.113947 -0.26023901 -0.065773
v -0.115127 -0.26097101 -0.067071
v -0.122035 -0.26224199 -0.066138
v -0.11805 -0.26137 -0.067548
v -0.123899 -0.26266199 -0.063961
v -0.131479 -0.25921801 -0.039311
v -0.13434599 -0.26028499 -0.040881
v -0.123538 -0.258991 -0.042015
v -0.12751999 -0.25876901 -0.039868
v -0.121857 -0.25953799 -0.045388
v -0.12173 -0.25966001 -0.048649
v -0.123099 -0.26001999 -0.047203
v -0.125853 -0.26051 -0.047964
v -0.12954099 -0.26131001 -0.047729
v -0.132652 -0.26121399 -0.045675
v -0.13417201 -0.26084 -0.043392
v -0.131923 -0.26279199 -0.074878
v -0.133396 -0.26268399 -0.076933
v -0.128767 -0.26240399 -0.074315
v -0.12577 -0.26198801 -0.075132
v -0.122086 -0.261608 -0.079098
v -0.123526 -0.26187199 -0.076961
v -0.123392 -0.26181 -0.082417
v -0.126386 -0.26230401 -0.083105
v -0.130679 -0.26254001 -0.082162
v -0.133123 -0.262528 -0.079707
v -0.15132 -0.26121399 -0.084592
v -0.152348 -0.26082501 -0.086404
v -0.148535 -0.261783 -0.082756
v -0.144454 -0.26233199 -0.083101
v -0.14070299 -0.262512 -0.086129
v -0.140267 -0.262146 -0.089153
v -0.143831 -0.26079601 -0.091761
v -0.146869 -0.26012501 -0.091952
v -0.149646 -0.26026699 -0.090489
v -0.15149 -0.260548 -0.088454
v -0.159676 -0.25766301 -0.04556
v -0.159284 -0.259523 -0.051335
v -0.15747 -0.25627801 -0.041575
v -0.153108 -0.25635201 -0.039485
v -0.14864101 -0.25741801 -0.039138
v -0.144439 -0.25917599 -0.040602
v -0.142148 -0.260308 -0.044428
v -0.141101 -0.260676 -0.049044
v -0.13781901 -0.26143301 -0.054038
v -0.13574 -0.262409 -0.059351
v -0.13621999 -0.262247 -0.063289
v -0.13845401 -0.26199201 -0.069101
v -0.136186 -0.26172501 -0.066899
v -0.145817 -0.26104501 -0.074749
v -0.14056601 -0.261924 -0.071919
v -0.151265 -0.26075199 -0.075702
v -0.155313 -0.260144 -0.078433
v -0.159263 -0.25912401 -0.07956
v -0.16310599 -0.25773999 -0.079339
v -0.166868 -0.25621599 -0.077527
v -0.168696 -0.25588301 -0.07474
v -0.168575 -0.256733 -0.070633
v -0.163101 -0.25918999 -0.064859
v -0.161614 -0.25965199 -0.057908
v -0.119071 -0.26221001 -0.062986
v -0.127519 -0.26301101 -0.078833
v -0.12817501 -0.26048499 -0.043543
v -0.146907 -0.26211599 -0.087949
v -0.15584999 -0.259103 -0.047361
v -0.155393 -0.260369 -0.052392
v -0.155296 -0.25812301 -0.044175
v -0.153245 -0.25822201 -0.042813
v -0.149519 -0.25867701 -0.042306
v -0.14625899 -0.259648 -0.043822
v -0.144456 -0.26017201 -0.046661
v -0.144336 -0.260438 -0.05139
v -0.140394 -0.26118201 -0.054729
v -0.139053 -0.261985 -0.059272
v -0.139787 -0.261724 -0.062291
v -0.14095999 -0.26157501 -0.06755
v -0.139752 -0.261338 -0.065372
v -0.14657301 -0.26106799 -0.07201
v -0.14280599 -0.26172099 -0.069382
v -0.15177099 -0.26055199 -0.072541
v -0.154759 -0.26031101 -0.075421
v -0.15834901 -0.25956601 -0.076387
v -0.16136301 -0.258665 -0.075479
v -0.163735 -0.25826299 -0.074696
v -0.164768 -0.25799099 -0.073414
v -0.164937 -0.25827301 -0.071087
v -0.15943301 -0.26003599 -0.065927
v -0.15748399 -0.26085401 -0.059432
v -0.149078 -0.260822 -0.062133
v -0.15059499 -0.26025301 -0.047013
v -0.120967 -0.25938901 -0.04935
v -0.165839 -0.241677 -0.08554
v -0.16050699 -0.25532299 -0.087408
v -0.170766 -0.249585 -0.080418
v -0.178425 -0.24886 -0.069705
v -0.177022 -0.25010899 -0.053993
v 0.461549341 0.090581804 -0.01846653
v 0.409081071 0.099853418 -0.03116835
v 0.418204456 0.099072709 -0.02725223
v 0.468372166 0.090256042 -0.01378198
v 0.46869418 0.091941952 -0.00616068
v 0.445700705 0.090329602 -0.02096014
v 0.4378044 0.091565601 -0.02327115
v 0.403860896 0.097247034 -0.02386337
v 0.405284315 0.101142339 -0.03175999
v 0.417303413 0.100773222 -0.02252921
v 0.421066761 0.102168902 -0.02839599
v 0.454833746 0.097083486 -0.02048022
v 0.447257548 0.09632001 -0.02162132
v 0.4405981 0.098581112 -0.02361089
v 0.441637545 0.099323049 -0.0170833
v 0.461682051 0.094082139 -0.00703858
v 0.463317364 0.09475512 0.0
v 0.459204673 0.093441024 -0.01212256
v 0.441337525 0.10774742 -0.01559624
v 0.47817704 0.117461271 -0.02066486
v 0.481607347 0.118110626 -0.01801614
v 0.224575996 -0.250337 -0.054184
v 0.228722006 -0.25141901 -0.055902
v 0.229883 -0.25130001 -0.058921
v 0.225351005 -0.25053501 -0.058172
v 0.224975004 -0.24946401 -0.049445
v 0.228604003 -0.25084201 -0.053051
v 0.226741999 -0.248716 -0.047034
v 0.228825002 -0.25024199 -0.050915
v 0.229966998 -0.248504 -0.046618
v 0.230841994 -0.25008801 -0.051078
v 0.232893005 -0.24861699 -0.048543
v 0.232677996 -0.250655 -0.053051
v 0.235642001 -0.24972799 -0.05162
v 0.234213993 -0.25112599 -0.055263
v 0.236689999 -0.25080499 -0.054471
v 0.235150992 -0.25139999 -0.057896
v 0.240577995 -0.250781 -0.056996
v 0.237579003 -0.251192 -0.05922
v 0.243559002 -0.25053799 -0.060341
v 0.239718005 -0.25085199 -0.061692
v 0.243808999 -0.25025299 -0.063629
v 0.23962 -0.2507 -0.063794
v 0.242933005 -0.25033101 -0.069297
v 0.239277005 -0.25034001 -0.067833
v 0.240260005 -0.25030899 -0.06603
v 0.244218006 -0.25 -0.066715
v 0.238894 -0.250036 -0.074787
v 0.236709997 -0.250099 -0.071493
v 0.239359006 -0.25036901 -0.069974
v 0.241831004 -0.25036699 -0.071892
v 0.233781993 -0.249322 -0.075572
v 0.233267992 -0.249943 -0.071634
v 0.231561005 -0.24959899 -0.079281
v 0.231294006 -0.249386 -0.074009
v 0.228716 -0.24962001 -0.081087
v 0.229142993 -0.249045 -0.075731
v 0.225690007 -0.249111 -0.081521
v 0.227271005 -0.24883001 -0.077471
v 0.222858995 -0.24839801 -0.080033
v 0.225486993 -0.24865 -0.076991
v 0.221549004 -0.248061 -0.077236
v 0.225912004 -0.248869 -0.074338
v 0.221322998 -0.24846201 -0.07412
v 0.226598992 -0.249383 -0.071925
v 0.223956003 -0.249487 -0.068753
v 0.228297993 -0.249979 -0.068256
v 0.221098005 -0.249916 -0.062891
v 0.227130994 -0.25062501 -0.063543
v 0.233722001 -0.25099799 -0.064575
v 0.361945003 0.170246005 -0.074462
v 0.360612005 0.166238993 -0.072981
v 0.357798993 0.174276992 -0.073304
v 0.026263 -0.065011 0.0
v -0.003706 -0.054927 0.0
v 0.007857999 0.151060998 0.0
v 0.169221997 -0.05898 0.0
v 0.190399006 -0.056117 0.0
v -0.081341 0.144558996 0.0
v 0.297556996 0.224106997 0.0
v -0.169166 0.002081 0.0
v 0.145040005 0.160377994 0.0
v -0.167395 0.121100001 0.0
v 0.433748722 0.076631307 0.0
v 0.446950703 0.080635555 5.57e-07
v 0.07214 -0.066586 0.0
v 0.382378011 0.088950999 0.0
v 0.159795001 0.164639994 0.0
v -0.189962 0.101049996 0.0
v -0.194572 0.050278 0.0
v -0.201848 0.064291998 0.0
v -0.169682 0.005175999 0.0
v -0.051774 -0.045757 0.0
v 0.460907727 0.078971363 1.157e-06
v -0.063553 0.149544999 0.0
v -0.042272 0.150406003 0.0
v -0.216831 0.100833997 0.0
v -0.195594 0.097360998 0.0
v -0.211015 0.062896996 0.0
v -0.26472801 0.048066001 0.0
v -0.28453401 0.123984001 0.0
v -0.34960401 0.047510001 0.0
v -0.40731201 0.050576999 0.0
v -0.465487 0.117261 0.0
v -0.465397 0.074496999 0.0
v -0.49577901 0.091370999 0.0
v 0.357910007 0.232123002 0.0
v 0.379482001 0.225227996 0.0
v 0.44130817 0.072144173 7.38e-07
v 0.46124643 0.086661055 5.42e-07
v 0.466732919 0.088453479 7.5e-08
v 0.442861527 0.16219528 0.0
v -0.497504 0.106491997 0.0
v -0.5 0.094861 0.0
v 0.33920899 0.231986001 0.0
v 0.31774199 0.230502992 0.0
v 0.354689985 0.063980996 0.0
v 0.421359986 0.194450005 0.0
v 0.37965396 0.093467228 -0.01006819
v 0.388193666 0.084939055 0.0
v 0.411220759 0.076271049 0.0
v 0.405407011 0.209002003 0.0
v 0.500006854 0.12051779 0.0
v 0.49687013 0.113922774 0.0
v 0.237896993 -0.040142 0.0
v 0.474496156 0.089048788 -7.8e-07
v 0.474314302 0.089808724 -1.18e-06
v 0.390439122 0.081825509 0.0
v 0.381630986 0.082987003 0.0
v 0.446671009 0.158259004 0.0
v 0.451227009 0.154147997 0.0
v 0.250270992 -0.032494 0.0
v 0.470461309 0.094268128 0.0
v 0.404337763 0.08972942 0.0
v 0.418046414 0.094912983 -6e-08
v 0.432251304 0.094276934 0.0
v 0.444587051 0.096685513 0.0
v 0.483916878 0.099759697 0.0
v 0.478441923 0.091570444 4.43e-07
v 0.476893484 0.090090639 1.356e-06
v 0.488506883 0.104185149 0.0
v 0.443051874 0.084483906 -0.01895448
v 0.417611748 0.092021413 -0.02708483
v 0.470516383 0.087606214 -0.0050355
v 0.419977694 0.089366734 -0.02419381
v 0.462236553 0.083576299 -0.01234747
v 0.490505784 0.116903953 -0.01056368
v 0.495708078 0.112830609 0.0
v 0.487897932 0.104059822 -0.00372883
v 0.491718441 0.108930103 -0.00402778
v 0.490857034 0.107886679 -0.00399794
v 0.488599568 0.105057925 -0.00381068
v 0.492595583 0.111935533 -0.00677935
v 0.484732359 0.103400126 -0.00934309
v 0.482046097 0.103768244 -0.01397126
v 0.494290143 0.115003489 -0.00661519
v 0.495673418 0.113629967 -0.00291254
v 0.490458041 0.107971653 -0.00449826
v 0.488194316 0.104955256 -0.00438275
v 0.490959614 0.110498368 -0.00644592
v 0.490235626 0.112359352 -0.00936164
v 0.489075332 0.110965415 -0.00993887
v 0.48648855 0.102915279 -0.00508998
v 0.486867845 0.112814933 -0.01279916
v 0.485637754 0.111434623 -0.01324556
v 0.478019416 0.110548175 -0.01980755
v 0.480216771 0.107918836 -0.01728814
v 0.479201734 0.108852393 -0.01587241
v 0.47833985 0.110820189 -0.01915963
v 0.487628936 0.105091355 -0.00528747
v 0.489098191 0.108129292 -0.00599049
v 0.484057843 0.105338379 -0.00900523
v 0.483346521 0.104787148 -0.00882943
v 0.486151009 0.104638829 -0.00723305
v 0.482649177 0.103747367 -0.01022169
v 0.486259102 0.110416553 -0.01145783
v 0.483749061 0.110390596 -0.01397835
v 0.480713158 0.109433636 -0.01385596
v 0.481560081 0.106935963 -0.01254386
v 0.479933321 0.106338545 -0.01735617
v 0.484364986 0.104323133 -0.01033524
v 0.486744225 0.116271153 -0.01419489
v 0.486027717 0.113715268 -0.01438721
v 0.489227175 0.113254934 -0.01075549
v 0.478674531 0.113693982 -0.02007066
v 0.481365889 0.111985631 -0.01722761
v 0.477798968 0.110402688 -0.02038215
v 0.478470683 0.111559264 -0.01842197
v 0.478462785 0.111820288 -0.01959888
v 0.482120007 0.106019146 -0.01410852
v 0.488410979 0.109207086 -0.00831974
v 0.481228292 0.111049041 -0.01667691
v 0.479111731 0.105565875 -0.01085837
v 0.480946004 0.106255315 -0.01348456
v 0.483123749 0.106164783 -0.01029174
v 0.478188872 0.110750287 -0.01517917
v 0.493072867 0.109017334 0.0
v 0.491428166 0.110810317 -0.00628261
v 0.476279318 0.111811846 -0.02215529
v 0.486187279 0.102974347 -0.00406142
v 0.479665994 0.106438159 -0.01761207
v 0.481943339 0.113723866 -0.01719279
v 0.239044994 -0.215179 -0.060105
v 0.238589003 -0.214377 -0.055888
v 0.221760004 -0.220728 -0.083575
v 0.218705996 -0.22222 -0.084544
v -0.170224 -0.24544901 -0.082547
v -0.167061 -0.246923 -0.084722
v -0.183642 -0.243071 -0.062807
v -0.18356299 -0.243212 -0.05833
v -0.17948399 -0.23640101 -0.041923
v -0.184048 -0.236479 -0.047303
v -0.185691 -0.23130301 -0.047114
v -0.182445 -0.230948 -0.043369
v -0.14071 -0.220029 -0.053012
v -0.14239401 -0.218573 -0.059519
v -0.14907899 -0.216452 -0.068479
v -0.15466499 -0.213734 -0.071855
v -0.152422 -0.206782 -0.067902
v -0.155747 -0.20494799 -0.07045
v 0.237158 -0.25105801 -0.065347
v 0.234505996 -0.25141299 -0.061308
v 0.233952999 -0.25027999 -0.068511
v 0.237022995 -0.251073 -0.062213
v 0.236614003 -0.25035 -0.068288
v 0.231288999 -0.25141701 -0.061613
v 0.231217995 -0.25044 -0.067538
v 0.230343997 -0.25159699 -0.06452
v -0.14619499 -0.26080599 -0.058
v -0.14981399 -0.26070601 -0.067539
v -0.150867 -0.26114699 -0.056107
v -0.154925 -0.26037201 -0.065632
v -0.153354 -0.26094699 -0.060534
v -0.14540701 -0.260894 -0.066318
v -0.14507 -0.26074901 -0.062905
v -0.14429399 -0.260876 -0.06079
v -0.158305 -0.25961399 -0.070827
v -0.475095 0.107003003 0.0
v -0.47575501 0.084417998 0.0
v -0.47468099 0.095188997 -0.017417
v -0.474078 0.101823002 -0.01499
v -0.47369 0.087668001 -0.013623
v -0.48259199 0.112506002 0.0
v -0.47985899 0.105204001 -0.01101
v -0.479734 0.082961998 0.0
v -0.481105 0.095412001 -0.016533
v -0.48147801 0.086926996 -0.013507
v -0.17364 -0.244563 -0.040974
v -0.15896501 -0.24908499 -0.090383
v -0.153732 -0.24950799 -0.093076
v -0.13042399 -0.24981301 -0.091034
v -0.122785 -0.24170899 -0.087708
v -0.112599 -0.25086299 -0.074777
v -0.109959 -0.242599 -0.070278
v -0.155835 -0.245887 -0.034265
v -0.148092 -0.247327 -0.03398
v -0.115272 -0.247373 -0.050118
v -0.11471 -0.243366 -0.049995
v -0.115375 -0.241814 -0.077524
v -0.111869 -0.240537 -0.058216
v -0.13504399 -0.243304 -0.092166
v -0.13188501 -0.248748 -0.035148
v -0.140295 -0.248858 -0.034247
v -0.167944 -0.244229 -0.037129
v -0.169027 -0.248999 -0.082456
v -0.180758 -0.247118 -0.058616
v -0.176671 -0.244453 -0.076881
v -0.18020201 -0.24307001 -0.072525
v -0.122691 -0.242295 -0.040389
v -0.145395 -0.245428 -0.095513
v -0.163867 -0.248726 -0.086811
v -0.17326 -0.24501701 -0.080346
v -0.182468 -0.243138 -0.067828
v -0.182265 -0.244286 -0.053036
v -0.165912 -0.250274 -0.084936
v -0.17958701 -0.24399699 -0.047121
v -0.18103901 -0.24690101 -0.064508
v 0.459278851 0.087007813 -0.01581375
v 0.453762888 0.087177008 -0.01826479
v 0.454547017 0.107499681 -0.00927869
v 0.455045104 0.095230609 0.0
v 0.237733006 -0.21748701 -0.072112
v 0.234249994 -0.218353 -0.076043
v 0.233475998 -0.213796 -0.069156
v 0.227892994 -0.21327201 -0.075391
v 0.236535996 -0.216737 -0.046381
v 0.235348001 -0.218255 -0.043396
v 0.234740003 -0.214462 -0.047778
v 0.231503993 -0.216383 -0.042493
v 0.002844 -0.055167 0.019589999
v 0.025552 -0.060524 0.02579
v 0.013505999 0.146473005 0.023953
v 0.040561001 0.146503001 0.026557
v 0.052156001 -0.045548 0.058894
v 0.051878001 -0.028382 0.068015001
v 0.02819 -0.025701 0.066381
v 0.0292 -0.042888 0.056198
v 0.002582 -0.041162 0.054515
v 0.00285 -0.051113 0.037829998
v 0.024769 -0.05578 0.04397
v 0.017121 0.106609001 0.062638998
v 0.041538 0.106008999 0.066233001
v 0.044521998 0.130363002 0.048672001
v 0.016201 0.131541997 0.045882999
v -0.18279199 0.060114998 0.059532001
v -0.169866 0.076481998 0.060559999
v -0.179544 0.085569001 0.044130001
v -0.19033401 0.069342002 0.037764001
v 0.186070993 -0.058837 0.023465
v 0.166507005 -0.063377 0.028665
v -0.114073 0.134222999 0.027157999
v -0.082218 0.141481995 0.024537
v 0.180518999 0.094319999 0.075528003
v 0.200255006 0.090814001 0.077735997
v 0.202260002 0.135186001 0.064932003
v 0.187278002 0.133392006 0.061285998
v -0.080264 0.131419003 0.045403
v -0.10743 0.123627997 0.050459001
v -0.099616 0.110753998 0.065334998
v -0.076042 0.116249002 0.061140999
v 0.182965993 0.170166 0.022391
v 0.185384005 0.157220006 0.044994
v 0.201141998 0.165112003 0.041264999
v 0.199497997 0.176883995 0.018730999
v 0.222994998 -0.051303 0.075854003
v 0.215176001 -0.075999 0.076917
v 0.220837995 -0.074509 0.061501998
v 0.230434998 -0.048991 0.061138998
v 0.200413003 -0.058457 0.029095999
v 0.197123006 -0.082959 0.037551
v 0.184733003 -0.07997 0.032246999
v 0.148478001 -0.057594 0.040321998
v 0.158896997 -0.076605 0.039287999
v 0.147125005 -0.075605 0.052673
v 0.136999994 -0.053373 0.051933001
v 0.175001993 -0.077481 0.088106997
v 0.188749998 -0.085607 0.089815996
v 0.189583003 -0.052248 0.091918997
v 0.169562995 -0.051231 0.089915998
v -0.05827 -0.051149 0.078227996
v -0.075202 -0.073227 0.080472998
v -0.068289 -0.071755 0.059746999
v -0.058041 -0.053334 0.049807999
v -0.090879 -0.033486 0.01781
v -0.08934 -0.065293 0.033562
v -0.120989 -0.060477 0.024004999
v -0.12631901 -0.03082 0.012044
v -0.172462 -0.198358 0.077247001
v -0.18660501 -0.19694 0.072166003
v -0.18437099 -0.214573 0.073459997
v -0.171314 -0.216821 0.079466
v -0.14465199 -0.156207 0.060782
v -0.15668499 -0.156067 0.073492996
v -0.155753 -0.16099399 0.072292
v -0.14685901 -0.16336 0.058866001
v -0.15103801 -0.153761 0.043033998
v -0.15264501 -0.163187 0.044052001
v -0.168024 -0.15940601 0.034759998
v -0.16855399 -0.15102699 0.034621998
v -0.20005099 -0.150676 0.044424999
v -0.200308 -0.156124 0.046395998
v -0.20343401 -0.154855 0.053491
v -0.204862 -0.14732701 0.050949998
v 0.251823991 -0.036068 0.029562
v 0.266669005 -0.021654 0.029069
v 0.261438012 -0.018058 0.048112999
v 0.245354995 -0.036735 0.053256999
v 0.238897994 0.171012997 0.047045998
v 0.236705005 0.131906002 0.065522998
v 0.253349989 0.144699007 0.067624002
v 0.255111008 0.176934003 0.049405999
v 0.235382005 0.191450998 0.021639
v 0.252647995 0.193577006 0.026858
v 0.295832991 0.011463999 0.026331
v 0.312952995 0.023964999 0.021082
v 0.295776009 0.028338 0.044195
v 0.28470999 0.012907 0.044052001
v 0.276843011 0.054965 0.065993003
v 0.283789008 0.043609 0.059540998
v 0.309579014 0.069733001 0.058910001
v 0.304948002 0.084439002 0.061714999
v 0.279740989 0.189010992 0.047054
v 0.281147003 0.164722994 0.063487
v 0.310205996 0.178954005 0.067670002
v 0.302900999 0.204575002 0.049189001
v 0.298238009 0.219785004 0.027202999
v 0.27463299 0.207407996 0.026141999
v 0.094858996 0.102985002 0.066885002
v 0.098664 0.073063001 0.076753996
v 0.121931999 0.076563999 0.075690001
v 0.128140002 0.107982002 0.065398
v -0.048931 -0.036576 0.028676999
v -0.047869 -0.035862 0.045184001
v -0.056804 -0.040264 0.049412
v -0.069148 -0.034534 0.02534
v 0.098204001 0.145967006 0.026873
v 0.093942999 0.131252005 0.047067001
v 0.135782003 0.140003994 0.045125
v 0.131237 0.153446003 0.021941
v 0.371374011 0.257178008 0.073436997
v 0.370164006 0.250912994 0.080866999
v 0.373502999 0.256103009 0.079205997
v 0.371140003 0.260906994 0.072682
v 0.377891987 0.233902007 0.024398
v 0.375550985 0.227674007 0.014976999
v 0.362410008 0.233220994 0.017382999
v 0.362369 0.238948002 0.027945
v 0.396932542 0.080936193 0.010068707
v 0.400131732 0.083746396 0.018765471
v 0.38640812 0.088452406 0.023642318
v 0.387552171 0.083723828 0.012336336
v 0.386070281 0.096524737 0.039749048
v 0.384688884 0.092498935 0.032516032
v 0.395549327 0.088801369 0.027882641
v 0.397686272 0.091716013 0.032145123
v 0.432227611 0.18232347 0.00924745
v 0.437707454 0.170241683 0.005776018
v -0.008738 0.076550997 0.071153
v 0.020146999 0.078441001 0.075576998
v -0.012932 0.101542003 0.061783999
v 0.451838195 0.08523745 0.020021576
v 0.448953777 0.084058366 0.018753429
v 0.457434386 0.083739228 0.016216551
v 0.460686981 0.084745101 0.017509264
v -0.186785 -0.008407 0.061122
v -0.18581399 -0.00725 0.02933
v -0.18045101 -0.010624 0.029916999
v -0.183158 -0.028577 0.059498
v -0.187645 0.035326 0.062169
v -0.18899 0.014313999 0.063204996
v -0.162852 0.023438999 0.086135
v -0.16149899 0.049849998 0.082001
v 0.209208995 -0.051607 0.086104996
v 0.231882005 -0.034281 0.074248001
v 0.214380994 -0.033039 0.086367003
v 0.250761985 0.074835002 0.074472002
v 0.250986009 0.108139999 0.071119003
v 0.236421003 0.093682996 0.07355
v 0.242845997 0.062470998 0.078163996
v 0.276758998 0.131264001 0.072209
v 0.27067101 0.098413996 0.071298003
v 0.309596985 0.117587998 0.075999997
v 0.31163901 0.147183999 0.075819999
v -0.063014 0.073833003 0.077523998
v -0.046869 0.063372999 0.073000997
v -0.051908 0.089827999 0.070501998
v -0.063631 0.093331001 0.071745
v 0.142361998 -0.028992 0.078184001
v 0.141775995 -0.006613 0.081271998
v 0.131833002 -0.008177 0.076436996
v 0.131999 -0.025913 0.070170998
v 0.367767006 0.213234007 0.082482002
v 0.374687999 0.235506996 0.086130999
v 0.370003014 0.234470993 0.086117997
v 0.363700985 0.217381998 0.085803002
v 0.379539996 0.119356997 0.061221998
v 0.382863223 0.132417738 0.064206749
v 0.371699154 0.136590004 0.068496748
v 0.369695007 0.123172998 0.065958
v -0.159125 -0.017849 0.011001
v 0.218576997 0.184594005 0.020377
v 0.150039002 0.159597992 0.020192999
v -0.143195 0.127286002 0.022257
v -0.16382 0.111309997 0.029579
v -0.152016 -0.056177 0.026559
v -0.17509399 -0.045439 0.036047
v -0.17442501 -0.162817 0.077365003
v -0.175135 -0.152962 0.078086003
v -0.18704 -0.155331 0.038648001
v -0.186537 -0.149638 0.038205999
v -0.089994 0.092059999 0.077033996
v -0.12331 0.100914001 0.067666001
v -0.120676 0.077999003 0.081587001
v -0.001876 0.024629 0.077252
v 0.024503 0.023525999 0.081509999
v 0.022153999 0.049881 0.081593997
v -0.005221 0.050163 0.077077001
v 0.231153994 -0.007052 0.085570998
v 0.223566994 0.027424 0.088001996
v 0.200556993 0.021897999 0.092001996
v 0.198304995 -0.004852 0.094149999
v 0.269403994 0.070488996 0.070193998
v 0.261274993 0.050156001 0.073965996
v 0.264099985 0.034689001 0.067750997
v 0.304235011 0.096377998 0.070520997
v 0.134161993 0.048872999 0.080903001
v 0.125483006 0.051376998 0.079053998
v 0.131197005 0.019875999 0.080531001
v 0.139882996 0.015727 0.082172997
v -0.057973 0.002923999 0.086874999
v -0.058365 0.040979001 0.08241
v -0.090274 0.02913 0.091849997
v -0.088101 -0.000574 0.094685003
v 0.396201193 0.097838364 0.039456225
v 0.387389808 0.105522871 0.047704685
v 0.424222558 0.078294083 0.015107845
v 0.437420874 0.077165432 0.013087029
v 0.43593508 0.079938985 0.016551084
v 0.423389941 0.081408709 0.018393162
v 0.415486007 0.121834963 0.042614225
v 0.423567712 0.113975338 0.036413289
v 0.425520002 0.123033367 0.038401741
v 0.415300816 0.130661398 0.045896008
v 0.405312955 0.088449113 0.02379621
v 0.411122798 0.085091315 0.018884137
v 0.39118433 0.087422348 0.022021019
v 0.395059108 0.088670916 0.026449428
v 0.435429334 0.081509269 0.010109098
v 0.446597933 0.083691828 0.010339315
v -0.153962 -0.178293 0.046245999
v -0.149611 -0.17739999 0.059976
v -0.150383 -0.197576 0.061239998
v -0.152749 -0.19636101 0.048732001
v -0.161247 -0.196251 0.039266001
v -0.147387 -0.213349 0.049736999
v -0.1582 -0.214801 0.038058001
v -0.159646 -0.198861 0.073119998
v -0.15949801 -0.176044 0.073087997
v -0.17560001 -0.17756 0.076701998
v -0.18426199 -0.212984 0.040824998
v -0.19077399 -0.19128001 0.044472001
v -0.176259 -0.194787 0.036968
v -0.17083199 -0.211868 0.035601001
v -0.099189 -0.092696 0.049013998
v -0.090251 -0.096123 0.061347
v -0.109347 -0.111878 0.063957996
v -0.117872 -0.119041 0.052393
v -0.137701 -0.118399 0.041402
v -0.135208 -0.13355801 0.048473998
v -0.152475 -0.134415 0.038878999
v -0.118516 -0.093555 0.088310003
v -0.138203 -0.121294 0.080637998
v -0.119535 -0.118018 0.073579996
v -0.098157 -0.096068 0.07711
v -0.18596099 -0.112943 0.044642001
v -0.161568 -0.117952 0.036722999
v -0.173802 -0.134086 0.035751
v -0.19379 -0.13079 0.042867999
v 0.194956004 -0.23270901 0.071227997
v 0.191549003 -0.232206 0.061482001
v 0.197779998 -0.239814 0.062978997
v 0.199763998 -0.239703 0.072485998
v 0.186305999 -0.212236 0.044036999
v 0.192570999 -0.221606 0.042771
v 0.186726003 -0.22162201 0.050873
v 0.180294007 -0.21217699 0.051548998
v 0.225057005 -0.242245 0.092049002
v 0.226924002 -0.234375 0.092996999
v 0.214882001 -0.23208199 0.087977998
v 0.216461002 -0.24239001 0.087853997
v 0.189236998 -0.20273399 0.074325002
v 0.195746004 -0.20316 0.076580002
v 0.194434002 -0.19293299 0.076438002
v 0.187729001 -0.191998 0.074732996
v 0.216749995 -0.109307 0.063849002
v 0.216900005 -0.147926 0.060054
v 0.213309004 -0.14424799 0.050186999
v 0.212792992 -0.114276 0.052618999
v 0.191308006 -0.192773 0.034660998
v 0.185229003 -0.175997 0.037411999
v 0.196041002 -0.178968 0.035332001
v 0.204883992 -0.19624899 0.034269999
v 0.162827 -0.141407 0.068168997
v 0.155469998 -0.10896 0.072117
v 0.153569996 -0.114825 0.065888002
v 0.160580992 -0.14416 0.064496003
v 0.203275993 -0.193266 0.076985001
v 0.213201001 -0.19302 0.073315002
v 0.209415003 -0.171579 0.071323998
v 0.198467001 -0.17369799 0.076334998
v 0.068323001 -0.065504 0.022014999
v 0.113626003 -0.058396 0.035399001
v 0.058653 0.14745 0.025456
v 0.078033998 -0.008362 0.079380996
v 0.072267003 -0.028303 0.068355001
v 0.110492996 -0.021996 0.070932999
v 0.116198003 -0.004073 0.077339001
v 0.070635996 -0.057509 0.044803001
v 0.109438002 -0.046129 0.054889001
v 0.107615001 -0.033168 0.064827002
v 0.069424003 -0.044126 0.059974998
v 0.059579998 0.129291996 0.048850998
v 0.065730996 0.071529999 0.080293998
v 0.060249 0.104507997 0.066532999
v 0.069494001 0.018818 0.083283998
v 0.101246997 0.021239999 0.081555001
v 0.096027001 0.048916999 0.082307003
v 0.064620003 0.043324001 0.083434
v 0.048195 -0.065815 0.019944999
v 0.048787999 -0.060236 0.041324999
v -0.018596 0.140949994 0.02332
v -0.016603 0.127125993 0.045701999
v -0.13573299 0.114431999 0.046633001
v 0.223093003 0.133891999 0.065406002
v 0.220996007 0.170245006 0.039579998
v 0.212899997 -0.082623 0.049031999
v 0.223500996 -0.052809 0.041436001
v 0.141876995 -0.075277 0.066671997
v 0.149290993 -0.07445 0.075225003
v 0.142419993 -0.046149 0.075526997
v 0.133046001 -0.046115 0.059911999
v 0.257281988 -0.22539701 0.075765997
v 0.252907991 -0.224782 0.081147
v 0.260048002 -0.23332401 0.083329998
v 0.264232993 -0.234262 0.077007003
v 0.250389993 -0.014881 0.066473998
v 0.321256011 0.058913998 0.045944999
v -0.042964 -0.028216 0.056880999
v -0.048243 -0.038047 0.064075
v 0.152193993 0.118339002 0.061787001
v 0.158063992 0.148258999 0.044279001
v 0.371890991 0.258383989 0.065114997
v 0.374545007 0.261141985 0.065778002
v -0.153815 0.087770998 0.065512001
v -0.158388 0.096809998 0.053413998
v 0.425421565 0.074821591 0.009723126
v 0.438014924 0.073168195 0.00754257
v 0.389679044 0.08548896 0.01561751
v 0.381326526 0.093934066 0.020122444
v 0.384848266 0.094191283 0.028959715
v 0.44144541 0.085153937 0.016368538
v 0.429585099 0.085394918 0.017459806
v -0.169746 -0.250296 0.042339999
v -0.17440701 -0.25007999 0.047876998
v -0.14864901 -0.14850999 0.071272
v -0.138143 -0.144574 0.058696001
v -0.205046 -0.138962 0.052563
v -0.19806901 -0.14275201 0.042493
v 0.227456003 -0.20301899 0.061912
v 0.225999996 -0.20203701 0.048225998
v 0.222786992 -0.194289 0.048441
v 0.223169997 -0.195034 0.063864998
v 0.171687007 -0.19406199 0.051350999
v 0.175262004 -0.20273601 0.050337001
v 0.172214001 -0.20263 0.059631001
v 0.169690996 -0.191605 0.060972999
v 0.217951998 -0.171525 0.061875
v 0.166556 -0.175597 0.056093998
v 0.165205001 -0.169888 0.063759997
v 0.217577993 0.090957999 0.075836002
v 0.177545994 0.054774001 0.085336998
v 0.157846003 0.086828 0.077344998
v 0.153394997 0.052898 0.082932002
v 0.170247003 0.128684997 0.060336001
v 0.171109005 0.152596995 0.043499998
v 0.169568002 -0.078968 0.032563
v 0.202420994 -0.116656 0.043795999
v 0.202237993 -0.08142 0.086020998
v 0.174470007 -0.11396 0.081391997
v 0.160817995 -0.079824 0.081069998
v 0.162517994 -0.117625 0.075259998
v 0.256924003 -0.23293 0.040839999
v 0.251516014 -0.226125 0.041942998
v 0.25514099 -0.22533999 0.047416001
v 0.26168099 -0.23324899 0.046943999
v 0.227145001 -0.22182301 0.083876997
v 0.222450003 -0.223621 0.086232997
v 0.231628999 -0.22455899 0.087894998
v 0.236500993 -0.223767 0.085629999
v 0.172876998 -0.031839 0.093266002
v 0.157058998 -0.029222 0.089263998
v 0.155397996 -0.047466 0.084826
v 0.167350992 0.164911001 0.023492999
v 0.175449997 -0.005185 0.092295996
v 0.174109995 0.020546 0.090352997
v 0.150941997 0.020628999 0.086019001
v 0.154835 -0.005388 0.088065996
v 0.224438995 0.056189 0.083779998
v 0.244353994 0.037094 0.080733001
v 0.192493006 -0.20394599 0.035955999
v 0.182967007 -0.204685 0.042638998
v 0.182184994 -0.19420899 0.040286999
v 0.206744 -0.232207 0.083297997
v 0.209718003 -0.240318 0.084236003
v 0.205624997 -0.203081 0.078160002
v 0.217075005 -0.203015 0.075044997
v 0.194532007 -0.21229 0.076613999
v 0.188185006 -0.211729 0.072902999
v 0.193900004 -0.223693 0.074213996
v 0.202190995 -0.224916 0.080358997
v 0.208250001 -0.17606799 0.040192998
v 0.215832993 -0.16924299 0.048512
v 0.215474993 -0.19569799 0.039641
v 0.178167998 -0.119122 0.036564998
v 0.182115003 -0.15146001 0.039305001
v 0.171435996 -0.14620499 0.046324998
v 0.163131997 -0.11676 0.046652998
v 0.182655006 -0.169726 0.074501
v 0.174389004 -0.16963799 0.070467002
v 0.180141001 -0.19138999 0.071082003
v 0.210513994 -0.144723 0.07141
v 0.212758004 -0.105919 0.073720999
v 0.201744005 -0.115546 0.082303002
v 0.200442999 -0.149866 0.077670998
v -0.18246301 0.100451 0.023432999
v -0.189601 0.092272996 0.023536
v -0.19973999 0.063729003 0.022959999
v -0.195463 0.042598001 0.035367999
v -0.214021 0.093612998 0.018347
v -0.212814 0.080325 0.026126999
v -0.19885699 0.077830001 0.025862
v -0.197983 0.088545002 0.019001999
v -0.29044801 0.115163996 0.024369999
v -0.299896 0.088835001 0.035480998
v -0.26638401 0.086722001 0.033022001
v -0.262344 0.109558999 0.024315999
v -0.33985099 0.120802998 0.026781
v -0.34790799 0.094508998 0.036961998
v -0.39992401 0.120535001 0.026923
v -0.408472 0.093668997 0.035891
v -0.434825 0.121586002 0.021852999
v -0.44406801 0.095196999 0.031580001
v -0.46240601 0.111386999 0.018061
v -0.46566001 0.095123 0.023236999
v -0.47242799 0.104285001 0.013124
v -0.47293001 0.097331002 0.017963999
v -0.488417 0.104414999 0.009808
v -0.489319 0.095400996 0.015093999
v 0.174557998 -0.18919 0.067983999
v 0.170155003 -0.16708 0.06718
v 0.191073998 -0.171563 0.076757997
v 0.174380004 -0.17360801 0.046340998
v 0.193504005 -0.151134 0.038288001
v 0.204300001 -0.14716899 0.041985001
v 0.189297005 -0.146038 0.079626999
v 0.178996995 -0.144384 0.076811
v 0.162485003 -0.15069 0.057039
v 0.169150993 -0.14407399 0.071717999
v 0.345714002 0.231356993 0.035255998
v 0.329104989 0.214313998 0.053392998
v 0.338191002 0.220273003 0.051989998
v 0.351406991 0.235103994 0.039574999
v 0.366279989 0.234023004 0.035927999
v 0.381264001 0.229661002 0.034524999
v 0.340802013 0.230707004 0.063463002
v 0.340350002 0.191348001 0.068346999
v 0.346478998 0.210384994 0.076856002
v 0.354692995 0.243003994 0.050191
v 0.367565006 0.242730006 0.037477999
v 0.382319003 0.239232003 0.033916
v 0.377862989 0.218522995 0.046886999
v 0.381222993 0.231925994 0.049231
v 0.374224007 0.230398997 0.054802998
v 0.36817801 0.216159999 0.051173001
v 0.360437005 0.205411002 0.061273001
v 0.366797 0.218244001 0.063873998
v 0.365862995 0.207220003 0.071956999
v 0.360044002 0.184039995 0.071226
v 0.353924989 0.169405996 0.072548002
v 0.358815997 0.173582002 0.073354996
v 0.354465007 0.183917 0.073334001
v 0.356867998 0.242752 0.073077999
v 0.361790001 0.233281999 0.083483003
v 0.36216399 0.250328987 0.057785999
v 0.372112989 0.249274 0.045434001
v 0.383653014 0.249564006 0.043981999
v 0.381249994 0.244160994 0.054444
v 0.378468006 0.243827 0.060876
v 0.375133007 0.234211996 0.068931996
v 0.372900009 0.226883992 0.079346999
v 0.358377009 0.188291996 0.080383002
v 0.364470005 0.244406998 0.083342999
v 0.367009997 0.251231998 0.073441997
v 0.370034009 0.254952997 0.059953
v 0.37461999 0.254135996 0.051663998
v 0.380517989 0.255178988 0.049887001
v 0.381251007 0.253497988 0.055172998
v 0.381554007 0.257272988 0.060268998
v 0.381736993 0.256933003 0.065829001
v 0.382010012 0.251170992 0.063115999
v 0.381087988 0.201064005 0.054428
v 0.375891 0.203547999 0.058216001
v 0.372963994 0.185846999 0.069246001
v 0.375817 0.185659006 0.066693
v 0.364387005 0.154822006 0.069536
v 0.370139002 0.168871 0.070212997
v 0.364791005 0.170962005 0.072342999
v 0.360554009 0.162579998 0.072053
v 0.361185997 0.170882001 0.073174998
v 0.360684007 0.169471994 0.073191002
v 0.361766994 0.174755007 0.073344998
v 0.363564014 0.189659997 0.080016002
v 0.371131986 0.214480996 0.082076996
v 0.377510011 0.234036997 0.082056999
v 0.378796994 0.254709005 0.079182997
v 0.377469003 0.263011008 0.073576003
v 0.381419986 0.26216799 0.064791001
v 0.381868004 0.258457988 0.058501001
v 0.386503994 0.254525989 0.053378
v 0.379307985 0.260168999 0.057080999
v 0.387073993 0.237402007 0.043154001
v 0.384714007 0.222756996 0.042270999
v 0.365105986 0.176324993 0.076109997
v 0.368867009 0.192221 0.074502997
v 0.371847003 0.217386007 0.079341001
v 0.376435011 0.232942 0.082147002
v 0.379348993 0.249194994 0.078252002
v 0.382081002 0.25575599 0.072916001
v -0.167491 -0.232605 0.082581996
v -0.182739 -0.22926 0.074321001
v -0.176393 -0.238052 0.078636996
v -0.15547299 -0.24343701 0.091435
v -0.161139 -0.24268501 0.088307999
v -0.156573 -0.25493601 0.090507
v -0.150906 -0.255597 0.093456
v -0.147891 -0.228221 0.076920002
v -0.13180199 -0.23229501 0.083053998
v -0.12600701 -0.230933 0.075232997
v -0.14050101 -0.22685701 0.069905996
v -0.121729 -0.229818 0.057333
v -0.135074 -0.226147 0.050246998
v -0.136337 -0.22487099 0.062378
v -0.12009 -0.230321 0.067299
v -0.14504801 -0.233606 0.036545001
v -0.127675 -0.235312 0.041214
v -0.134378 -0.242653 0.035328
v -0.142189 -0.242809 0.034012999
v -0.158245 -0.217705 0.076182998
v -0.14636099 -0.214947 0.063989996
v -0.032144 -0.046676 0.022494999
v -0.02946 -0.031788 0.059043001
v 0.000396 -0.021838 0.065608002
v -0.025625 -0.017646 0.066978
v 0.052684001 -0.008072 0.076632
v -0.03078 -0.043081 0.042165
v 0.045403 0.077761001 0.078238003
v -0.029152 0.052244 0.073109999
v -0.033082 0.078712001 0.069462001
v 0.047182001 0.020783999 0.082851
v 0.046454999 0.047501999 0.082778997
v -0.02645 0.000334 0.069774001
v 0.000781 -0.004244 0.071741998
v -0.028397 0.028097 0.072071999
v -0.037657 0.106545999 0.060844998
v -0.039992 0.129337996 0.044537998
v 0.411526471 0.109999597 0.039835576
v 0.421504735 0.103451781 0.032557595
v 0.389363706 0.115991234 0.053131822
v 0.398760855 0.107612654 0.04405529
v 0.400901705 0.118340931 0.04889908
v 0.393330276 0.128056138 0.056881964
v 0.406891197 0.139332652 0.05508143
v 0.405492514 0.128825515 0.051049962
v 0.385723769 0.144210636 0.065037153
v 0.389301478 0.1611806 0.064080402
v 0.376341998 0.166683003 0.066932998
v 0.373035043 0.150891289 0.067463502
v 0.233134001 -0.24392299 0.093978002
v 0.238958999 -0.24317101 0.094426997
v 0.237664997 -0.23441499 0.094319
v 0.261626005 -0.232925 0.051417999
v 0.265103995 -0.23260599 0.054763998
v 0.266133993 -0.242465 0.054558001
v 0.263121992 -0.244055 0.051389001
v 0.26445201 -0.24637 0.068092003
v 0.267598003 -0.244196 0.067239999
v 0.26445499 -0.23221999 0.067461997
v 0.26483801 -0.235265 0.068645998
v 0.259555012 -0.224822 0.065668001
v 0.259398996 -0.22773799 0.067989997
v 0.252355009 -0.236509 0.086925
v 0.255737006 -0.23384701 0.084803998
v 0.249919995 -0.22584701 0.082864999
v 0.246111005 -0.228535 0.085993997
v 0.236218005 -0.219533 0.077131003
v 0.238716006 -0.21746901 0.071956999
v 0.263861 -0.23548201 0.070649996
v 0.264631003 -0.23607001 0.073385998
v 0.264880001 -0.244674 0.073230996
v 0.263711988 -0.246032 0.069957003
v 0.258363008 -0.24398001 0.084751002
v 0.252808988 -0.24716599 0.085270002
v 0.260930985 -0.231511 0.049401
v 0.25534901 -0.224977 0.049492999
v 0.256989985 -0.22707701 0.050246
v 0.262248992 -0.23426101 0.04989
v 0.264174014 -0.24164601 0.049189999
v 0.262596994 -0.245076 0.049819998
v 0.250351011 -0.234484 0.087264999
v 0.25088799 -0.235425 0.087849997
v 0.251879006 -0.244607 0.088256999
v 0.250786989 -0.247284 0.086833
v 0.41888085 0.144993707 0.047542624
v 0.417160093 0.148294508 0.053885981
v 0.414793044 0.145971953 0.055088866
v 0.417214363 0.141400054 0.047243803
v 0.414226442 0.174319893 0.056990094
v 0.411154389 0.156233191 0.060868382
v 0.415379047 0.154841408 0.058422382
v 0.418119162 0.171917587 0.056010779
v 0.421648979 0.142653822 0.040023386
v 0.422302365 0.137373447 0.039305444
v 0.426946401 0.135966941 0.03452108
v 0.424601763 0.142563581 0.03397246
v 0.430180311 0.181296929 0.027268711
v 0.431652754 0.174221411 0.019971065
v 0.433803588 0.173899024 0.016715185
v 0.431753277 0.184697166 0.024885112
v 0.494148522 0.117956832 0.009577779
v 0.492205828 0.123142033 0.012536236
v 0.487761169 0.122136242 0.014779062
v 0.489843606 0.118507467 0.013527184
v 0.478018283 0.115397512 0.020939927
v 0.477768898 0.116373129 0.02103883
v 0.473721355 0.116584092 0.02382813
v 0.249460995 -0.218058 0.056616999
v 0.249939993 -0.21853501 0.062573999
v 0.260250985 -0.22342999 0.063233003
v 0.259236007 -0.22334 0.057108998
v 0.243067994 -0.22167701 0.042759999
v 0.236615002 -0.219098 0.043239999
v 0.239828005 -0.21832401 0.047191999
v 0.246886998 -0.22040901 0.048569001
v 0.204403996 -0.239729 0.079620003
v 0.200196996 -0.232656 0.078551001
v 0.238135993 -0.227842 0.090852998
v 0.242809996 -0.226862 0.087586
v 0.250578999 -0.220241 0.053775999
v 0.259557008 -0.225223 0.055045999
v 0.257068008 -0.22651701 0.051573999
v 0.251139998 -0.221554 0.051095999
v 0.251024007 -0.221009 0.070183001
v 0.258848995 -0.226982 0.07214
v 0.258711993 -0.226851 0.069039002
v 0.251870006 -0.221233 0.067888997
v 0.239967003 -0.224187 0.084357999
v 0.239007994 -0.223525 0.084441997
v 0.246345996 -0.227722 0.085482999
v 0.245618 -0.22816101 0.085980996
v 0.361542999 0.194552004 0.074588
v 0.359356999 0.195582002 0.074646003
v 0.365139991 0.201243996 0.081693999
v 0.386979013 0.243612006 0.053603
v 0.369529008 0.206826999 0.07795
v 0.419581025 0.159056857 0.05140835
v 0.422805279 0.168583154 0.048579644
v 0.421708673 0.166022718 0.050252243
v 0.419318974 0.159542694 0.052110306
v 0.419147819 0.151613518 0.047931436
v 0.420106589 0.151263922 0.044425066
v 0.419730395 0.150471121 0.04622678
v 0.418510377 0.150312379 0.049466542
v 0.42514503 0.1506228 0.031555242
v 0.426487922 0.151480585 0.027180541
v 0.425721049 0.152054011 0.028305243
v 0.424606442 0.150386497 0.031998306
v 0.430859684 0.155711054 0.019153339
v 0.433336854 0.149896577 0.020191004
v 0.438096642 0.149126917 0.018366772
v 0.435628205 0.155314102 0.015927961
v 0.429630607 0.170939356 0.022118633
v 0.428405642 0.178149476 0.029830021
v 0.424989819 0.178746953 0.037392504
v 0.422371417 0.174701184 0.044528927
v 0.423740059 0.180906206 0.042809803
v 0.425679057 0.182761505 0.036828734
v 0.420121222 0.170796454 0.052670937
v 0.420791238 0.179067015 0.051413331
v 0.417960584 0.163624823 0.055114265
v 0.419035077 0.149674594 0.04979157
v 0.420550286 0.148361355 0.043259505
v 0.42643392 0.18020603 0.036164887
v 0.42765516 0.185085058 0.035563048
v 0.424394071 0.184069335 0.042282514
v 0.423805385 0.177865237 0.044302377
v -0.30992901 0.058988999 0.025731999
v -0.271602 0.061425 0.027979999
v -0.361395 0.062576003 0.026031
v -0.41871899 0.063689 0.024661999
v -0.451801 0.071254 0.021314999
v -0.46750399 0.080893002 0.015721999
v -0.47336599 0.089708998 0.014006
v -0.490053 0.089580997 0.010754
v 0.025514999 -0.004056 0.074841998
v -0.128803 0.028183 0.091316998
v -0.124755 0.056666001 0.086497001
v 0.204714998 0.057826001 0.085194997
v -0.190651 0.013830999 0.032547999
v 0.407459378 0.100353904 0.036572281
v 0.404396981 0.094797492 0.030877772
v 0.392264604 0.095686987 0.032871611
v 0.418887376 0.080221951 0.010501832
v 0.251100987 0.012899 0.074914
v 0.48685804 0.127475142 0.013475934
v 0.480870574 0.125696972 0.016633305
v 0.42197451 0.131310969 0.040131434
v 0.415438413 0.137121453 0.047309812
v 0.414813906 0.097708433 0.031904507
v 0.428485751 0.0870618 0.021139066
v 0.440354853 0.085650987 0.019961604
v 0.441223532 0.082125581 0.01796692
v 0.424798488 0.084352716 0.020646242
v 0.428097009 0.085078209 0.021245967
v 0.441974073 0.083668395 0.018944412
v 0.430861175 0.085543163 0.021410815
v 0.448950111 0.077984146 0.01070278
v 0.448598653 0.081104941 0.01573291
v 0.405358642 0.086853511 0.023282535
v 0.41059342 0.081103272 0.017767943
v 0.410694778 0.076933145 0.010039255
v 0.448189348 0.074764013 0.005293214
v 0.406683325 0.090141698 0.026769783
v 0.454779326 0.082731932 0.016185276
v 0.432069242 0.086744293 0.02239767
v 0.413982063 0.090963229 0.024247283
v 0.420626878 0.089780926 0.023929756
v 0.434205561 0.085475049 0.021808253
v 0.457947999 0.079331904 0.00549947
v 0.455943852 0.083117723 0.013432831
v 0.467121541 0.085146285 0.009661624
v 0.469970583 0.086468122 0.00969067
v 0.46558842 0.085220113 0.01389727
v 0.462986409 0.084102585 0.013575035
v 0.261943996 0.004958 0.063107997
v -0.039954 -0.01408 0.066173002
v -0.040646 0.008244 0.072200998
v -0.054216 -0.023203 0.081565998
v 0.192993998 -0.031544 0.093374997
v -0.142745 -0.030224 0.094980999
v -0.128489 0.00017 0.095591999
v -0.169071 0.000826 0.085280999
v -0.173847 -0.022455 0.082644
v -0.193378 -0.11212 0.059475
v -0.18487599 -0.08596 0.060206998
v -0.174844 -0.085594 0.045804001
v -0.13635799 -0.135988 0.069747999
v -0.127001 -0.129472 0.060784
v -0.203281 -0.149551 0.059544
v -0.19168299 -0.152762 0.070494003
v -0.188934 -0.145982 0.072385996
v -0.200288 -0.13939901 0.062633998
v -0.170237 -0.146626 0.078409001
v -0.154212 0.071709998 0.075254999
v -0.08941 0.065068997 0.085734002
v 0.378190994 0.239907994 0.080174997
v 0.381269991 0.246530994 0.073813997
v 0.457965344 0.089941769 0.022317573
v 0.463493973 0.088684126 0.019449897
v 0.411034315 0.144255012 0.055627994
v 0.223629996 -0.210482 0.075905002
v 0.232051 -0.20977899 0.063483998
v 0.200996995 -0.213066 0.079772003
v 0.208596006 -0.22192299 0.082956001
v 0.178650006 -0.21191099 0.060263
v 0.185646995 -0.223417 0.059842001
v 0.194617003 -0.213347 0.037889998
v 0.201302006 -0.22244 0.037069
v 0.218080997 -0.204679 0.039181001
v 0.231942996 -0.21025901 0.049380999
v 0.224490001 -0.214109 0.038881
v 0.225003004 -0.218096 0.081389002
v 0.182603001 -0.202392 0.071084
v 0.190035998 -0.118073 0.037209
v 0.154952004 -0.11727 0.058278001
v -0.21092799 0.067731 0.025427
v -0.096696 -0.06603 0.094130002
v -0.086286 -0.035687 0.095799997
v -0.14731599 -0.23858801 0.092299997
v -0.137538 -0.23672 0.088100001
v -0.148972 -0.233712 0.086039997
v -0.157757 -0.23576 0.086814001
v -0.044576 0.143460005 0.022540999
v -0.063734 0.142367005 0.024429
v -0.059239 0.131521001 0.042601998
v 0.210609003 -0.214865 0.033179
v 0.201027005 -0.21297701 0.034655001
v 0.205878004 -0.220744 0.034469001
v 0.214157 -0.221734 0.033551998
v 0.188025996 -0.116299 0.084839999
v -0.174986 -0.055122 0.079704001
v -0.144105 -0.070012 0.090167
v -0.183625 -0.054006 0.057923
v -0.173493 -0.087673 0.075028002
v -0.150713 -0.098069 0.083972998
v -0.181794 -0.109531 0.067446
v -0.20039301 -0.158517 0.060444999
v -0.197163 -0.174895 0.059234
v -0.19885799 -0.17321099 0.051274001
v -0.196409 -0.192167 0.052416998
v -0.19482701 -0.194455 0.061496999
v -0.190248 -0.225804 0.063003003
v -0.190127 -0.225282 0.050406001
v -0.18679801 -0.235432 0.065012
v -0.189082 -0.159922 0.071673996
v -0.187497 -0.174998 0.071235001
v -0.184103 -0.236432 0.070152998
v -0.18074401 -0.23747 0.074220001
v 0.190389007 -0.225086 0.068550996
v -0.11828 -0.23746 0.073637001
v -0.135765 -0.22675399 0.066738002
v -0.151458 -0.23146901 0.083191998
v -0.13312501 -0.241892 0.089547999
v -0.130762 -0.258847 0.090346999
v -0.12177 -0.25624701 0.089446
v -0.121425 -0.237019 0.048881001
v -0.136682 -0.228733 0.045122001
v -0.115431 -0.25878 0.073917999
v -0.110153 -0.256551 0.071953997
v -0.152399 -0.25155199 0.035532999
v -0.159486 -0.23836599 0.034081
v -0.15001801 -0.240556 0.034081
v -0.14524899 -0.25319099 0.035069998
v -0.148562 -0.227512 0.039200998
v -0.136181 -0.22960199 0.042909998
v -0.12209 -0.232933 0.049906998
v -0.114591 -0.25640401 0.053615998
v -0.113887 -0.25524399 0.049731999
v 0.378543227 0.083395287 0.014753213
v 0.375512838 0.087623626 0.027821382
v 0.368030011 0.085288979 0.032951004
v 0.370700985 0.078974001 0.018140999
v 0.37471646 0.093267232 0.039100773
v 0.375347822 0.099771417 0.049094859
v 0.370278 0.098483003 0.053927
v 0.367821991 0.090586982 0.044077001
v 0.394993186 0.172221526 0.064576178
v 0.397184968 0.186277151 0.054719347
v 0.385080993 0.193734005 0.055812001
v 0.380818992 0.180548995 0.063097
v 0.401794999 0.202564001 0.037682
v 0.406562 0.207054004 0.026194
v 0.388924986 0.22213 0.025769
v 0.389320999 0.217970997 0.036559
v 0.378188937 0.107788652 0.056146632
v 0.369639992 0.111212998 0.062454
v 0.450047999 0.143515005 0.016322
v 0.444240003 0.142397001 0.019596999
v 0.451496988 0.137541994 0.020323
v 0.457554996 0.139290005 0.016699999
v 0.43374753 0.134053885 0.03107807
v 0.440062999 0.132983997 0.027901999
v 0.432137757 0.141068756 0.026252552
v 0.428206235 0.141244903 0.02986845
v 0.458658993 0.143554002 0.012424999
v 0.45314601 0.147917002 0.011634999
v 0.431861013 0.127284005 0.034804999
v 0.454657018 0.085097014 0.016721276
v 0.454756468 0.083609618 0.016614256
v 0.466753929 0.084983006 0.006808299
v 0.462101459 0.083264723 0.012249949
v 0.458515912 0.08402732 0.012606654
v 0.464115887 0.084765695 0.007911551
v 0.453342229 0.085968844 0.014454663
v 0.457730621 0.08584506 0.007999677
v 0.449068993 0.085865981 0.017523858
v 0.459144741 0.084967896 0.014098923
v 0.464154362 0.086517751 0.009002925
v 0.453223556 0.085529089 0.017449965
v 0.442225962 0.085421741 0.020080084
v 0.404729306 0.09039054 0.026206644
v 0.417067915 0.089299097 0.02462116
v 0.448328346 0.083760522 0.017871385
v 0.455634951 0.083621487 0.01525023
v 0.45490691 0.083285704 0.0158578
v 0.446859389 0.083633028 0.018599178
v 0.41463688 0.094370514 0.029310947
v 0.408264637 0.095515705 0.031258445
v 0.409324854 0.093169435 0.02868225
v 0.473451644 0.08914823 0.001979993
v 0.473795294 0.088404826 0.002069596
v 0.469846099 0.086127765 0.006258369
v 0.439544737 0.084402173 0.021295895
v 0.439801126 0.084148936 0.020720284
v 0.428278237 0.087886527 0.025374867
v 0.430581539 0.086017489 0.024362685
v 0.465615868 0.084384322 0.0095465
v 0.461937725 0.083556562 0.012512425
v 0.461404979 0.083610639 0.012004456
v 0.466238915 0.085227876 0.008702833
v 0.475219398 0.089296996 0.001436876
v 0.472419321 0.087443754 0.005134396
v 0.44002369 0.085220821 0.022392237
v 0.427631795 0.090142093 0.027532922
v 0.404901117 0.092597819 0.028258405
v 0.407409757 0.092308111 0.028122641
v 0.411135435 0.092287182 0.026724392
v 0.444159776 0.084800086 0.019330248
v 0.455192863 0.084726028 0.016269128
v 0.467097193 0.085649818 0.007294971
v 0.469815403 0.089806743 0.008681059
v 0.471973121 0.090685166 0.005024865
v 0.472897827 0.090183101 0.002768569
v 0.470338761 0.088594004 0.0059372
v 0.455894231 0.084674388 0.015718894
v 0.448711723 0.084694564 0.017980815
v 0.448911935 0.086574547 0.018740307
v 0.456505775 0.085940942 0.01628845
v 0.410078346 0.09523344 0.028321089
v 0.418038427 0.091768436 0.025926183
v 0.40979442 0.092613078 0.027817703
v 0.46571356 0.087358951 0.011632238
v 0.466551393 0.086120754 0.009292782
v 0.428745955 0.089080169 0.021965652
v 0.430358797 0.08688917 0.023045992
v 0.461605787 0.085479117 0.01352551
v 0.461752593 0.08427874 0.012371575
v 0.408557593 0.092186309 0.026660423
v 0.276701986 0.027955999 0.05841
v 0.337368011 0.049029 0.028581999
v 0.364378005 0.075626999 0.023093
v 0.361050009 0.075003996 0.02373
v 0.278623998 -0.009633 0.025413999
v 0.272085011 -0.003199 0.045474
v 0.138850003 0.080239996 0.077808
v 0.191733002 -0.23032799 0.050677001
v 0.198513001 -0.23824 0.050567001
v 0.177597001 -0.202206 0.066927
v 0.184273004 -0.21312501 0.067726001
v -0.200683 -0.12588701 0.055950999
v -0.14486 -0.14300001 0.046422001
v -0.162028 -0.144637 0.036141
v -0.180691 -0.144609 0.036173
v -0.196096 -0.16998801 0.045533001
v 0.399246126 0.14988476 0.062001351
v 0.395760238 0.137890726 0.060127969
v 0.4045448 0.159986972 0.063137814
v 0.475044131 0.088924154 0.005436439
v 0.430517464 0.094809293 0.02725088
v 0.442458331 0.08702372 0.023982008
v 0.44761452 0.095149003 0.026694314
v 0.4353832 0.105684891 0.030802989
v 0.471434414 0.086702279 0.011749321
v 0.46776089 0.085986144 0.015203065
v 0.443801999 0.148704007 0.015961
v 0.438890874 0.156519249 0.013810728
v 0.44729799 0.152575001 0.011447999
v 0.442445933 0.159134566 0.009550511
v 0.4353109 0.174732506 0.012544656
v 0.43038994 0.187872454 0.019149979
v 0.426392257 0.189788043 0.033825717
v 0.419899135 0.195458993 0.025713207
v 0.414703637 0.19319649 0.036663569
v 0.422561228 0.188424691 0.040412284
v 0.406734347 0.180488035 0.055221155
v 0.441513001 0.125414997 0.031459
v 0.448478013 0.127012997 0.028284
v 0.46580699 0.134176999 0.017497999
v 0.466618001 0.138036996 0.01338
v 0.470925003 0.139898002 0.008375
v 0.462128013 0.145657002 0.006831999
v 0.482080608 0.103633217 0.012932395
v 0.484517544 0.102612204 0.008382794
v 0.433409452 0.164286091 0.014797209
v 0.429841429 0.16351816 0.01883961
v 0.454852014 0.150294005 0.006647
v 0.450204014 0.154002994 0.006176999
v 0.436255127 0.165107175 0.012444036
v 0.438718706 0.164070472 0.009673879
v 0.441653668 0.163077175 0.005238454
v 0.427772522 0.172672212 0.025994978
v 0.428068459 0.164400726 0.024357847
v 0.428862959 0.162611261 0.021596178
v 0.428388714 0.171220317 0.025555826
v 0.427074253 0.1479346 0.026738077
v 0.425980716 0.146939307 0.030495496
v 0.427956372 0.176394447 0.030237902
v 0.427005976 0.176887676 0.030843704
v 0.428904533 0.171071425 0.023557338
v 0.419795751 0.151034846 0.047084506
v 0.418544471 0.153936862 0.050355777
v 0.418587505 0.154730692 0.051400441
v 0.428894132 0.156712487 0.02180366
v 0.42967087 0.156454443 0.020409273
v 0.429362207 0.163597658 0.020190989
v 0.426182627 0.178389549 0.036123041
v 0.4680835 0.127692475 0.021458951
v 0.473165541 0.129244685 0.018333837
v 0.459423989 0.132820993 0.020961999
v 0.454789996 0.120733998 0.029596999
v 0.458680987 0.123948 0.026997
v 0.451465994 0.128525003 0.026287
v 0.475777506 0.132042989 0.014396108
v 0.438888281 0.087126761 0.021020496
v 0.439950853 0.084998473 0.020345438
v 0.497139066 0.116286806 0.004858692
v 0.497383564 0.122964561 0.008286355
v 0.480655074 0.134750783 0.008128766
v 0.490521431 0.129900038 0.007629661
v 0.409422993 0.207291007 0.012873
v 0.390356987 0.219494998 0.01379
v 0.445689231 0.158846944 0.005011979
v 0.4234187 0.194327876 0.013386914
v 0.424285292 0.148380577 0.034339841
v 0.422713577 0.149091452 0.038540504
v 0.423139482 0.147239208 0.037206523
v 0.424539744 0.147129863 0.033780776
v 0.473097592 0.087499842 0.012813569
v 0.388098001 0.205809995 0.046388998
v 0.399412006 0.194740995 0.047194
v 0.46810162 0.097422324 0.02292128
v 0.469717949 0.09039554 0.016915373
v 0.474779844 0.098700694 0.019165404
v 0.471452146 0.102031871 0.024224169
v 0.463672936 0.100587807 0.026569483
v 0.455002069 0.105252578 0.029988557
v 0.466757595 0.105913847 0.028023146
v 0.458130002 0.111254997 0.031052999
v 0.480329453 0.100500926 0.013855016
v 0.47855851 0.103138096 0.01808401
v 0.477324187 0.097189977 0.014773022
v 0.374121993 0.258457005 0.058061998
v 0.418641388 0.185686051 0.047879725
v 0.409707516 0.188596785 0.04703385
v 0.422357529 0.169166594 0.049349464
v 0.419123172 0.161703854 0.05309866
v 0.421221166 0.150519251 0.043102625
v 0.425436019 0.148874461 0.030746759
v 0.426516324 0.150928452 0.02675536
v 0.424373894 0.176287844 0.042078726
v 0.427462488 0.157300457 0.024296488
v 0.427329331 0.154670313 0.024092877
v 0.429827898 0.152863383 0.021699432
v 0.427210897 0.179635137 0.031092964
v 0.418121963 0.153313934 0.051351271
v 0.423541992 0.15061362 0.035995233
v 0.42394334 0.150540158 0.035661164
v 0.421354532 0.158998414 0.048715226
v 0.424004197 0.166138321 0.04365006
v 0.42777279 0.174577578 0.029576899
v 0.426740884 0.179789871 0.033668894
v 0.428114086 0.160376489 0.026689184
v 0.427527517 0.157550171 0.027856079
v 0.425495266 0.152142196 0.03079468
v 0.424915731 0.151454836 0.033053673
v 0.425188422 0.157361224 0.036088183
v 0.420466542 0.151948005 0.04557849
v 0.421911329 0.150945574 0.041078906
v 0.422612845 0.154216036 0.042882088
v 0.419230103 0.152413114 0.048743043
v 0.418920666 0.155409708 0.050717167
v 0.426359266 0.154338777 0.029726136
v 0.426013827 0.152447849 0.02683134
v 0.427947282 0.164844781 0.029453745
v 0.425668686 0.181845724 0.037707258
v 0.425719738 0.17485173 0.037978831
v 0.362064987 0.192875996 0.06193
v 0.368934989 0.201159 0.054480999
v 0.374648004 0.202411994 0.050641
v 0.375591993 0.195676997 0.057562999
v 0.370041012 0.178026005 0.066556997
v 0.364259004 0.172499001 0.070629999
v 0.362323999 0.177967995 0.069421
v -0.15367299 -0.23185199 0.035385999
v -0.16474 -0.22742601 0.034435998
v -0.49603501 0.107707001 0.004143
v -0.496793 0.101892001 0.008488999
v -0.49791601 0.096202999 0.006481
v 0.445865005 0.137029007 0.022887999
v 0.454452008 0.130850002 0.023780999
v 0.475542306 0.12482436 0.020085331
v 0.463350176 0.126058414 0.024363897
v 0.476880192 0.090290367 0.000851874
v -0.164648 -0.175419 0.036614999
v -0.18206701 -0.172519 0.038178
v -0.1785 -0.227185 0.038633998
v -0.192415 -0.212419 0.062125001
v -0.193324 -0.209571 0.051385998
v 0.241337001 -0.215847 0.060323
v 0.241534993 -0.21657 0.054025001
v 0.200601995 -0.22960401 0.040738001
v 0.214660003 -0.22135399 0.084278002
v 0.218679994 -0.224673 0.086067996
v 0.238854005 -0.21732099 0.048521
v 0.235389992 -0.219061 0.042727999
v -0.113528 -0.25603899 0.081082999
v -0.108885 -0.254567 0.060373999
v -0.133652 -0.255308 0.094392001
v 0.345844 0.231217995 0.018605999
v 0.207938 -0.204734 0.033698998
v 0.230020001 -0.22150201 0.037572998
v 0.219137996 -0.223528 0.033732999
v 0.216272994 -0.214348 0.034944001
v 0.337215006 0.180193007 0.071249
v 0.324671 0.231028005 0.021377999
v 0.353204011 0.110177002 0.069237001
v 0.352645009 0.130760997 0.072748996
v 0.340858995 0.128736004 0.074947997
v 0.344092994 0.107357002 0.069844998
v 0.364531993 0.081715002 0.036749001
v 0.358460992 0.081866003 0.037861
v 0.361366987 0.087361 0.049224998
v 0.361384987 0.096680998 0.057959001
v 0.352921009 0.097410999 0.058782998
v 0.358177006 0.087688997 0.047205001
v 0.36008799 0.126157 0.071138002
v 0.361887008 0.140578001 0.072802998
v 0.350511014 0.148977994 0.072729997
v 0.362275987 0.111474998 0.066381
v 0.352595001 0.161073997 0.072516001
v 0.352952003 0.077321998 0.044068001
v 0.355435013 0.068961001 0.024398
v 0.340627014 0.096629001 0.062472
v 0.347663998 0.086167998 0.054815001
v 0.340135991 0.153449997 0.075410001
v -0.121459 -0.102053 0.038805998
v -0.151482 -0.098209 0.03446
v 0.431969493 0.150507912 0.021182656
v 0.417855054 0.154197618 0.053814008
v 0.426990091 0.150827661 0.025977769
v 0.435707807 0.141149327 0.024190034
v 0.429140597 0.145435944 0.024967892
v 0.444586992 0.134142994 0.025183999
v 0.466708093 0.119998514 0.02638423
v 0.472078323 0.122061483 0.023038765
v 0.211199998 -0.212455 0.080622002
v 0.483470082 0.100300982 0.00828602
v 0.483915269 0.100179262 0.002810217
v 0.485792696 0.11790198 0.015269957
v 0.440982997 0.115060001 0.033844001
v 0.47862944 0.09248124 0.001032951
v 0.4816612 0.116647623 0.017965482
v 0.481445372 0.1148303 0.018062209
v 0.462016433 0.116930052 0.028819158
v 0.48180139 0.121244125 0.017530605
v 0.448635011 0.118203997 0.032016001
v 0.473884791 0.106452159 0.023691605
v 0.469477921 0.11277353 0.026649324
v 0.477329433 0.091218389 0.006711322
v 0.422298789 0.150842383 0.040482863
v 0.429386317 0.150057926 0.022082084
v 0.431948572 0.147466406 0.021322537
v 0.42760387 0.148785322 0.025421278
v 0.430238187 0.14524959 0.023956537
v 0.42850089 0.150214076 0.023886246
v 0.437711179 0.143086269 0.021575216
v 0.242436006 -0.234225 0.093492999
v 0.249022007 -0.23442601 0.089028
v 0.252261996 -0.219841 0.065180003
v 0.254530012 -0.222422 0.067124001
v 0.241928994 -0.22227401 0.080964997
v 0.241302996 -0.224324 0.083640001
v 0.249593004 -0.22075599 0.050190001
v 0.251545012 -0.222213 0.050128001
v 0.266303986 -0.231897 0.066230997
v 0.267082005 -0.230563 0.058963999
v 0.245704993 -0.21921 0.072834
v 0.241575002 -0.22064599 0.077979996
v -0.13079 -0.25503099 0.036334
v -0.138258 -0.25437099 0.035436
v -0.163633 -0.25017601 0.037866998
v -0.173364 -0.23543 0.037177
v 0.222855001 -0.229609 0.033860001
v 0.232795998 -0.23134699 0.033617999
v -0.16786399 -0.25149301 0.082612
v -0.164483 -0.253396 0.085015997
v -0.17720699 -0.251329 0.060256999
v -0.17839999 -0.249569 0.065947003
v -0.17645501 -0.24890199 0.073940999
v -0.17407501 -0.24863499 0.077550001
v -0.18758 -0.235119 0.053348999
v -0.165049 -0.114483 0.080259002
v -0.043137 0.034627001 0.074179001
v -0.057437 0.113034002 0.060559
v -0.155176 -0.13584299 0.077854998
v -0.18965 -0.129676 0.068092003
v -0.17738201 -0.13667899 0.078276999
v 0.427419304 0.153542801 0.023536641
v 0.426616609 0.152832299 0.025473328
v 0.371708005 0.245253995 0.084711998
v 0.26357299 -0.244884 0.081996999
v 0.265926003 -0.244931 0.076380997
v 0.264039993 -0.24312299 0.046201001
v 0.257977008 -0.241699 0.040070001
v 0.245214 -0.243104 0.093290001
v 0.250716 -0.243448 0.089729003
v 0.270366996 -0.24316999 0.066412001
v 0.269950985 -0.24310499 0.058272
v -0.120159 -0.25399801 0.039576999
v -0.14362399 -0.25598201 0.095320999
v 0.477996915 0.119028031 0.020423792
v 0.375903993 0.248625993 0.084127001
v 0.378286004 0.245478004 0.081427998
v 0.378102988 0.242131993 0.080990001
v 0.236218005 -0.22207101 0.082304
v 0.235529005 -0.222023 0.082742996
v 0.247725993 -0.219364 0.066517002
v 0.246059 -0.219041 0.067584
v 0.239473 -0.21599799 0.052604001
v 0.241336002 -0.21700899 0.052085999
v 0.241328999 -0.217849 0.049414999
v 0.230119004 -0.21694399 0.077653996
v 0.230636999 -0.220571 0.082151003
v 0.234487995 -0.220521 0.079882003
v 0.234663993 -0.22931901 0.092169001
v 0.227828994 -0.227052 0.089659996
v 0.236282005 -0.216305 0.070136003
v 0.237983003 -0.215464 0.063971996
v 0.240193992 -0.21735799 0.067895002
v 0.242098003 -0.217189 0.063919998
v 0.222596004 -0.239159 0.034247998
v 0.232246995 -0.241024 0.033930998
v 0.243661999 -0.233698 0.034458
v 0.242603004 -0.24302199 0.034961998
v 0.246866002 -0.21957301 0.051430001
v 0.247017994 -0.21998 0.050629999
v 0.253426998 -0.232914 0.037909999
v 0.253053993 -0.2419 0.037214998
v 0.242792993 -0.22441 0.039367999
v 0.249081 -0.22656301 0.039696998
v 0.205638006 -0.23767801 0.041602999
v 0.236016005 -0.220915 0.040603
v 0.233052998 -0.245873 0.037925999
v 0.243239 -0.24647 0.037817999
v 0.207247003 -0.244698 0.078354999
v 0.211348995 -0.244563 0.082033
v 0.216134995 -0.244341 0.039879001
v 0.21141 -0.238286 0.037870999
v 0.224309995 -0.245046 0.037549998
v 0.234366998 -0.24706499 0.092515997
v 0.234265998 -0.245897 0.093319997
v 0.231515005 -0.246373 0.092712
v 0.231658995 -0.248146 0.090805001
v 0.260152012 -0.247812 0.053775001
v 0.264793008 -0.247199 0.056370001
v 0.264777988 -0.247724 0.065903998
v 0.260886013 -0.249053 0.066561996
v 0.267883002 -0.24753 0.059576999
v 0.267114013 -0.247467 0.064406
v 0.263518989 -0.247526 0.073698997
v 0.260396987 -0.248944 0.071163997
v 0.250292003 -0.24923199 0.083163
v 0.256164014 -0.247722 0.083397001
v 0.260735988 -0.247659 0.081418998
v 0.263900995 -0.247811 0.076765999
v 0.244091004 -0.24577101 0.093047998
v 0.250007003 -0.246002 0.089681997
v 0.206917002 -0.24571501 0.050078999
v 0.204412996 -0.246635 0.060738001
v 0.209648996 -0.24398801 0.043480999
v 0.204493999 -0.245608 0.070629999
v 0.25761199 -0.245067 0.041811
v 0.261830002 -0.24557 0.047442998
v 0.216536998 -0.245649 0.085427999
v 0.226445004 -0.24696 0.090207003
v 0.242645993 -0.247602 0.092150002
v 0.238721996 -0.24526 0.093799002
v 0.238299995 -0.246602 0.093255996
v 0.253766 -0.245188 0.039296001
v 0.220155 -0.249621 0.056979
v 0.217859998 -0.24907599 0.055362001
v 0.218327999 -0.248079 0.049460999
v 0.220098003 -0.248962 0.051849
v 0.221423 -0.24773601 0.046261999
v 0.221348002 -0.24695 0.044334001
v 0.226031005 -0.24732301 0.043134998
v 0.226678997 -0.246617 0.041255999
v 0.229978993 -0.246962 0.042477
v 0.231122002 -0.246595 0.041388001
v 0.234056994 -0.24731 0.044048
v 0.236537993 -0.24702001 0.042311999
v 0.237404003 -0.24771699 0.046888999
v 0.238873004 -0.247695 0.046388998
v 0.239059001 -0.248716 0.051197998
v 0.240308001 -0.248207 0.050586
v 0.244068995 -0.249713 0.054779
v 0.245361998 -0.24914999 0.054304998
v 0.247758001 -0.25018099 0.059911001
v 0.249448999 -0.25027299 0.059500999
v 0.249644994 -0.249569 0.063345998
v 0.247975006 -0.249588 0.063855998
v 0.249322995 -0.25016001 0.070280998
v 0.247061997 -0.25030899 0.070754997
v 0.246860995 -0.249815 0.067282997
v 0.249463006 -0.249312 0.066877
v 0.241281002 -0.25019601 0.077620998
v 0.244576007 -0.25036201 0.073913998
v 0.246279999 -0.250514 0.07479
v 0.241229996 -0.250267 0.079242996
v 0.235329002 -0.24992099 0.079787999
v 0.234786003 -0.25006801 0.081311002
v 0.232111007 -0.250227 0.083292
v 0.232107996 -0.25023299 0.084429003
v 0.228419005 -0.24978 0.085597999
v 0.228276997 -0.249467 0.086914002
v 0.224786996 -0.248805 0.086130999
v 0.223530992 -0.24808 0.086676999
v 0.221077993 -0.247962 0.084017001
v 0.219053 -0.247308 0.084074996
v 0.217770993 -0.24742 0.080324001
v 0.215259 -0.246673 0.080032996
v 0.217611998 -0.24773601 0.074869997
v 0.214355006 -0.247877 0.073849998
v 0.215180993 -0.249026 0.068006999
v 0.218339994 -0.24924999 0.068540997
v 0.215008005 -0.24897601 0.061106
v 0.217323005 -0.249312 0.062320001
v 0.232906997 -0.250296 0.085831001
v 0.231822997 -0.24956 0.088192999
v 0.230788007 -0.249494 0.088087998
v 0.232424005 -0.25021401 0.085303999
v 0.235906004 -0.250586 0.083796002
v 0.236028999 -0.25048599 0.082929
v 0.241348996 -0.250485 0.083512999
v 0.242474004 -0.25070101 0.082511998
v 0.24616 -0.25051901 0.086034998
v 0.247485995 -0.249513 0.085574999
v 0.246317997 -0.249377 0.089309997
v 0.247155994 -0.247742 0.089492
v 0.243119001 -0.248265 0.091252997
v 0.239501997 -0.248183 0.092087
v 0.235467001 -0.248041 0.091845996
v 0.232566997 -0.24862701 0.090452
v 0.249945998 -0.250902 0.072939001
v 0.248600006 -0.25084499 0.076040998
v 0.247895002 -0.25069299 0.075772002
v 0.249742001 -0.25069699 0.07231
v 0.254209995 -0.250606 0.071332998
v 0.254058003 -0.250292 0.070385001
v 0.258632987 -0.249974 0.071906
v 0.257946014 -0.250339 0.072595998
v 0.260933011 -0.249633 0.074804998
v 0.262800008 -0.249258 0.074730001
v 0.261824011 -0.249255 0.077549003
v 0.262158006 -0.248464 0.078987002
v 0.260329008 -0.249033 0.080112002
v 0.260383993 -0.24842501 0.081027999
v 0.25634101 -0.249301 0.081649996
v 0.256763994 -0.248556 0.082419
v 0.251545012 -0.249789 0.081546001
v 0.251561999 -0.249993 0.080888003
v 0.248817995 -0.25059599 0.079040996
v 0.248294994 -0.250476 0.079177998
v 0.253942012 -0.25008401 0.056164
v 0.252689987 -0.25073799 0.059078998
v 0.251946985 -0.250521 0.058504
v 0.252912014 -0.249383 0.054728001
v 0.257990002 -0.249456 0.055126998
v 0.262944996 -0.24852601 0.056444
v 0.26592499 -0.24829 0.058887001
v 0.266039013 -0.24857301 0.063446
v 0.263482987 -0.248983 0.065162003
v 0.256193995 -0.25018501 0.065009996
v 0.259948998 -0.249597 0.065649002
v 0.254896998 -0.25006199 0.065199002
v 0.253241986 -0.25054201 0.062604002
v 0.251924991 -0.250404 0.061964001
v 0.243957996 -0.248758 0.04109
v 0.241441994 -0.248339 0.044091001
v 0.240899995 -0.248051 0.043864999
v 0.244521006 -0.248493 0.040571
v 0.249589994 -0.248401 0.040732
v 0.251545012 -0.247596 0.040941998
v 0.254835009 -0.247885 0.043299999
v 0.256821006 -0.24685401 0.043751001
v 0.25673899 -0.248362 0.046491
v 0.258143991 -0.247612 0.046624999
v 0.247776001 -0.24900199 0.049768999
v 0.252184003 -0.24891099 0.049743998
v 0.252012997 -0.249025 0.050358999
v 0.247358992 -0.248871 0.050654001
v 0.244012996 -0.248749 0.048769
v 0.243101 -0.24836899 0.049095999
v 0.241567999 -0.24846201 0.046663001
v 0.240795999 -0.248107 0.046526998
v 0.25494799 -0.250581 0.057303998
v 0.254563987 -0.25100201 0.059999998
v 0.258092999 -0.25016201 0.056618001
v 0.26128 -0.249687 0.056956999
v 0.263907998 -0.249277 0.058600001
v 0.264319986 -0.249772 0.062068
v 0.262847006 -0.24966399 0.063824996
v 0.257373988 -0.25055 0.063928
v 0.260643005 -0.24988601 0.064621999
v 0.255558997 -0.25094301 0.06219
v 0.244647994 -0.24909601 0.042119
v 0.243591994 -0.24906801 0.044580999
v 0.248576 -0.24909399 0.041896998
v 0.252429992 -0.24874 0.043701
v 0.254173994 -0.248798 0.045306
v 0.255694985 -0.248771 0.048838
v 0.253912001 -0.24969301 0.047440998
v 0.251489996 -0.249312 0.048539001
v 0.248450994 -0.24942701 0.048781
v 0.245675995 -0.24938799 0.047777999
v 0.243946 -0.249107 0.046624999
v 0.251102 -0.25121701 0.074081003
v 0.250272005 -0.25106901 0.076394997
v 0.253899991 -0.25107801 0.072846002
v 0.25733301 -0.25074801 0.073347002
v 0.259544998 -0.25034499 0.075067997
v 0.26021099 -0.25010401 0.076728001
v 0.25940001 -0.250036 0.078849002
v 0.25663501 -0.25016001 0.080219
v 0.253136009 -0.25029299 0.079984001
v 0.251078009 -0.25078401 0.078328996
v 0.234986007 -0.250467 0.086609996
v 0.234355002 -0.249955 0.088276997
v 0.236894995 -0.25080201 0.085257001
v 0.240953996 -0.2511 0.084532
v 0.243993997 -0.250449 0.086432002
v 0.244734004 -0.24928699 0.08867
v 0.242612004 -0.24920499 0.090294003
v 0.240098998 -0.249042 0.091038003
v 0.237398996 -0.249391 0.090576998
v 0.235296994 -0.249569 0.089590996
v 0.259348005 -0.25113899 0.060373
v 0.255369991 -0.251349 0.076493002
v 0.248572006 -0.24991 0.045233998
v 0.239584997 -0.25044999 0.088523998
v 0.212734997 -0.234303 0.036021001
v 0.215662002 -0.23335201 0.034853
v 0.210719004 -0.23664699 0.037742998
v 0.206318005 -0.235541 0.039487998
v 0.202852994 -0.23151 0.039797999
v 0.202335998 -0.227275 0.038254
v 0.202272996 -0.22539601 0.037443
v 0.20453 -0.225651 0.036102
v 0.205477997 -0.224309 0.035193998
v 0.210357993 -0.22565401 0.034391
v 0.208039 -0.22746301 0.035250999
v 0.211792007 -0.230442 0.035323001
v 0.214076995 -0.229481 0.034708
v 0.204710006 -0.231967 0.038632001
v 0.206324994 -0.234532 0.038894999
v 0.203311994 -0.229486 0.038421001
v 0.204825997 -0.22782899 0.036589
v 0.207874998 -0.22922701 0.035620998
v 0.209730997 -0.230986 0.03548
v 0.211113005 -0.23315001 0.036253001
v 0.207484006 -0.23181801 0.037101
v 0.209028005 -0.235597 0.037865001
v 0.229407995 -0.24367601 0.092913001
v 0.246097996 -0.25027999 0.079640001
v 0.25496301 -0.249861 0.069140002
v 0.256906002 -0.24833 0.049433998
v -0.163571 -0.25736499 0.049773998
v -0.16604701 -0.256255 0.049203001
v -0.16349199 -0.25459599 0.042984999
v -0.161855 -0.25594801 0.043866001
v -0.158299 -0.254125 0.039106998
v -0.157739 -0.25307199 0.037657998
v -0.15244401 -0.25422901 0.03714
v -0.152365 -0.25313801 0.036400001
v -0.14690199 -0.25588301 0.036936998
v -0.146512 -0.25463399 0.036095
v -0.142628 -0.25848401 0.038121998
v -0.14152899 -0.25771499 0.037238001
v -0.140348 -0.26020199 0.042151998
v -0.139258 -0.26023301 0.041886001
v -0.139505 -0.26060101 0.047850001
v -0.13889299 -0.260674 0.047591
v -0.134987 -0.261062 0.053270999
v -0.13380399 -0.260993 0.052873998
v -0.131606 -0.262499 0.059719
v -0.130785 -0.26229301 0.059415999
v -0.131147 -0.26183301 0.063881002
v -0.13251001 -0.26209101 0.064438
v -0.13387001 -0.2622 0.071174003
v -0.135755 -0.26229101 0.071379996
v -0.13421699 -0.26181099 0.067744001
v -0.13262001 -0.261733 0.067603997
v -0.144591 -0.26117399 0.077744998
v -0.13931701 -0.26187301 0.074536003
v -0.137945 -0.26218799 0.074762001
v -0.14459801 -0.26124701 0.078717
v -0.151269 -0.26085001 0.078722998
v -0.15207 -0.260759 0.079873003
v -0.155982 -0.25972801 0.081517003
v -0.157048 -0.259312 0.082850001
v -0.160515 -0.25829199 0.082675002
v -0.162027 -0.256742 0.084005996
v -0.164839 -0.25585201 0.082007996
v -0.166188 -0.25391299 0.082794003
v -0.168651 -0.253528 0.079534001
v -0.169799 -0.25136 0.080209001
v -0.171442 -0.25307101 0.075813002
v -0.173096 -0.25139299 0.075767003
v -0.172144 -0.25496399 0.069531999
v -0.17387 -0.25391799 0.069100998
v -0.17092399 -0.25617799 0.062847003
v -0.168616 -0.25748301 0.063051
v -0.169158 -0.25651601 0.055815
v -0.16585401 -0.25779399 0.056010998
v -0.152853 -0.26077899 0.083247996
v -0.154604 -0.26018801 0.085754998
v -0.155956 -0.259628 0.085591003
v -0.15328801 -0.26058701 0.082803003
v -0.149252 -0.26146701 0.081147
v -0.148625 -0.26127699 0.080825999
v -0.14367899 -0.26212701 0.082076996
v -0.141827 -0.26173899 0.081878997
v -0.138514 -0.26208499 0.086533002
v -0.136649 -0.26181099 0.087247997
v -0.13870899 -0.26108801 0.091310001
v -0.13898399 -0.25927001 0.093373
v -0.143132 -0.25908601 0.093648001
v -0.144098 -0.25733501 0.094646997
v -0.147229 -0.25865501 0.093115001
v -0.14787599 -0.25699699 0.094333998
v -0.151326 -0.25880301 0.091177001
v -0.15276 -0.25715199 0.091650001
v -0.15428901 -0.25919101 0.088646002
v -0.155614 -0.25799999 0.088978998
v -0.133341 -0.262584 0.073247
v -0.135673 -0.26254699 0.075838998
v -0.136317 -0.26247999 0.075386002
v -0.13362899 -0.26246801 0.072613999
v -0.12949701 -0.26186901 0.072333999
v -0.12960801 -0.26160201 0.071249
v -0.124898 -0.260901 0.071837
v -0.125549 -0.26152501 0.073610998
v -0.119843 -0.260768 0.079149
v -0.122823 -0.26130599 0.075939998
v -0.121046 -0.26094699 0.075016997
v -0.118576 -0.260382 0.079864002
v -0.121268 -0.26006201 0.085179999
v -0.122202 -0.26094899 0.083871997
v -0.12721901 -0.26135501 0.085224002
v -0.12714501 -0.26007101 0.086669996
v -0.134084 -0.26190299 0.084320001
v -0.133462 -0.26203299 0.083131
v -0.13641401 -0.26197901 0.079305999
v -0.137704 -0.26175001 0.078924
v -0.124402 -0.261024 0.056683
v -0.126532 -0.262234 0.059287
v -0.12788101 -0.26181599 0.057760998
v -0.124498 -0.260129 0.054799001
v -0.118213 -0.25935 0.055376
v -0.119355 -0.260176 0.056568
v -0.11559 -0.25983801 0.058944001
v -0.114184 -0.25877401 0.058612
v -0.113172 -0.25970101 0.062712997
v -0.11161 -0.25899401 0.063262999
v -0.112609 -0.25963801 0.066748999
v -0.11071 -0.258917 0.067152001
v -0.113595 -0.25950599 0.069608002
v -0.115278 -0.26029599 0.068917997
v -0.124147 -0.26176399 0.067431002
v -0.119654 -0.26119301 0.069219999
v -0.119472 -0.26065499 0.070370003
v -0.126378 -0.26182899 0.067336998
v -0.127119 -0.262696 0.063364997
v -0.128304 -0.26262 0.062460001
v -0.133634 -0.25877199 0.038226001
v -0.136388 -0.25983599 0.039969001
v -0.136888 -0.25934801 0.039161998
v -0.13458399 -0.25761199 0.037149999
v -0.122297 -0.257772 0.041420001
v -0.127335 -0.257788 0.038867998
v -0.12697899 -0.25661901 0.038187
v -0.120807 -0.25653699 0.041662
v -0.117802 -0.257952 0.045832999
v -0.119909 -0.25877899 0.045223001
v -0.130611 -0.261143 0.048808001
v -0.125495 -0.260306 0.049327001
v -0.12592 -0.26019999 0.050243001
v -0.131226 -0.26044399 0.049871001
v -0.135131 -0.26111701 0.046746
v -0.136218 -0.26091099 0.046909
v -0.13727701 -0.26067299 0.043138001
v -0.13757899 -0.26054299 0.043095998
v -0.123119 -0.26167899 0.05852
v -0.12431 -0.26252499 0.060729999
v -0.119358 -0.26083201 0.058419998
v -0.116416 -0.26043999 0.059741001
v -0.114381 -0.26011899 0.062527
v -0.113947 -0.26023901 0.065773002
v -0.115127 -0.26097101 0.067070998
v -0.122035 -0.26224199 0.066137999
v -0.11805 -0.26137 0.067547999
v -0.123899 -0.26266199 0.063960999
v -0.131479 -0.25921801 0.039310999
v -0.13434599 -0.26028499 0.040881
v -0.123538 -0.258991 0.042015001
v -0.12751999 -0.25876901 0.039868
v -0.121857 -0.25953799 0.045387998
v -0.12173 -0.25966001 0.048648998
v -0.123099 -0.26001999 0.047203
v -0.125853 -0.26051 0.047965001
v -0.12954099 -0.26131001 0.047729
v -0.132652 -0.26121399 0.045674998
v -0.13417201 -0.26084 0.043393001
v -0.131923 -0.26279199 0.074877999
v -0.133396 -0.26268399 0.076932996
v -0.128767 -0.26240399 0.074314996
v -0.12577 -0.26198801 0.075131997
v -0.122086 -0.261608 0.079098001
v -0.123526 -0.26187199 0.076961003
v -0.123392 -0.26181 0.082416996
v -0.126386 -0.26230401 0.083103999
v -0.130679 -0.26254001 0.082162
v -0.133123 -0.262528 0.079706996
v -0.15132 -0.26121399 0.084591999
v -0.152348 -0.26082501 0.086404003
v -0.148535 -0.261783 0.082755997
v -0.144454 -0.26233199 0.083100996
v -0.14070299 -0.262512 0.086129002
v -0.140267 -0.262146 0.089152999
v -0.143831 -0.26079601 0.091761
v -0.146869 -0.26012501 0.091952003
v -0.149646 -0.26026699 0.090489
v -0.15149 -0.260548 0.088454
v -0.159676 -0.25766301 0.045559998
v -0.159284 -0.259523 0.051334999
v -0.15747 -0.25627801 0.041574999
v -0.153108 -0.25635201 0.039485
v -0.14864101 -0.25741801 0.039138
v -0.144439 -0.25917599 0.040601998
v -0.142148 -0.260308 0.044427998
v -0.141101 -0.260676 0.049044001
v -0.13781901 -0.26143301 0.054037999
v -0.13574 -0.262409 0.059351
v -0.13621999 -0.262247 0.063289001
v -0.13845401 -0.26199201 0.069100998
v -0.136186 -0.26172501 0.066899001
v -0.145817 -0.26104501 0.074749
v -0.14056601 -0.261924 0.071919001
v -0.151265 -0.26075199 0.075701996
v -0.155313 -0.260144 0.078432999
v -0.159263 -0.25912401 0.079559996
v -0.16310599 -0.25773999 0.079338997
v -0.166868 -0.25621599 0.077527001
v -0.168696 -0.25588301 0.074740998
v -0.168575 -0.256733 0.070633001
v -0.163101 -0.25918999 0.064859002
v -0.161614 -0.25965199 0.057907998
v -0.119071 -0.26221001 0.062986001
v -0.127519 -0.26301101 0.078832998
v -0.12817501 -0.26048499 0.043542999
v -0.146907 -0.26211599 0.087949
v -0.15584999 -0.259103 0.047359999
v -0.155393 -0.260369 0.052391998
v -0.155296 -0.25812301 0.044174999
v -0.153245 -0.25822201 0.042812999
v -0.149519 -0.25867701 0.042305998
v -0.14625899 -0.259648 0.043822001
v -0.144456 -0.26017201 0.046661
v -0.144336 -0.260438 0.051389999
v -0.140394 -0.26118201 0.054728999
v -0.139053 -0.261985 0.059271998
v -0.139787 -0.261724 0.062290001
v -0.14095999 -0.26157501 0.067550003
v -0.139752 -0.261338 0.065371997
v -0.14657301 -0.26106799 0.072010003
v -0.14280599 -0.26172099 0.069383002
v -0.15177099 -0.26055199 0.072540998
v -0.154759 -0.26031101 0.075420998
v -0.15834901 -0.25956601 0.076387003
v -0.16136301 -0.258665 0.075479
v -0.163735 -0.25826299 0.074695996
v -0.164768 -0.25799099 0.073413997
v -0.164937 -0.25827301 0.071087002
v -0.15943301 -0.26003599 0.065926998
v -0.15748399 -0.26085401 0.059431999
v -0.149078 -0.260822 0.062132999
v -0.15059499 -0.26025301 0.047012999
v -0.120967 -0.25938901 0.04935
v -0.165839 -0.241677 0.085539996
v -0.16050699 -0.25532299 0.087407998
v -0.170766 -0.249585 0.080417998
v -0.178425 -0.24886 0.069705002
v -0.177022 -0.25010899 0.053993001
v 0.461549311 0.090581819 0.018466543
v 0.409081071 0.099853418 0.031168352
v 0.418204456 0.099072709 0.027252227
v 0.468372106 0.090256087 0.013781944
v 0.468693912 0.09194199 0.006160538
v 0.445700705 0.090329602 0.020960137
v 0.4378044 0.091565601 0.023271149
v 0.403860837 0.097246982 0.023862376
v 0.405284315 0.101142339 0.031759988
v 0.417303413 0.100773222 0.022529209
v 0.421066761 0.102168902 0.028395993
v 0.454833746 0.097083486 0.020480217
v 0.447257548 0.09632001 0.021621316
v 0.44059813 0.098581187 0.023609878
v 0.441637545 0.099323049 0.017083298
v 0.461682051 0.094082139 0.007038583
v 0.459204673 0.093441024 0.012122559
v 0.441336691 0.107202068 0.01559636
v 0.47817704 0.117461271 0.020664861
v 0.481607347 0.118110626 0.018016137
v 0.224575996 -0.250337 0.054184
v 0.228722006 -0.25141901 0.055902
v 0.229883 -0.25130001 0.058921001
v 0.225351005 -0.25053501 0.058171998
v 0.224975004 -0.24946401 0.049444999
v 0.228604003 -0.25084201 0.053050998
v 0.226741999 -0.248716 0.047035001
v 0.228825002 -0.25024199 0.050914999
v 0.229966998 -0.248504 0.046617001
v 0.230841994 -0.25008801 0.051077999
v 0.232893005 -0.24861699 0.048542998
v 0.232677996 -0.250655 0.053050998
v 0.235642001 -0.24972799 0.051619
v 0.234213993 -0.25112599 0.055263001
v 0.236689999 -0.25080499 0.054471001
v 0.235150992 -0.25139999 0.057897001
v 0.240577995 -0.250781 0.056995999
v 0.237579003 -0.251192 0.059220001
v 0.243559002 -0.25053799 0.060341
v 0.239718005 -0.25085199 0.061691999
v 0.243808999 -0.25025299 0.063629001
v 0.23962 -0.2507 0.063794001
v 0.242933005 -0.25033101 0.069297
v 0.239277005 -0.25034001 0.067832998
v 0.240260005 -0.25030899 0.066030003
v 0.244218006 -0.25 0.066715002
v 0.238894 -0.250036 0.074786998
v 0.236709997 -0.250099 0.071492999
v 0.239359006 -0.25036901 0.069973997
v 0.241831004 -0.25036699 0.071892
v 0.233781993 -0.249322 0.075571999
v 0.233267992 -0.249943 0.071634002
v 0.231561005 -0.24959899 0.079279996
v 0.231294006 -0.249386 0.074009001
v 0.228716 -0.24962001 0.081087
v 0.229142993 -0.249045 0.075731001
v 0.225690007 -0.249111 0.081520997
v 0.227271005 -0.24883001 0.077471002
v 0.222858995 -0.24839801 0.080032996
v 0.225486993 -0.24865 0.076990999
v 0.221549004 -0.248061 0.077235996
v 0.225912004 -0.248869 0.074337996
v 0.221322998 -0.24846201 0.07412
v 0.226598992 -0.249383 0.071924999
v 0.223956003 -0.249487 0.068752996
v 0.228297993 -0.249979 0.068255998
v 0.221098005 -0.249916 0.062890999
v 0.227130994 -0.25062501 0.063542999
v 0.233722001 -0.25099799 0.064575001
v 0.361945003 0.170246005 0.074461996
v 0.360612005 0.166238993 0.072980999
v 0.357798993 0.174276992 0.073303997
v 0.37965396 0.093467228 0.01006819
v 0.443051904 0.084483966 0.018954467
v 0.417611628 0.092021428 0.027084821
v 0.470426768 0.087617829 0.005052047
v 0.419978082 0.089366771 0.02419357
v 0.462236553 0.083576276 0.01234747
v 0.490505784 0.116903953 0.010563681
v 0.487897932 0.104059822 0.003728831
v 0.491718441 0.108930103 0.00402778
v 0.490857034 0.107886679 0.003997939
v 0.488599568 0.105057925 0.003810678
v 0.492595553 0.111935451 0.00677847
v 0.484732359 0.103400126 0.009343091
v 0.482046097 0.103768244 0.013971258
v 0.494290143 0.115003489 0.006615186
v 0.495673418 0.113629967 0.002912542
v 0.490458041 0.107971653 0.004498256
v 0.488194316 0.104955256 0.004382745
v 0.490959614 0.110498368 0.006445915
v 0.490235626 0.112359352 0.009361639
v 0.489075332 0.110965415 0.00993887
v 0.48648855 0.102915279 0.005089976
v 0.486867845 0.112814933 0.012799163
v 0.485637754 0.111434623 0.013245561
v 0.478019416 0.110548175 0.019807551
v 0.480216771 0.107918933 0.017287099
v 0.479201734 0.108852393 0.015872413
v 0.47833985 0.110820189 0.019159626
v 0.487628936 0.105091355 0.00528747
v 0.489098191 0.108129292 0.005990487
v 0.484057843 0.105338379 0.009005231
v 0.483346521 0.104787148 0.008829427
v 0.486151009 0.104638829 0.007233047
v 0.482649177 0.103747367 0.010221689
v 0.486259102 0.110416501 0.01145691
v 0.483749061 0.110390596 0.01397835
v 0.480713158 0.109433636 0.013855963
v 0.481560081 0.106935963 0.012543863
v 0.479933321 0.106338545 0.017356172
v 0.484364986 0.104323133 0.01033524
v 0.486744225 0.116271153 0.014194889
v 0.486027717 0.113715268 0.014387207
v 0.489227175 0.113254934 0.01075549
v 0.47867459 0.113694153 0.020069571
v 0.481365889 0.111985631 0.01722761
v 0.477798968 0.110402688 0.020382151
v 0.478470683 0.111559264 0.018421974
v 0.478462785 0.111820288 0.019598875
v 0.482120007 0.106019184 0.014107527
v 0.488410979 0.109207086 0.008319735
v 0.481228292 0.111049041 0.01667691
v 0.479111731 0.105565875 0.010858368
v 0.480946004 0.106255315 0.01348456
v 0.483123749 0.106164783 0.010291743
v 0.478188872 0.110750287 0.015179169
v 0.491428166 0.110810317 0.006282612
v 0.476279318 0.111811846 0.022155286
v 0.486187279 0.102974347 0.004061415
v 0.479665994 0.106438159 0.017612066
v 0.481943339 0.113723866 0.017192792
v 0.239044994 -0.215179 0.060106001
v 0.238589003 -0.214377 0.055888
v 0.221760004 -0.220728 0.083575002
v 0.218705996 -0.22222 0.084544003
v -0.170224 -0.24544901 0.082547001
v -0.167061 -0.246923 0.084721997
v -0.183642 -0.243071 0.062807001
v -0.18356299 -0.243212 0.058329999
v -0.17948399 -0.23640101 0.041923999
v -0.184048 -0.236479 0.047302998
v -0.185691 -0.23130301 0.047113999
v -0.182445 -0.230948 0.043368998
v -0.14071 -0.220029 0.053011998
v -0.14239401 -0.218573 0.059519
v -0.14907899 -0.216452 0.068479001
v -0.15466499 -0.213734 0.071855001
v -0.152422 -0.206782 0.067901998
v -0.155747 -0.20494799 0.07045
v 0.237158 -0.25105801 0.065347999
v 0.234505996 -0.25141299 0.061308
v 0.233952999 -0.25027999 0.068511001
v 0.237022995 -0.251073 0.062212999
v 0.236614003 -0.25035 0.068288996
v 0.231288999 -0.25141701 0.061613
v 0.231217995 -0.25044 0.067538999
v 0.230343997 -0.25159699 0.064520001
v -0.14619499 -0.26080599 0.057999998
v -0.14981399 -0.26070601 0.067538999
v -0.150867 -0.26114699 0.056106999
v -0.154925 -0.26037201 0.065632
v -0.153354 -0.26094699 0.060534
v -0.14540701 -0.260894 0.066319003
v -0.14507 -0.26074901 0.062904998
v -0.14429399 -0.260876 0.060789998
v -0.158305 -0.25961399 0.070826999
v -0.47468099 0.095188997 0.017417
v -0.474078 0.101823002 0.01499
v -0.47369 0.087668001 0.013623
v -0.47985899 0.105204001 0.011009999
v -0.481105 0.095412001 0.016533
v -0.48147801 0.086926996 0.013507
v -0.17364 -0.244563 0.040973998
v -0.15896501 -0.24908499 0.090383
v -0.153732 -0.24950799 0.093075998
v -0.13042399 -0.24981301 0.091034002
v -0.122785 -0.24170899 0.087709002
v -0.112599 -0.25086299 0.074776999
v -0.109959 -0.242599 0.070277996
v -0.155835 -0.245887 0.034265
v -0.148092 -0.247327 0.03398
v -0.115272 -0.247373 0.050117999
v -0.11471 -0.243366 0.049995001
v -0.115375 -0.241814 0.077523998
v -0.111869 -0.240537 0.058216001
v -0.13504399 -0.243304 0.092165999
v -0.13188501 -0.248748 0.035147998
v -0.140295 -0.248858 0.034246999
v -0.167944 -0.244229 0.037128999
v -0.169027 -0.248999 0.082456
v -0.180758 -0.247118 0.058616001
v -0.176671 -0.244453 0.076880998
v -0.18020201 -0.24307001 0.072525002
v -0.122691 -0.242295 0.040389001
v -0.145395 -0.245428 0.095513001
v -0.163867 -0.248726 0.086810998
v -0.17326 -0.24501701 0.080346003
v -0.182468 -0.243138 0.067827999
v -0.182265 -0.244286 0.053036
v -0.165912 -0.250274 0.084936
v -0.17958701 -0.24399699 0.047120999
v -0.18103901 -0.24690101 0.064507998
v 0.459277927 0.087008208 0.015814252
v 0.453762888 0.087177008 0.018264792
v 0.454550087 0.106977187 0.009277512
v 0.237733006 -0.21748701 0.072112001
v 0.234249994 -0.218353 0.076043002
v 0.233475998 -0.213796 0.069155998
v 0.227892994 -0.21327201 0.075391002
v 0.236535996 -0.216737 0.046381
v 0.235348001 -0.218255 0.043395999
v 0.234740003 -0.214462 0.047777999
v 0.231503993 -0.216383 0.042493
vt 0.498498 0.264721
vt 0.498498 0.250355
vt 0.507528 0.253271
vt 0.489467 0.253271
vt 0.510249 0.264037
vt 0.486746 0.264037
vt 0.679162 0.243359
vt 0.65668 0.246752
vt 0.652437 0.2256
vt 0.317833 0.243359
vt 0.344558 0.2256
vt 0.340316 0.246752
vt 0.669656 0.214245
vt 0.327339 0.214245
vt 0.536996 0.262769
vt 0.537452 0.274645
vt 0.528129 0.275543
vt 0.459999 0.26277
vt 0.468866 0.275543
vt 0.459543 0.274645
vt 0.527297 0.264507
vt 0.469699 0.264507
vt 0.518784 0.263375
vt 0.51624 0.25283
vt 0.525539 0.251643
vt 0.478212 0.263375
vt 0.471456 0.251643
vt 0.480755 0.25283
vt 0.637069 0.254505
vt 0.61586 0.257004
vt 0.613447 0.240503
vt 0.359926 0.254505
vt 0.383548 0.240503
vt 0.381136 0.257004
vt 0.633703 0.233832
vt 0.363292 0.233832
vt 0.540903 0.145176
vt 0.543257 0.15693
vt 0.53333 0.15933
vt 0.456092 0.145176
vt 0.463666 0.159329
vt 0.453738 0.15693
vt 0.5282 0.146706
vt 0.468795 0.146706
vt 0.508345 0.336954
vt 0.498498 0.338838
vt 0.498498 0.329387
vt 0.48865 0.336954
vt 0.510847 0.329092
vt 0.486149 0.329092
vt 0.614844 0.160014
vt 0.595512 0.145939
vt 0.609641 0.128506
vt 0.382151 0.160014
vt 0.387354 0.128506
vt 0.401483 0.145939
vt 0.629884 0.14731
vt 0.367111 0.14731
vt 0.632635 0.374621
vt 0.600924 0.364681
vt 0.60668 0.352216
vt 0.364361 0.374621
vt 0.390315 0.352216
vt 0.396072 0.364681
vt 0.635024 0.363245
vt 0.361971 0.363246
vt 0.581807 0.172732
vt 0.587448 0.161522
vt 0.602972 0.171427
vt 0.415188 0.172732
vt 0.394023 0.171427
vt 0.409547 0.161522
vt 0.593256 0.181622
vt 0.403739 0.181622
vt 0.661985 0.379398
vt 0.657414 0.365646
vt 0.678716 0.365128
vt 0.335011 0.379398
vt 0.31828 0.365129
vt 0.339582 0.365646
vt 0.683192 0.379902
vt 0.313804 0.379903
vt 0.760624 0.432111
vt 0.762057 0.44626
vt 0.741576 0.443484
vt 0.209364 0.481022
vt 0.229038 0.491332
vt 0.208694 0.4952
vt 0.738547 0.431732
vt 0.231424 0.479344
vt 0.769335 0.390699
vt 0.770762 0.402487
vt 0.750024 0.399397
vt 0.197783 0.440835
vt 0.217681 0.447478
vt 0.197348 0.452377
vt 0.75122 0.388248
vt 0.215304 0.436313
vt 0.773554 0.353985
vt 0.770722 0.367582
vt 0.757322 0.357348
vt 0.205406 0.575254
vt 0.216435 0.589043
vt 0.19902 0.58838
vt 0.759558 0.540187
vt 0.750389 0.530394
vt 0.769266 0.525739
vt 0.224758 0.578645
vt 0.744339 0.47143
vt 0.770922 0.470902
vt 0.764677 0.482387
vt 0.22763 0.519475
vt 0.207812 0.531408
vt 0.201037 0.520216
vt 0.743876 0.486868
vt 0.22882 0.534865
vt 0.74057 0.269654
vt 0.751464 0.276767
vt 0.738548 0.287016
vt 0.251089 0.270314
vt 0.258683 0.287108
vt 0.242422 0.28095
vt 0.727358 0.274254
vt 0.265835 0.270704
vt 0.724109 0.229942
vt 0.729869 0.251132
vt 0.707062 0.250672
vt 0.254916 0.225147
vt 0.278673 0.240517
vt 0.25591 0.248279
vt 0.702979 0.228196
vt 0.275585 0.216635
vt 0.879555 0.199439
vt 0.869712 0.209273
vt 0.862343 0.198574
vt 0.08851 0.244387
vt 0.105656 0.237882
vt 0.101694 0.2511
vt 0.875359 0.188209
vt 0.089098 0.23162
vt 0.826161 0.215479
vt 0.824619 0.220339
vt 0.809707 0.210007
vt 0.14764 0.243267
vt 0.162461 0.232474
vt 0.150756 0.247668
vt 0.814285 0.203264
vt 0.15569 0.227145
vt 0.792795 0.179384
vt 0.80403 0.190828
vt 0.796649 0.196037
vt 0.169732 0.196241
vt 0.171149 0.214233
vt 0.162055 0.211339
vt 0.786824 0.182285
vt 0.176663 0.197263
vt 0.863603 0.244666
vt 0.868374 0.246302
vt 0.867761 0.249996
vt 0.119377 0.284743
vt 0.116927 0.291444
vt 0.115114 0.287933
vt 0.862415 0.249413
vt 0.122108 0.289128
vt 0.523021 0.373996
vt 0.513282 0.376365
vt 0.512277 0.366506
vt 0.473975 0.373996
vt 0.484718 0.366506
vt 0.483713 0.376365
vt 0.522251 0.362394
vt 0.474745 0.362394
vt 0.627228 0.415745
vt 0.623199 0.399589
vt 0.656294 0.411115
vt 0.369768 0.415745
vt 0.340702 0.411115
vt 0.373796 0.399589
vt 0.655476 0.425695
vt 0.34152 0.425695
vt 0.702992 0.424763
vt 0.679301 0.427612
vt 0.683833 0.412775
vt 0.294003 0.424764
vt 0.313163 0.412776
vt 0.317694 0.427612
vt 0.702336 0.410383
vt 0.294659 0.410384
vt 0.530647 0.407007
vt 0.512824 0.415609
vt 0.515449 0.401457
vt 0.466349 0.407007
vt 0.481547 0.401457
vt 0.484172 0.415609
vt 0.527094 0.395236
vt 0.469902 0.395237
vt 0.553515 0.430708
vt 0.54732 0.404801
vt 0.557465 0.40432
vt 0.443481 0.430708
vt 0.439531 0.404321
vt 0.449676 0.404801
vt 0.565022 0.433246
vt 0.431974 0.433246
vt 0.634551 0.469334
vt 0.634854 0.442468
vt 0.658694 0.448547
vt 0.362445 0.469334
vt 0.338302 0.448548
vt 0.362142 0.442469
vt 0.661246 0.471967
vt 0.33575 0.471968
vt 0.704844 0.444857
vt 0.707336 0.471777
vt 0.683996 0.47234
vt 0.292151 0.444858
vt 0.313 0.472341
vt 0.28966 0.471778
vt 0.682672 0.44979
vt 0.314324 0.44979
vt 0.600016 0.311994
vt 0.597677 0.296905
vt 0.618689 0.293589
vt 0.396979 0.311994
vt 0.378307 0.293589
vt 0.399318 0.296905
vt 0.622532 0.317191
vt 0.374464 0.317191
vt 0.51903 0.222429
vt 0.518658 0.227135
vt 0.51118 0.227958
vt 0.477965 0.222429
vt 0.485815 0.227958
vt 0.478338 0.227136
vt 0.508402 0.21993
vt 0.488593 0.21993
vt 0.651072 0.324242
vt 0.644207 0.291187
vt 0.664384 0.292512
vt 0.345923 0.324243
vt 0.332612 0.292513
vt 0.352788 0.291187
vt 0.672937 0.319936
vt 0.324059 0.319937
vt 0.882299 0.930874
vt 0.887771 0.923257
vt 0.888616 0.937473
vt 0.150119 0.89247
vt 0.142006 0.89935
vt 0.14495 0.88279
vt 0.886088 0.941503
vt 0.144526 0.904394
vt 0.540379 0.961765
vt 0.535527 0.931532
vt 0.558417 0.933403
vt 0.467093 0.962259
vt 0.448667 0.934145
vt 0.471533 0.93196
vt 0.565725 0.965423
vt 0.441801 0.966263
vt 0.956867 0.66853
vt 0.95288 0.656766
vt 0.960174 0.653302
vt 0.864616 0.649875
vt 0.867583 0.634471
vt 0.872962 0.640561
vt 0.963352 0.660559
vt 0.861769 0.63993
vt 0.713892 0.605074
vt 0.740628 0.627066
vt 0.733748 0.646505
vt 0.291011 0.606434
vt 0.271202 0.647797
vt 0.264329 0.628394
vt 0.707674 0.617416
vt 0.297222 0.618751
vt 0.521224 0.755902
vt 0.524276 0.786282
vt 0.50264 0.777573
vt 0.483867 0.756066
vt 0.481079 0.786477
vt 0.502517 0.749213
vt 0.594469 0.247655
vt 0.589133 0.230315
vt 0.407863 0.230315
vt 0.402526 0.247655
vt 0.604457 0.22194
vt 0.392539 0.22194
vt 0.938971 0.697047
vt 0.941087 0.684523
vt 0.94454 0.68917
vt 0.869588 0.684707
vt 0.86724 0.674787
vt 0.872474 0.671496
vt 0.941178 0.701151
vt 0.865698 0.687849
vt 0.509538 0.181087
vt 0.5096 0.178958
vt 0.519224 0.180695
vt 0.487458 0.181087
vt 0.477771 0.180695
vt 0.487395 0.178958
vt 0.517557 0.185464
vt 0.479438 0.185464
vt 0.533248 0.17875
vt 0.522379 0.174455
vt 0.526148 0.167781
vt 0.463748 0.17875
vt 0.470847 0.167782
vt 0.474616 0.174455
vt 0.539658 0.171913
vt 0.457337 0.171913
vt 0.531274 0.356954
vt 0.528551 0.350899
vt 0.531444 0.346776
vt 0.465722 0.356954
vt 0.465552 0.346776
vt 0.468444 0.350899
vt 0.536246 0.350633
vt 0.46075 0.350633
vt 0.595266 0.389489
vt 0.601415 0.403423
vt 0.578994 0.393643
vt 0.40173 0.38949
vt 0.418002 0.393643
vt 0.395581 0.403423
vt 0.573491 0.384911
vt 0.423505 0.384911
vt 0.589377 0.448093
vt 0.58862 0.414228
vt 0.610109 0.428942
vt 0.407619 0.448093
vt 0.386887 0.428943
vt 0.408375 0.414229
vt 0.60985 0.459547
vt 0.387146 0.459547
vt 0.586188 0.202698
vt 0.573784 0.21208
vt 0.574582 0.201342
vt 0.410807 0.202699
vt 0.422412 0.201342
vt 0.423212 0.21208
vt 0.58434 0.19571
vt 0.412655 0.19571
vt 0.549815 0.315391
vt 0.550942 0.321093
vt 0.540053 0.321682
vt 0.44718 0.315391
vt 0.456943 0.321682
vt 0.446054 0.321092
vt 0.539953 0.315258
vt 0.457042 0.315258
vt 0.9055 0.87553
vt 0.90808 0.883597
vt 0.891802 0.90037
vt 0.130835 0.823006
vt 0.143693 0.854837
vt 0.126567 0.832331
vt 0.88517 0.899701
vt 0.151752 0.85502
vt 0.734425 0.764491
vt 0.71421 0.74549
vt 0.73389 0.718928
vt 0.270668 0.765665
vt 0.271143 0.72013
vt 0.290848 0.746645
vt 0.751438 0.738522
vt 0.253634 0.739729
vt 0.498498 0.181211
vt 0.503019 0.187686
vt 0.493976 0.187686
vt 0.498498 0.18604
vt 0.699197 0.375827
vt 0.700712 0.39243
vt 0.296283 0.39243
vt 0.297799 0.375827
vt 0.683487 0.397434
vt 0.313509 0.397435
vt 0.498498 0.4198
vt 0.498498 0.40766
vt 0.677015 0.336158
vt 0.692136 0.32083
vt 0.31998 0.336159
vt 0.30486 0.32083
vt 0.693538 0.329835
vt 0.303458 0.329835
vt 0.564549 0.109835
vt 0.586851 0.116257
vt 0.578459 0.132221
vt 0.432446 0.109835
vt 0.418536 0.132222
vt 0.410144 0.116257
vt 0.559405 0.133357
vt 0.43759 0.133357
vt 0.712671 0.192869
vt 0.719949 0.209061
vt 0.69248 0.208666
vt 0.254557 0.184248
vt 0.279887 0.193662
vt 0.252419 0.202839
vt 0.690219 0.190208
vt 0.276259 0.174398
vt 0.842503 0.223657
vt 0.133807 0.25677
vt 0.838627 0.231105
vt 0.140115 0.263021
vt 0.775342 0.161827
vt 0.778202 0.159387
vt 0.782749 0.168608
vt 0.181713 0.17305
vt 0.176419 0.182214
vt 0.178065 0.171506
vt 0.779476 0.170923
vt 0.180444 0.183503
vt 0.569349 0.166046
vt 0.575341 0.184035
vt 0.427646 0.166046
vt 0.421654 0.184035
vt 0.560435 0.176177
vt 0.43656 0.176177
vt 0.498498 0.206564
vt 0.498498 0.195488
vt 0.503263 0.199768
vt 0.493733 0.199768
vt 0.505262 0.212263
vt 0.491734 0.212263
vt 0.577714 0.252741
vt 0.563446 0.256854
vt 0.560923 0.242523
vt 0.419282 0.252741
vt 0.436072 0.242523
vt 0.433549 0.256854
vt 0.57435 0.237169
vt 0.422645 0.237169
vt 0.560745 0.352709
vt 0.559216 0.365056
vt 0.542623 0.361331
vt 0.43625 0.352709
vt 0.454373 0.361331
vt 0.43778 0.365056
vt 0.548985 0.347868
vt 0.44801 0.347869
vt 0.560772 0.392462
vt 0.570237 0.404615
vt 0.436224 0.392463
vt 0.426758 0.404615
vt 0.550241 0.390145
vt 0.446755 0.390145
vt 0.575776 0.436895
vt 0.42122 0.436895
vt 0.565266 0.315761
vt 0.583885 0.313452
vt 0.581983 0.318663
vt 0.43173 0.315761
vt 0.415012 0.318663
vt 0.41311 0.313453
vt 0.562761 0.320509
vt 0.434234 0.320509
vt 0.549643 0.198706
vt 0.560029 0.210308
vt 0.543395 0.214753
vt 0.447352 0.198706
vt 0.453601 0.214753
vt 0.436966 0.210308
vt 0.539513 0.203142
vt 0.457483 0.203142
vt 0.709161 0.643509
vt 0.295745 0.644792
vt 0.72527 0.672985
vt 0.279693 0.674232
vt 0.937941 0.622373
vt 0.940693 0.620041
vt 0.944317 0.632886
vt 0.900328 0.614683
vt 0.890308 0.621866
vt 0.89871 0.61145
vt 0.942188 0.635359
vt 0.891298 0.624988
vt 0.627309 0.672196
vt 0.638424 0.651357
vt 0.653395 0.678994
vt 0.377367 0.673262
vt 0.351397 0.680132
vt 0.366222 0.652561
vt 0.646755 0.703029
vt 0.358104 0.704083
vt 0.916588 0.653098
vt 0.926676 0.643471
vt 0.93041 0.645808
vt 0.908047 0.651392
vt 0.898077 0.639267
vt 0.902447 0.638565
vt 0.917639 0.653604
vt 0.906879 0.651452
vt 0.918797 0.620236
vt 0.92501 0.621886
vt 0.924271 0.629362
vt 0.910181 0.626491
vt 0.912432 0.619317
vt 0.917053 0.628789
vt 0.84205 0.177818
vt 0.825874 0.193124
vt 0.816114 0.181929
vt 0.119503 0.21032
vt 0.147037 0.206211
vt 0.140756 0.220624
vt 0.830617 0.169839
vt 0.128536 0.198599
vt 0.844125 0.156651
vt 0.820451 0.162784
vt 0.110641 0.189487
vt 0.136591 0.188251
vt 0.830266 0.148873
vt 0.122284 0.177238
vt 0.838024 0.20508
vt 0.854115 0.188341
vt 0.13233 0.236591
vt 0.110669 0.224856
vt 0.851129 0.213977
vt 0.121981 0.249802
vt 0.809374 0.156198
vt 0.799112 0.150927
vt 0.810511 0.142282
vt 0.145711 0.178127
vt 0.140244 0.164461
vt 0.154394 0.169608
vt 0.819444 0.146939
vt 0.132654 0.171917
vt 0.771215 0.246296
vt 0.756647 0.256643
vt 0.751691 0.247447
vt 0.21281 0.256656
vt 0.232803 0.251562
vt 0.230767 0.26239
vt 0.772028 0.233715
vt 0.207964 0.244269
vt 0.783259 0.217358
vt 0.768415 0.215442
vt 0.191434 0.231413
vt 0.205752 0.22474
vt 0.779176 0.200098
vt 0.19003 0.212747
vt 0.783213 0.246837
vt 0.799782 0.248201
vt 0.781825 0.268644
vt 0.200921 0.261044
vt 0.209309 0.282521
vt 0.184698 0.26773
vt 0.766604 0.262844
vt 0.222747 0.271812
vt 0.773313 0.183959
vt 0.764167 0.196228
vt 0.756039 0.179438
vt 0.190783 0.194649
vt 0.206702 0.184604
vt 0.203887 0.204068
vt 0.765588 0.171317
vt 0.194525 0.179486
vt 0.910573 0.505059
vt 0.902261 0.504669
vt 0.905939 0.496696
vt 0.064013 0.55741
vt 0.068286 0.54931
vt 0.071956 0.556902
vt 0.913267 0.497357
vt 0.061286 0.550102
vt 0.887021 0.370684
vt 0.889729 0.37768
vt 0.881113 0.377044
vt 0.082433 0.563931
vt 0.089721 0.569621
vt 0.08104 0.571752
vt 0.878656 0.370318
vt 0.091383 0.562202
vt 0.919717 0.477269
vt 0.929548 0.47056
vt 0.933694 0.476412
vt 0.054443 0.5311
vt 0.041159 0.531163
vt 0.044559 0.525152
vt 0.927718 0.482925
vt 0.047166 0.536901
vt 0.87313 0.475835
vt 0.883344 0.478738
vt 0.880046 0.48478
vt 0.099689 0.52832
vt 0.093118 0.537211
vt 0.089764 0.531391
vt 0.869893 0.482053
vt 0.10299 0.534344
vt 0.828362 0.424181
vt 0.831663 0.435041
vt 0.792896 0.435466
vt 0.14239 0.476436
vt 0.177583 0.486063
vt 0.13949 0.487179
vt 0.798443 0.424362
vt 0.171624 0.475402
vt 0.859534 0.398028
vt 0.854375 0.389383
vt 0.869385 0.390218
vt 0.111471 0.451546
vt 0.101803 0.443868
vt 0.116458 0.443107
vt 0.877088 0.399777
vt 0.094137 0.453362
vt 0.797353 0.506293
vt 0.791742 0.501654
vt 0.820404 0.498065
vt 0.175984 0.556864
vt 0.152522 0.549432
vt 0.181476 0.55195
vt 0.822978 0.501749
vt 0.150027 0.553207
vt 0.855499 0.452703
vt 0.880426 0.455645
vt 0.87686 0.467145
vt 0.116504 0.505194
vt 0.09583 0.519899
vt 0.092031 0.508731
vt 0.855034 0.466222
vt 0.117281 0.51849
vt 0.498498 0.299728
vt 0.498498 0.285483
vt 0.50858 0.283709
vt 0.488415 0.283709
vt 0.51553 0.305383
vt 0.481465 0.305383
vt 0.660989 0.260544
vt 0.682056 0.256441
vt 0.687738 0.289583
vt 0.336006 0.260544
vt 0.309257 0.289583
vt 0.314939 0.256441
vt 0.54202 0.304232
vt 0.538235 0.284753
vt 0.549935 0.287149
vt 0.454976 0.304232
vt 0.44706 0.28715
vt 0.45876 0.284753
vt 0.552215 0.307183
vt 0.44478 0.307184
vt 0.535457 0.302888
vt 0.527123 0.303782
vt 0.519804 0.284602
vt 0.461538 0.302888
vt 0.477192 0.284602
vt 0.469873 0.303782
vt 0.529421 0.2837
vt 0.467574 0.2837
vt 0.638535 0.26555
vt 0.358461 0.26555
vt 0.594711 0.27632
vt 0.402284 0.27632
vt 0.617253 0.269705
vt 0.379742 0.269706
vt 0.582309 0.295646
vt 0.56635 0.299051
vt 0.564194 0.281554
vt 0.414687 0.295646
vt 0.432801 0.281554
vt 0.430646 0.299051
vt 0.57769 0.277556
vt 0.419306 0.277556
vt 0.517479 0.274523
vt 0.507477 0.274537
vt 0.479516 0.274523
vt 0.489519 0.274537
vt 0.623385 0.211599
vt 0.641567 0.201882
vt 0.37361 0.211599
vt 0.355428 0.201882
vt 0.57255 0.150457
vt 0.424446 0.150457
vt 0.663134 0.396423
vt 0.627695 0.389813
vt 0.333862 0.396423
vt 0.369301 0.389814
vt 0.742229 0.416894
vt 0.768843 0.419718
vt 0.226817 0.464615
vt 0.20047 0.469211
vt 0.740874 0.511316
vt 0.763305 0.50562
vt 0.764797 0.514578
vt 0.233081 0.559075
vt 0.20928 0.563731
vt 0.210314 0.554631
vt 0.742583 0.52567
vt 0.232242 0.573443
vt 0.942376 0.446651
vt 0.934885 0.446538
vt 0.936647 0.44196
vt 0.030493 0.501079
vt 0.03629 0.496574
vt 0.038002 0.501137
vt 0.944065 0.442324
vt 0.028981 0.496763
vt 0.532063 0.368795
vt 0.464932 0.368795
vt 0.538242 0.434476
vt 0.458754 0.434477
vt 0.526092 0.228491
vt 0.470904 0.228491
vt 0.524643 0.222384
vt 0.472352 0.222384
vt 0.655159 0.342775
vt 0.629153 0.335328
vt 0.367843 0.335328
vt 0.341835 0.342776
vt 0.894424 0.947824
vt 0.133828 0.910934
vt 0.889201 0.950958
vt 0.139699 0.915336
vt 0.949133 0.664454
vt 0.873391 0.649163
vt 0.741544 0.602152
vt 0.263407 0.603525
vt 0.555151 0.150842
vt 0.553369 0.159285
vt 0.441844 0.150842
vt 0.443627 0.159285
vt 0.50745 0.528717
vt 0.512608 0.527349
vt 0.51151 0.541556
vt 0.489546 0.528717
vt 0.485486 0.541556
vt 0.484388 0.527349
vt 0.505705 0.541538
vt 0.491291 0.541538
vt 0.915435 0.654154
vt 0.915381 0.65257
vt 0.908706 0.652814
vt 0.909366 0.65137
vt 0.916496 0.654536
vt 0.907577 0.652759
vt 0.929164 0.624242
vt 0.907682 0.619856
vt 0.929241 0.633124
vt 0.904127 0.62801
vt 0.814131 0.223324
vt 0.162275 0.247303
vt 0.798056 0.217877
vt 0.176711 0.236668
vt 0.86656 0.255372
vt 0.859138 0.253013
vt 0.119872 0.296454
vt 0.126564 0.291684
vt 0.883829 0.422403
vt 0.893328 0.421206
vt 0.89698 0.436873
vt 0.087849 0.476118
vt 0.075235 0.490791
vt 0.07839 0.47521
vt 0.88617 0.44011
vt 0.085977 0.493654
vt 0.872983 0.503347
vt 0.873739 0.510979
vt 0.866286 0.509861
vt 0.100306 0.555117
vt 0.106794 0.561305
vt 0.099713 0.562422
vt 0.864078 0.501924
vt 0.108926 0.553679
vt 0.857524 0.438482
vt 0.114163 0.491265
vt 0.850718 0.506099
vt 0.122087 0.557895
vt 0.845457 0.499897
vt 0.127334 0.551694
vt 0.498498 0.318729
vt 0.516321 0.321838
vt 0.480674 0.321838
vt 0.597734 0.376228
vt 0.399262 0.376229
vt 0.604206 0.336287
vt 0.58171 0.344898
vt 0.39279 0.336287
vt 0.415286 0.344899
vt 0.583145 0.330466
vt 0.413851 0.330466
vt 0.634606 0.349853
vt 0.362389 0.349853
vt 0.657011 0.353652
vt 0.339985 0.353653
vt 0.770324 0.378018
vt 0.757868 0.374173
vt 0.204641 0.602253
vt 0.192828 0.59669
vt 0.801353 0.411605
vt 0.16817 0.463109
vt 0.743056 0.456057
vt 0.22819 0.504026
vt 0.767223 0.459339
vt 0.204189 0.508504
vt 0.76721 0.49505
vt 0.795695 0.48355
vt 0.205874 0.544214
vt 0.176812 0.53395
vt 0.79896 0.495049
vt 0.173977 0.545608
vt 0.933044 0.418642
vt 0.930867 0.413808
vt 0.938103 0.411798
vt 0.039634 0.474378
vt 0.034609 0.468322
vt 0.04139 0.469777
vt 0.941654 0.417419
vt 0.031798 0.473347
vt 0.924528 0.461113
vt 0.917593 0.466456
vt 0.918144 0.460791
vt 0.048837 0.515639
vt 0.055134 0.515064
vt 0.055942 0.520569
vt 0.92618 0.456871
vt 0.046984 0.511488
vt 0.54116 0.329399
vt 0.540223 0.335825
vt 0.533443 0.334328
vt 0.455835 0.329399
vt 0.463552 0.334328
vt 0.456773 0.335825
vt 0.534001 0.32886
vt 0.462995 0.32886
vt 0.676394 0.351563
vt 0.695393 0.342891
vt 0.697185 0.355345
vt 0.320601 0.351563
vt 0.299811 0.355346
vt 0.301603 0.342891
vt 0.564986 0.327055
vt 0.563272 0.339333
vt 0.550908 0.337968
vt 0.432009 0.327055
vt 0.446087 0.337968
vt 0.433724 0.339333
vt 0.551586 0.328261
vt 0.44541 0.328262
vt 0.558896 0.378618
vt 0.574318 0.372063
vt 0.438099 0.378618
vt 0.422678 0.372063
vt 0.867463 0.381855
vt 0.874897 0.378378
vt 0.877993 0.386985
vt 0.103814 0.435693
vt 0.093277 0.440528
vt 0.096654 0.43194
vt 0.921547 0.48671
vt 0.914178 0.484002
vt 0.053127 0.540194
vt 0.060032 0.537368
vt 0.887887 0.469068
vt 0.085076 0.52207
vt 0.893145 0.456499
vt 0.079562 0.509942
vt 0.899355 0.49116
vt 0.887064 0.489967
vt 0.890863 0.484036
vt 0.074507 0.543831
vt 0.082567 0.53673
vt 0.086395 0.54241
vt 0.905568 0.483591
vt 0.068299 0.536678
vt 0.854883 0.423501
vt 0.860039 0.410958
vt 0.11112 0.464253
vt 0.116418 0.476462
vt 0.881275 0.4103
vt 0.090113 0.464004
vt 0.827582 0.37941
vt 0.832742 0.390139
vt 0.803971 0.388236
vt 0.141908 0.433477
vt 0.164465 0.440768
vt 0.137235 0.443684
vt 0.803441 0.372882
vt 0.164079 0.426043
vt 0.866872 0.489428
vt 0.846471 0.489944
vt 0.847884 0.481421
vt 0.106076 0.541512
vt 0.124665 0.533345
vt 0.126211 0.541776
vt 0.797363 0.45859
vt 0.789115 0.445304
vt 0.827025 0.448029
vt 0.174159 0.509133
vt 0.144442 0.499795
vt 0.181772 0.495606
vt 0.830753 0.46065
vt 0.141138 0.512377
vt 0.53931 0.109894
vt 0.546592 0.109012
vt 0.544352 0.128141
vt 0.457686 0.109894
vt 0.452643 0.128141
vt 0.450404 0.109012
vt 0.536409 0.129336
vt 0.460587 0.129336
vt 0.498498 0.149443
vt 0.498498 0.13866
vt 0.515833 0.142188
vt 0.481162 0.142188
vt 0.517274 0.158315
vt 0.479722 0.158315
vt 0.326705 0.072894
vt 0.347001 0.074019
vt 0.346959 0.080187
vt 0.326707 0.044465
vt 0.346963 0.037173
vt 0.347003 0.043341
vt 0.324015 0.077779
vt 0.324018 0.039579
vt 0.421562 0.077282
vt 0.46348 0.077928
vt 0.451897 0.087864
vt 0.421565 0.040084
vt 0.451903 0.029506
vt 0.463484 0.039442
vt 0.414997 0.085774
vt 0.415003 0.031592
vt 0.521811 0.078443
vt 0.516365 0.088099
vt 0.51637 0.029277
vt 0.521815 0.038933
vt 0.588871 0.074737
vt 0.588886 0.084
vt 0.588891 0.033382
vt 0.588874 0.042644
vt 0.625252 0.071533
vt 0.630268 0.080733
vt 0.630272 0.036652
vt 0.625254 0.045851
vt 0.648558 0.068136
vt 0.657451 0.073752
vt 0.657453 0.043636
vt 0.648559 0.049251
vt 0.660516 0.067142
vt 0.669546 0.069798
vt 0.669548 0.04759
vt 0.660517 0.050246
vt 0.685632 0.064706
vt 0.679702 0.067638
vt 0.668895 0.06479
vt 0.685633 0.052684
vt 0.668896 0.052598
vt 0.679703 0.049751
vt 0.675245 0.062982
vt 0.675246 0.054407
vt 0.863457 0.494394
vt 0.10948 0.546333
vt 0.843662 0.494456
vt 0.129068 0.54623
vt 0.851234 0.473262
vt 0.121188 0.525348
vt 0.849893 0.378667
vt 0.120762 0.432793
vt 0.833644 0.400699
vt 0.1366 0.45383
vt 0.830906 0.411972
vt 0.139544 0.464642
vt 0.825783 0.471431
vt 0.146377 0.522915
vt 0.823641 0.481497
vt 0.148803 0.532884
vt 0.831013 0.368458
vt 0.849782 0.36892
vt 0.143348 0.558878
vt 0.121964 0.56819
vt 0.144132 0.571228
vt 0.822997 0.491646
vt 0.14973 0.543034
vt 0.660343 0.505081
vt 0.658493 0.495895
vt 0.677345 0.515711
vt 0.336653 0.505081
vt 0.319651 0.515711
vt 0.338502 0.495895
vt 0.673215 0.522001
vt 0.323781 0.522002
vt 0.578355 0.922927
vt 0.582733 0.954114
vt 0.428585 0.92395
vt 0.424639 0.955191
vt 0.957169 0.865963
vt 0.957924 0.912967
vt 0.937585 0.913783
vt 0.070019 0.804108
vt 0.086844 0.864421
vt 0.062475 0.860626
vt 0.932969 0.883875
vt 0.096614 0.829103
vt 0.933064 0.941841
vt 0.088468 0.898692
vt 0.951527 0.945118
vt 0.065825 0.900212
vt 0.937061 0.966042
vt 0.949594 0.967392
vt 0.949557 0.990593
vt 0.935321 0.988283
vt 0.763261 0.910371
vt 0.747419 0.91371
vt 0.748043 0.886542
vt 0.256013 0.919846
vt 0.227613 0.907829
vt 0.257296 0.901774
vt 0.767845 0.885281
vt 0.22977 0.928542
vt 0.801012 0.878502
vt 0.785069 0.892734
vt 0.785303 0.873034
vt 0.227334 0.964665
vt 0.219357 0.948766
vt 0.240269 0.945782
vt 0.796016 0.846996
vt 0.193424 0.963724
vt 0.941199 0.845317
vt 0.943252 0.82899
vt 0.092075 0.761566
vt 0.092211 0.781524
vt 0.952379 0.824775
vt 0.081686 0.755182
vt 0.911075 0.920274
vt 0.117695 0.875871
vt 0.90353 0.902911
vt 0.129227 0.856165
vt 0.915477 0.943948
vt 0.109224 0.903566
vt 0.921125 0.965656
vt 0.099613 0.928739
vt 0.079462 0.953736
vt 0.080601 0.927049
vt 0.915067 0.98147
vt 0.104672 0.948464
vt 0.755097 0.936595
vt 0.283475 0.906889
vt 0.767635 0.937285
vt 0.286084 0.920512
vt 0.805808 0.914606
vt 0.785749 0.92331
vt 0.266654 0.965139
vt 0.27342 0.942283
vt 0.896581 0.930931
vt 0.89616 0.91485
vt 0.136264 0.87155
vt 0.133464 0.890576
vt 0.903822 0.950436
vt 0.122288 0.912862
vt 0.905983 0.972317
vt 0.909159 0.963585
vt 0.11418 0.927868
vt 0.116803 0.938742
vt 0.768718 0.952195
vt 0.771077 0.962947
vt 0.760442 0.962198
vt 0.302571 0.919475
vt 0.312223 0.908877
vt 0.314723 0.920352
vt 0.755281 0.951621
vt 0.299909 0.904868
vt 0.772546 0.836953
vt 0.758363 0.860574
vt 0.749529 0.857134
vt 0.324299 0.859126
vt 0.370444 0.87443
vt 0.360436 0.885333
vt 0.635031 0.872655
vt 0.673762 0.853755
vt 0.680793 0.85794
vt 0.331364 0.85498
vt 0.712553 0.838957
vt 0.703873 0.828912
vt 0.729168 0.807347
vt 0.292588 0.840098
vt 0.275967 0.808505
vt 0.301273 0.83006
vt 0.72911 0.827114
vt 0.276035 0.828267
vt 0.942319 0.82732
vt 0.937274 0.826299
vt 0.940879 0.821629
vt 0.093438 0.759688
vt 0.095987 0.75304
vt 0.099661 0.759181
vt 0.942541 0.819863
vt 0.094238 0.750675
vt 0.929426 0.84459
vt 0.106492 0.782334
vt 0.922025 0.843989
vt 0.115491 0.782671
vt 0.900678 0.874821
vt 0.136736 0.822851
vt 0.818253 0.933455
vt 0.809693 0.929684
vt 0.816205 0.895191
vt 0.288679 0.976303
vt 0.247049 0.978739
vt 0.283538 0.967478
vt 0.783534 0.979109
vt 0.795395 0.964703
vt 0.801212 0.972859
vt 0.154123 0.909322
vt 0.159753 0.89183
vt 0.87782 0.944888
vt 0.767374 0.983588
vt 0.76833 0.971115
vt 0.336456 0.912901
vt 0.334362 0.930975
vt 0.323172 0.915999
vt 0.753545 0.970318
vt 0.737449 0.962339
vt 0.746601 0.953825
vt 0.319948 0.900127
vt 0.301007 0.895091
vt 0.308902 0.883898
vt 0.756567 0.964144
vt 0.313733 0.904354
vt 0.733354 0.8949
vt 0.730937 0.923419
vt 0.710513 0.923945
vt 0.234625 0.888806
vt 0.263412 0.859933
vt 0.265621 0.882331
vt 0.714251 0.905176
vt 0.243347 0.866517
vt 0.93079 0.82556
vt 0.107575 0.759219
vt 0.939454 0.819716
vt 0.097977 0.75094
vt 0.818027 0.85056
vt 0.808042 0.857389
vt 0.802955 0.833232
vt 0.200138 0.986319
vt 0.180025 0.972889
vt 0.205976 0.974945
vt 0.808948 0.927194
vt 0.280738 0.966974
vt 0.810452 0.89927
vt 0.250705 0.97207
vt 0.783211 0.963343
vt 0.795758 0.954783
vt 0.317188 0.93367
vt 0.320883 0.947436
vt 0.309449 0.949115
vt 0.886439 0.179731
vt 0.893405 0.176211
vt 0.892689 0.185857
vt 0.075098 0.22661
vt 0.070703 0.234886
vt 0.066877 0.225263
vt 0.888518 0.193104
vt 0.077319 0.240911
vt 0.894012 0.167214
vt 0.898147 0.165245
vt 0.898255 0.169411
vt 0.063411 0.21631
vt 0.059786 0.219864
vt 0.058619 0.215597
vt 0.893737 0.172001
vt 0.065199 0.221081
vt 0.877015 0.14845
vt 0.881312 0.152633
vt 0.874936 0.164096
vt 0.074435 0.191856
vt 0.081718 0.207005
vt 0.071482 0.19751
vt 0.869513 0.157157
vt 0.084947 0.198189
vt 0.863917 0.152232
vt 0.856379 0.144017
vt 0.866829 0.140226
vt 0.089027 0.191344
vt 0.082068 0.180024
vt 0.094072 0.180464
vt 0.872421 0.142522
vt 0.077121 0.184282
vt 0.851695 0.126509
vt 0.856923 0.13186
vt 0.84401 0.134206
vt 0.093629 0.160922
vt 0.10376 0.166553
vt 0.089649 0.167977
vt 0.845995 0.126418
vt 0.099468 0.159214
vt 0.854608 0.176028
vt 0.857062 0.164485
vt 0.106203 0.212538
vt 0.099991 0.201598
vt 0.861688 0.167858
vt 0.09638 0.206525
vt 0.498498 0.276248
vt 0.508511 0.236631
vt 0.488485 0.236631
vt 0.498498 0.238248
vt 0.536273 0.248659
vt 0.527211 0.235333
vt 0.460722 0.248659
vt 0.469785 0.235333
vt 0.535653 0.235345
vt 0.461343 0.235346
vt 0.548647 0.274043
vt 0.448348 0.274043
vt 0.517675 0.236354
vt 0.479321 0.236354
vt 0.596837 0.263243
vt 0.400158 0.263243
vt 0.571525 0.223604
vt 0.425471 0.223604
vt 0.585345 0.215819
vt 0.41165 0.215819
vt 0.563933 0.269327
vt 0.433062 0.269327
vt 0.578785 0.266813
vt 0.418211 0.266813
vt 0.545773 0.247067
vt 0.544801 0.232648
vt 0.452194 0.232648
vt 0.451222 0.247067
vt 0.558925 0.227976
vt 0.43807 0.227976
vt 0.600918 0.205544
vt 0.396077 0.205544
vt 0.617527 0.195391
vt 0.379468 0.195391
vt 0.671252 0.653694
vt 0.333529 0.654948
vt 0.647543 0.625593
vt 0.357109 0.626947
vt 0.685026 0.688907
vt 0.697909 0.665204
vt 0.713253 0.696885
vt 0.319893 0.690068
vt 0.291725 0.698082
vt 0.306995 0.666432
vt 0.694508 0.722775
vt 0.310494 0.72391
vt 0.673236 0.709733
vt 0.658035 0.7398
vt 0.33169 0.71086
vt 0.346972 0.740853
vt 0.692886 0.817261
vt 0.679676 0.79737
vt 0.695592 0.768706
vt 0.312268 0.818409
vt 0.309503 0.769828
vt 0.325479 0.798519
vt 0.716165 0.790461
vt 0.288955 0.791611
vt 0.942206 0.466264
vt 0.939978 0.471269
vt 0.031588 0.522569
vt 0.03473 0.527018
vt 0.935165 0.463639
vt 0.03835 0.51887
vt 0.950418 0.424019
vt 0.943258 0.425098
vt 0.942018 0.421287
vt 0.02369 0.47893
vt 0.03155 0.476801
vt 0.030287 0.480265
vt 0.951152 0.420851
vt 0.023222 0.475986
vt 0.943281 0.435142
vt 0.95194 0.435362
vt 0.952697 0.437713
vt 0.029963 0.489796
vt 0.020785 0.491992
vt 0.021613 0.489724
vt 0.945226 0.436477
vt 0.028043 0.491029
vt 0.938304 0.43624
vt 0.936674 0.433969
vt 0.034739 0.490967
vt 0.036339 0.488789
vt 0.934068 0.44902
vt 0.941429 0.449452
vt 0.942261 0.452922
vt 0.038814 0.503643
vt 0.030363 0.507364
vt 0.031341 0.503903
vt 0.933799 0.45303
vt 0.03907 0.507708
vt 0.92073 0.449879
vt 0.91823 0.449744
vt 0.919241 0.444504
vt 0.052202 0.504352
vt 0.053524 0.49899
vt 0.054674 0.504144
vt 0.920009 0.443894
vt 0.052748 0.498409
vt 0.951025 0.440958
vt 0.945412 0.440084
vt 0.945048 0.438066
vt 0.022342 0.495118
vt 0.028168 0.492572
vt 0.027748 0.494532
vt 0.952204 0.438972
vt 0.021219 0.493225
vt 0.94786 0.449932
vt 0.024886 0.504121
vt 0.948873 0.452901
vt 0.023732 0.507093
vt 0.935486 0.420973
vt 0.93307 0.420411
vt 0.940459 0.419656
vt 0.037446 0.476581
vt 0.032875 0.475361
vt 0.039659 0.476023
vt 0.943105 0.419899
vt 0.030612 0.475513
vt 0.94945 0.418286
vt 0.025549 0.473963
vt 0.951913 0.419545
vt 0.022598 0.474752
vt 0.946349 0.454956
vt 0.940579 0.454015
vt 0.939744 0.453656
vt 0.025016 0.509253
vt 0.032868 0.508184
vt 0.031969 0.508522
vt 0.948715 0.454305
vt 0.023838 0.508514
vt 0.637756 0.75634
vt 0.626237 0.760249
vt 0.623801 0.743572
vt 0.367317 0.757331
vt 0.381207 0.744492
vt 0.37886 0.761184
vt 0.635023 0.732262
vt 0.369934 0.733245
vt 0.625139 0.774417
vt 0.63737 0.780119
vt 0.612842 0.792936
vt 0.380033 0.775359
vt 0.392447 0.793835
vt 0.367811 0.781131
vt 0.61129 0.786593
vt 0.393972 0.787473
vt 0.612491 0.697391
vt 0.625551 0.707499
vt 0.618512 0.727693
vt 0.392239 0.698307
vt 0.386406 0.728593
vt 0.379266 0.708467
vt 0.606451 0.721326
vt 0.398414 0.722162
vt 0.552882 0.765205
vt 0.561823 0.764911
vt 0.567871 0.775972
vt 0.452283 0.765638
vt 0.437372 0.77653
vt 0.443336 0.765415
vt 0.558189 0.785133
vt 0.447136 0.785619
vt 0.512183 0.621829
vt 0.518821 0.622006
vt 0.520617 0.626786
vt 0.491483 0.621974
vt 0.48313 0.627041
vt 0.484853 0.622244
vt 0.514646 0.627572
vt 0.489105 0.627744
vt 0.538456 0.618796
vt 0.542408 0.61345
vt 0.545653 0.62332
vt 0.465213 0.619318
vt 0.458107 0.623928
vt 0.46119 0.614046
vt 0.538645 0.620564
vt 0.46505 0.621082
vt 0.936237 0.431977
vt 0.927594 0.432789
vt 0.926476 0.427775
vt 0.036777 0.486884
vt 0.046067 0.482826
vt 0.045087 0.487628
vt 0.935277 0.427481
vt 0.037687 0.482621
vt 0.917806 0.418551
vt 0.916671 0.413961
vt 0.922478 0.413958
vt 0.054069 0.473673
vt 0.049285 0.469469
vt 0.054892 0.469112
vt 0.92495 0.419879
vt 0.047248 0.475237
vt 0.909969 0.489889
vt 0.917227 0.491243
vt 0.064253 0.542869
vt 0.057364 0.54437
vt 0.93193 0.455923
vt 0.930863 0.459897
vt 0.042411 0.514743
vt 0.041086 0.510726
vt 0.935309 0.422154
vt 0.936274 0.425584
vt 0.927973 0.424851
vt 0.03762 0.477661
vt 0.044563 0.48006
vt 0.03675 0.48084
vt 0.928755 0.422395
vt 0.043756 0.477744
vt 0.937531 0.437037
vt 0.937878 0.43923
vt 0.930277 0.438994
vt 0.03548 0.491748
vt 0.042557 0.493672
vt 0.035116 0.493879
vt 0.930596 0.437029
vt 0.042237 0.491745
vt 0.933498 0.453634
vt 0.927185 0.454733
vt 0.928109 0.45433
vt 0.039391 0.508359
vt 0.044933 0.508987
vt 0.045891 0.509383
vt 0.933395 0.453149
vt 0.0395 0.507839
vt 0.925426 0.855078
vt 0.109805 0.795532
vt 0.927436 0.857577
vt 0.107028 0.798252
vt 0.911442 0.858505
vt 0.126138 0.80167
vt 0.727512 0.947627
vt 0.291519 0.875247
vt 0.74563 0.937209
vt 0.282769 0.896453
vt 0.821504 0.870237
vt 0.221241 0.987442
vt 0.811961 0.880263
vt 0.230636 0.976084
vt 0.60672 0.772468
vt 0.60026 0.772329
vt 0.612917 0.770097
vt 0.398464 0.773299
vt 0.392245 0.770966
vt 0.40493 0.773117
vt 0.613776 0.770994
vt 0.391391 0.771869
vt 0.612403 0.756713
vt 0.611952 0.754157
vt 0.614755 0.759174
vt 0.39268 0.757568
vt 0.390341 0.760045
vt 0.393115 0.755008
vt 0.613388 0.760188
vt 0.391714 0.76105
vt 0.588487 0.738568
vt 0.586965 0.735781
vt 0.5949 0.739273
vt 0.416477 0.739272
vt 0.410072 0.740019
vt 0.417978 0.736474
vt 0.595641 0.740445
vt 0.40934 0.741196
vt 0.559425 0.710519
vt 0.568501 0.718317
vt 0.5678 0.732757
vt 0.4453 0.711029
vt 0.437109 0.733311
vt 0.436295 0.71889
vt 0.556431 0.72582
vt 0.448415 0.726289
vt 0.570421 0.760034
vt 0.434698 0.760604
vt 0.576727 0.771585
vt 0.428475 0.772208
vt 0.592447 0.771832
vt 0.594234 0.775373
vt 0.586765 0.774383
vt 0.412746 0.772567
vt 0.418451 0.775081
vt 0.410981 0.776124
vt 0.588185 0.77107
vt 0.417005 0.771776
vt 0.601367 0.788573
vt 0.606184 0.780586
vt 0.39905 0.781424
vt 0.403928 0.789393
vt 0.613991 0.778122
vt 0.391219 0.779005
vt 0.618011 0.758427
vt 0.387079 0.759315
vt 0.61364 0.747865
vt 0.39139 0.748725
vt 0.588812 0.787947
vt 0.578145 0.785455
vt 0.58462 0.776186
vt 0.4165 0.788678
vt 0.420609 0.776871
vt 0.427163 0.786101
vt 0.593931 0.778633
vt 0.411308 0.779386
vt 0.4285 0.068712
vt 0.473843 0.067612
vt 0.428502 0.048656
vt 0.473844 0.049759
vt 0.532615 0.067543
vt 0.532616 0.049834
vt 0.591366 0.065512
vt 0.591367 0.051869
vt 0.623176 0.064131
vt 0.623177 0.053254
vt 0.642771 0.063142
vt 0.642771 0.054244
vt 0.656589 0.063935
vt 0.65659 0.053452
vt 0.664274 0.062327
vt 0.664274 0.055061
vt 0.672244 0.0613
vt 0.672244 0.056089
vt 0.548556 0.259768
vt 0.448439 0.259768
vt 0.551819 0.180888
vt 0.542128 0.186371
vt 0.454867 0.186371
vt 0.445176 0.180888
vt 0.579274 0.361107
vt 0.417721 0.361107
vt 0.512077 0.171096
vt 0.498498 0.175321
vt 0.484918 0.171096
vt 0.679022 0.6333
vt 0.325808 0.634589
vt 0.682917 0.607928
vt 0.321928 0.60928
vt 0.917293 0.654941
vt 0.906683 0.652826
vt 0.922542 0.639571
vt 0.907786 0.636578
vt 0.54474 0.375781
vt 0.452255 0.375781
vt 0.527273 0.634445
vt 0.517934 0.633969
vt 0.485912 0.634179
vt 0.476593 0.634777
vt 0.639041 0.722389
vt 0.634542 0.692493
vt 0.37022 0.69354
vt 0.365884 0.723381
vt 0.660558 0.608385
vt 0.344174 0.609809
vt 0.931826 0.6342
vt 0.90132 0.627989
vt 0.931413 0.62552
vt 0.905108 0.62015
vt 0.939967 0.636066
vt 0.935709 0.621275
vt 0.902818 0.61455
vt 0.89307 0.626515
vt 0.933685 0.622379
vt 0.934479 0.621677
vt 0.938082 0.634321
vt 0.904248 0.616363
vt 0.895497 0.625646
vt 0.903793 0.615405
vt 0.935938 0.633786
vt 0.897687 0.625995
vt 0.933408 0.615106
vt 0.934345 0.610779
vt 0.907364 0.609774
vt 0.908205 0.605421
vt 0.948223 0.647025
vt 0.946195 0.652946
vt 0.881121 0.633388
vt 0.88066 0.639664
vt 0.954139 0.642294
vt 0.877519 0.626678
vt 0.507256 0.515178
vt 0.48974 0.515178
vt 0.511121 0.553845
vt 0.50519 0.54875
vt 0.485875 0.553845
vt 0.491806 0.54875
vt 0.943601 0.654984
vt 0.882257 0.642573
vt 0.930902 0.614957
vt 0.90973 0.610623
vt 0.935433 0.644137
vt 0.934971 0.644369
vt 0.933055 0.633129
vt 0.894085 0.635749
vt 0.900607 0.626519
vt 0.894421 0.636146
vt 0.93382 0.630125
vt 0.901082 0.623448
vt 0.931073 0.61303
vt 0.928331 0.608093
vt 0.914798 0.605318
vt 0.910332 0.608781
vt 0.50578 0.558089
vt 0.491216 0.558089
vt 0.935869 0.708204
vt 0.927511 0.713067
vt 0.924492 0.708758
vt 0.867782 0.697262
vt 0.878608 0.699466
vt 0.87386 0.706571
vt 0.934244 0.704359
vt 0.871195 0.694056
vt 0.498498 0.178808
vt 0.536153 0.379923
vt 0.460842 0.379923
vt 0.547181 0.224441
vt 0.535405 0.227628
vt 0.46159 0.227628
vt 0.449814 0.224441
vt 0.533109 0.217638
vt 0.463887 0.217638
vt 0.94575 0.666897
vt 0.875559 0.652766
vt 0.539294 0.343179
vt 0.457702 0.343179
vt 0.52823 0.316327
vt 0.468766 0.316327
vt 0.527481 0.182627
vt 0.535052 0.191504
vt 0.526697 0.192318
vt 0.469515 0.182627
vt 0.470299 0.192318
vt 0.461943 0.191504
vt 0.523021 0.186096
vt 0.473974 0.186096
vt 0.836792 0.285831
vt 0.846142 0.267163
vt 0.855588 0.273479
vt 0.159593 0.317454
vt 0.136736 0.311097
vt 0.144189 0.301708
vt 0.848091 0.291615
vt 0.150104 0.3269
vt 0.785579 0.23111
vt 0.798945 0.231672
vt 0.193503 0.245987
vt 0.180237 0.250834
vt 0.846384 0.241346
vt 0.850831 0.238252
vt 0.858699 0.24559
vt 0.135615 0.275832
vt 0.124604 0.284083
vt 0.130141 0.274158
vt 0.853414 0.249828
vt 0.131288 0.286633
vt 0.832578 0.234315
vt 0.14724 0.264303
vt 0.547952 0.16631
vt 0.449044 0.16631
vt 0.56361 0.191757
vt 0.433385 0.191757
vt 0.524992 0.13501
vt 0.472003 0.13501
vt 0.803163 0.938875
vt 0.788434 0.94846
vt 0.292776 0.959219
vt 0.301396 0.941786
vt 0.554266 0.568086
vt 0.570441 0.567316
vt 0.566317 0.579335
vt 0.448467 0.569078
vt 0.436801 0.580586
vt 0.432238 0.568794
vt 0.552532 0.581013
vt 0.45053 0.581954
vt 0.645135 0.7498
vt 0.359911 0.750804
vt 0.904573 0.454229
vt 0.068262 0.508109
vt 0.906837 0.437388
vt 0.065522 0.491617
vt 0.895165 0.478314
vt 0.078231 0.53128
vt 0.907192 0.476443
vt 0.066481 0.529832
vt 0.829722 0.507182
vt 0.891509 0.511945
vt 0.882379 0.510408
vt 0.882016 0.503069
vt 0.091565 0.555047
vt 0.893265 0.504556
vt 0.080654 0.556698
vt 0.894435 0.384416
vt 0.885336 0.384011
vt 0.081492 0.430754
vt 0.085869 0.437397
vt 0.076434 0.437706
vt 0.090363 0.430393
vt 0.904979 0.421559
vt 0.890507 0.408176
vt 0.066833 0.475994
vt 0.080808 0.4621
vt 0.902129 0.407601
vt 0.069034 0.461916
vt 0.900041 0.468694
vt 0.913264 0.459618
vt 0.073181 0.522064
vt 0.059887 0.513705
vt 0.910429 0.471014
vt 0.063124 0.524692
vt 0.876982 0.490988
vt 0.096227 0.543199
vt 0.802868 0.398668
vt 0.166057 0.450694
vt 0.801042 0.511865
vt 0.172458 0.56265
vt 0.327957 0.067353
vt 0.327959 0.050005
vt 0.34458 0.068989
vt 0.344582 0.048371
vt 0.76501 0.285291
vt 0.231546 0.293856
vt 0.754465 0.302751
vt 0.247738 0.308014
vt 0.88406 0.163844
vt 0.888087 0.157271
vt 0.890384 0.161993
vt 0.07239 0.209724
vt 0.065418 0.209895
vt 0.066183 0.20442
vt 0.887573 0.170671
vt 0.071036 0.217767
vt 0.725237 0.288398
vt 0.272495 0.284231
vt 0.720557 0.278504
vt 0.274028 0.272795
vt 0.498498 0.218047
vt 0.612427 0.182439
vt 0.623573 0.171045
vt 0.633083 0.182664
vt 0.384569 0.18244
vt 0.363912 0.182664
vt 0.373422 0.171045
vt 0.510561 0.342742
vt 0.498498 0.347126
vt 0.486434 0.342742
vt 0.195595 0.428974
vt 0.532919 0.340776
vt 0.464077 0.340777
vt 0.894144 0.395176
vt 0.888016 0.389271
vt 0.895665 0.388769
vt 0.07681 0.44893
vt 0.075137 0.442276
vt 0.08307 0.442776
vt 0.900757 0.393692
vt 0.069879 0.44757
vt 0.797588 0.47125
vt 0.174438 0.521734
vt 0.815658 0.303983
vt 0.808325 0.324727
vt 0.788603 0.314112
vt 0.186662 0.328895
vt 0.217093 0.330379
vt 0.200694 0.347376
vt 0.796427 0.288401
vt 0.200977 0.307061
vt 0.831175 0.308767
vt 0.172611 0.338689
vt 0.844711 0.319196
vt 0.162369 0.353517
vt 0.840364 0.342291
vt 0.174159 0.375316
vt 0.825289 0.325037
vt 0.183754 0.35314
vt 0.82324 0.280936
vt 0.171635 0.308176
vt 0.806334 0.268943
vt 0.184771 0.290689
vt 0.529752 0.205731
vt 0.467244 0.205731
vt 0.498498 0.228478
vt 0.835584 0.266659
vt 0.154637 0.2978
vt 0.860781 0.23991
vt 0.120672 0.279047
vt 0.879008 0.223719
vt 0.871482 0.234694
vt 0.867529 0.230294
vt 0.097069 0.268709
vt 0.110762 0.27157
vt 0.108222 0.277281
vt 0.875303 0.218112
vt 0.098953 0.261848
vt 0.890853 0.202431
vt 0.895347 0.197412
vt 0.899457 0.203435
vt 0.078034 0.251165
vt 0.069612 0.255099
vt 0.071781 0.24756
vt 0.895781 0.208897
vt 0.075217 0.259372
vt 0.851946 0.232635
vt 0.127202 0.268866
vt 0.858296 0.222661
vt 0.117573 0.260881
vt 0.893691 0.190158
vt 0.894307 0.193709
vt 0.07108 0.239603
vt 0.071617 0.243435
vt 0.523717 0.353983
vt 0.473278 0.353983
vt 0.515753 0.352008
vt 0.481243 0.352008
vt 0.897835 0.497174
vt 0.076103 0.549615
vt 0.867996 0.153082
vt 0.878175 0.14183
vt 0.07104 0.185533
vt 0.085146 0.193554
vt 0.888701 0.152774
vt 0.881199 0.166472
vt 0.076145 0.211447
vt 0.064092 0.200097
vt 0.886658 0.146183
vt 0.063942 0.192788
vt 0.893838 0.148804
vt 0.057603 0.197837
vt 0.853413 0.140431
vt 0.863862 0.133856
vt 0.082969 0.172396
vt 0.095977 0.17579
vt 0.878342 0.13587
vt 0.06883 0.179556
vt 0.883878 0.134396
vt 0.062754 0.179979
vt 0.83841 0.119581
vt 0.843839 0.118427
vt 0.841625 0.122967
vt 0.105114 0.150096
vt 0.10288 0.154468
vt 0.099332 0.150609
vt 0.835803 0.123903
vt 0.109006 0.153675
vt 0.852603 0.138395
vt 0.841322 0.14013
vt 0.096179 0.173434
vt 0.108317 0.171779
vt 0.861613 0.133844
vt 0.085348 0.171588
vt 0.866588 0.129212
vt 0.07839 0.168476
vt 0.86875 0.128369
vt 0.07586 0.16846
vt 0.52924 0.478845
vt 0.524947 0.485693
vt 0.512218 0.486455
vt 0.467756 0.478845
vt 0.484779 0.486455
vt 0.472049 0.485693
vt 0.520837 0.47822
vt 0.481895 0.47822
vt 0.54889 0.484703
vt 0.545448 0.48945
vt 0.535796 0.487108
vt 0.448106 0.484703
vt 0.4612 0.487108
vt 0.451548 0.48945
vt 0.539422 0.480422
vt 0.457574 0.480422
vt 0.638482 0.855337
vt 0.627292 0.827852
vt 0.654925 0.814665
vt 0.366892 0.856793
vt 0.350314 0.815816
vt 0.378099 0.828994
vt 0.667159 0.837771
vt 0.338023 0.838994
vt 0.558827 0.900622
vt 0.556906 0.851307
vt 0.58406 0.85013
vt 0.447794 0.901352
vt 0.421807 0.851055
vt 0.449076 0.851923
vt 0.582792 0.892551
vt 0.423667 0.893611
vt 0.763055 0.7124
vt 0.746575 0.692859
vt 0.757988 0.670032
vt 0.241998 0.713642
vt 0.247017 0.671318
vt 0.258439 0.694104
vt 0.560594 0.48907
vt 0.436402 0.48907
vt 0.550343 0.674349
vt 0.558146 0.689971
vt 0.542223 0.687754
vt 0.454068 0.674831
vt 0.462287 0.688147
vt 0.446403 0.690503
vt 0.537161 0.670796
vt 0.467184 0.671157
vt 0.58656 0.703287
vt 0.579762 0.678859
vt 0.59316 0.687341
vt 0.418153 0.704019
vt 0.411475 0.688156
vt 0.424766 0.679604
vt 0.596881 0.711203
vt 0.407904 0.711992
vt 0.529384 0.688506
vt 0.527172 0.67602
vt 0.477213 0.677554
vt 0.475109 0.688773
vt 0.607243 0.67396
vt 0.397365 0.674882
vt 0.929777 0.616578
vt 0.910129 0.612557
vt 0.930511 0.615463
vt 0.909891 0.611242
vt 0.928816 0.613741
vt 0.927154 0.613853
vt 0.925194 0.611886
vt 0.912129 0.610324
vt 0.916191 0.610042
vt 0.913615 0.611081
vt 0.926011 0.611729
vt 0.915501 0.609576
vt 0.924601 0.616432
vt 0.92722 0.617926
vt 0.911954 0.614803
vt 0.91495 0.614457
vt 0.929498 0.619729
vt 0.909148 0.615569
vt 0.927566 0.615323
vt 0.912658 0.612271
vt 0.925507 0.613835
vt 0.915137 0.611711
vt 0.929397 0.617918
vt 0.909952 0.613941
vt 0.931809 0.625714
vt 0.904667 0.620173
vt 0.927119 0.650508
vt 0.899288 0.644892
vt 0.94142 0.650115
vt 0.886198 0.638923
vt 0.921203 0.608473
vt 0.921785 0.605637
vt 0.935999 0.691878
vt 0.935316 0.692051
vt 0.937117 0.683872
vt 0.874613 0.680699
vt 0.876616 0.672389
vt 0.875207 0.681125
vt 0.938984 0.683267
vt 0.875026 0.671072
vt 0.934082 0.656924
vt 0.937907 0.659686
vt 0.936437 0.660328
vt 0.890336 0.648112
vt 0.886827 0.650381
vt 0.885689 0.649191
vt 0.934929 0.661882
vt 0.887597 0.652384
vt 0.903031 0.713176
vt 0.901764 0.709803
vt 0.914253 0.708461
vt 0.899007 0.712563
vt 0.889471 0.704069
vt 0.901255 0.709718
vt 0.913764 0.71153
vt 0.888685 0.707497
vt 0.937694 0.67674
vt 0.939365 0.676019
vt 0.878889 0.665129
vt 0.87755 0.66372
vt 0.936687 0.666979
vt 0.937363 0.665144
vt 0.883958 0.656318
vt 0.884094 0.654372
vt 0.930536 0.700726
vt 0.931944 0.701558
vt 0.924276 0.705815
vt 0.87688 0.692378
vt 0.879706 0.69756
vt 0.874926 0.692334
vt 0.922788 0.705011
vt 0.88371 0.697443
vt 0.911078 0.713934
vt 0.90279 0.713649
vt 0.890933 0.710791
vt 0.899097 0.713096
vt 0.940798 0.674809
vt 0.876659 0.661922
vt 0.939551 0.663343
vt 0.882885 0.651902
vt 0.674223 0.600231
vt 0.330578 0.601654
vt 0.656021 0.589484
vt 0.348767 0.591008
vt 0.927312 0.656847
vt 0.896646 0.650687
vt 0.938941 0.656521
vt 0.885974 0.645835
vt 0.940572 0.660935
vt 0.882713 0.649295
vt 0.939113 0.645701
vt 0.890069 0.635749
vt 0.93624 0.65205
vt 0.890238 0.642746
vt 0.932384 0.622147
vt 0.905539 0.616661
vt 0.929441 0.616397
vt 0.91051 0.612523
vt 0.927044 0.613956
vt 0.913676 0.611219
vt 0.925058 0.612189
vt 0.916197 0.610374
vt 0.903817 0.707706
vt 0.907611 0.702413
vt 0.916659 0.699599
vt 0.90001 0.707024
vt 0.89073 0.694947
vt 0.898286 0.700747
vt 0.91426 0.706376
vt 0.890343 0.702039
vt 0.933296 0.683328
vt 0.934944 0.683692
vt 0.933723 0.69084
vt 0.880546 0.673334
vt 0.877248 0.680535
vt 0.878795 0.673049
vt 0.929665 0.690702
vt 0.881306 0.681914
vt 0.934903 0.662612
vt 0.93059 0.661103
vt 0.887337 0.653054
vt 0.891933 0.65335
vt 0.93162 0.658396
vt 0.892045 0.650433
vt 0.922368 0.698034
vt 0.886107 0.691598
vt 0.922283 0.702795
vt 0.884785 0.695754
vt 0.935222 0.66734
vt 0.932859 0.667183
vt 0.885161 0.657256
vt 0.887424 0.65807
vt 0.926714 0.695624
vt 0.882534 0.687876
vt 0.928186 0.697778
vt 0.880347 0.689641
vt 0.935398 0.649764
vt 0.89191 0.640967
vt 0.540958 0.395464
vt 0.456037 0.395464
vt 0.520025 0.439941
vt 0.476972 0.439941
vt 0.520003 0.468954
vt 0.519225 0.471781
vt 0.498498 0.473898
vt 0.476993 0.468954
vt 0.477771 0.471781
vt 0.498498 0.469533
vt 0.512545 0.385519
vt 0.484451 0.385519
vt 0.524593 0.383539
vt 0.472402 0.383539
vt 0.498498 0.391265
vt 0.498498 0.377934
vt 0.601408 0.323303
vt 0.395587 0.323303
vt 0.532755 0.322994
vt 0.46424 0.322994
vt 0.90792 0.515089
vt 0.899539 0.513297
vt 0.066708 0.566893
vt 0.074632 0.565125
vt 0.874787 0.496239
vt 0.098453 0.548269
vt 0.885912 0.495879
vt 0.087637 0.548129
vt 0.522784 0.317715
vt 0.474211 0.317715
vt 0.862633 0.262746
vt 0.85329 0.259085
vt 0.126198 0.302589
vt 0.134401 0.295896
vt 0.790011 0.206416
vt 0.181145 0.222562
vt 0.784413 0.189343
vt 0.181333 0.203597
vt 0.778315 0.176412
vt 0.771573 0.1657
vt 0.186728 0.175745
vt 0.183354 0.188652
vt 0.883968 0.227962
vt 0.093484 0.2746
vt 0.874125 0.238719
vt 0.106878 0.282185
vt 0.658199 0.19077
vt 0.338796 0.19077
vt 0.640465 0.158969
vt 0.35653 0.158969
vt 0.650609 0.17426
vt 0.346386 0.174261
vt 0.343857 0.087973
vt 0.314015 0.085568
vt 0.343862 0.029387
vt 0.31402 0.031789
vt 0.333889 0.05868
vt 0.346809 0.05868
vt 0.40418 0.094986
vt 0.404186 0.022379
vt 0.420813 0.058683
vt 0.440035 0.097311
vt 0.440043 0.020057
vt 0.454089 0.058685
vt 0.501738 0.098861
vt 0.501745 0.018513
vt 0.51816 0.058688
vt 0.601227 0.094931
vt 0.601234 0.022452
vt 0.577726 0.05869
vt 0.657669 0.086365
vt 0.657675 0.031023
vt 0.609858 0.058692
vt 0.68187 0.077407
vt 0.681874 0.039983
vt 0.637341 0.058693
vt 0.688994 0.072357
vt 0.688997 0.045034
vt 0.64991 0.058694
vt 0.667853 0.068371
vt 0.689839 0.071818
vt 0.689842 0.045572
vt 0.667854 0.049018
vt 0.660082 0.058694
vt 0.677384 0.058695
vt 0.065404 0.927282
vt 0.678347 0.748685
vt 0.665646 0.77306
vt 0.326706 0.749771
vt 0.339468 0.774147
vt 0.644802 0.788597
vt 0.36039 0.789638
vt 0.911506 0.720883
vt 0.888467 0.717751
vt 0.605503 0.590114
vt 0.597796 0.579359
vt 0.627631 0.599172
vt 0.398346 0.592066
vt 0.376866 0.60076
vt 0.406177 0.581939
vt 0.615076 0.622596
vt 0.389309 0.623903
vt 0.939107 0.713119
vt 0.929614 0.716402
vt 0.861769 0.701025
vt 0.870509 0.709275
vt 0.546828 0.724816
vt 0.54753 0.702724
vt 0.457115 0.703142
vt 0.458004 0.725207
vt 0.530849 0.725796
vt 0.531714 0.705501
vt 0.472939 0.705774
vt 0.473982 0.726049
vt 0.542695 0.792973
vt 0.539146 0.767222
vt 0.466038 0.767541
vt 0.462717 0.793336
vt 0.579918 0.823111
vt 0.555734 0.820827
vt 0.567822 0.797401
vt 0.425691 0.82386
vt 0.437599 0.797985
vt 0.449914 0.821347
vt 0.581283 0.799215
vt 0.424127 0.799909
vt 0.621618 0.810967
vt 0.383737 0.811977
vt 0.587429 0.661151
vt 0.417001 0.662004
vt 0.583075 0.663925
vt 0.433064 0.659123
vt 0.525031 0.659872
vt 0.537986 0.660279
vt 0.479172 0.660127
vt 0.466231 0.660686
vt 0.514554 0.675017
vt 0.516786 0.663385
vt 0.489807 0.675145
vt 0.487435 0.66355
vt 0.556835 0.746949
vt 0.448182 0.747413
vt 0.568197 0.747865
vt 0.436829 0.748418
vt 0.517074 0.704036
vt 0.516924 0.690371
vt 0.487556 0.704175
vt 0.487576 0.690516
vt 0.547213 0.746707
vt 0.4578 0.747092
vt 0.536028 0.741683
vt 0.468941 0.741975
vt 0.518911 0.735204
vt 0.486 0.73535
vt 0.573319 0.748092
vt 0.578295 0.751941
vt 0.578987 0.762396
vt 0.43171 0.748683
vt 0.426147 0.763029
vt 0.426763 0.752568
vt 0.576205 0.761429
vt 0.428921 0.762043
vt 0.587072 0.727842
vt 0.417817 0.728544
vt 0.595092 0.730305
vt 0.409821 0.731058
vt 0.579931 0.769913
vt 0.579093 0.769759
vt 0.426095 0.770397
vt 0.425257 0.770559
vt 0.573324 0.7605
vt 0.431797 0.761093
vt 0.615693 0.763474
vt 0.614503 0.757272
vt 0.389428 0.764352
vt 0.390582 0.75814
vt 0.616481 0.765706
vt 0.388652 0.76659
vt 0.570982 0.736192
vt 0.573726 0.738456
vt 0.433956 0.736769
vt 0.431231 0.739052
vt 0.570728 0.748743
vt 0.434304 0.749314
vt 0.585313 0.774344
vt 0.419904 0.775032
vt 0.534155 0.645468
vt 0.544165 0.647238
vt 0.459912 0.647749
vt 0.469873 0.645863
vt 0.551666 0.664478
vt 0.459809 0.659332
vt 0.565905 0.648103
vt 0.577412 0.644804
vt 0.438264 0.648859
vt 0.426777 0.645697
vt 0.574138 0.664247
vt 0.44067 0.659325
vt 0.525565 0.647802
vt 0.478476 0.648089
vt 0.946209 0.674683
vt 0.367832 0.587922
vt 0.399661 0.570025
vt 0.636898 0.586295
vt 0.935455 0.678179
vt 0.934212 0.676526
vt 0.88049 0.667452
vt 0.882356 0.666362
vt 0.516064 0.619428
vt 0.48757 0.61963
vt 0.509584 0.618358
vt 0.494028 0.618467
vt 0.503788 0.969801
vt 0.503467 0.922051
vt 0.498498 0.528903
vt 0.498498 0.543459
vt 0.508445 0.626938
vt 0.495293 0.627027
vt 0.506442 0.620784
vt 0.497204 0.620849
vt 0.498498 0.550536
vt 0.505019 0.617501
vt 0.498578 0.617547
vt 0.513193 0.647266
vt 0.509485 0.635232
vt 0.490825 0.647403
vt 0.49437 0.635331
vt 0.532774 0.895548
vt 0.529339 0.848382
vt 0.473803 0.895925
vt 0.476659 0.848679
vt 0.920509 0.611865
vt 0.920067 0.614024
vt 0.920757 0.610651
vt 0.515353 0.720473
vt 0.489426 0.72059
vt 0.502185 0.677646
vt 0.502114 0.66445
vt 0.530815 0.815038
vt 0.474812 0.815311
vt 0.50244 0.731729
vt 0.606987 0.738037
vt 0.606928 0.74349
vt 0.60109 0.737845
vt 0.397983 0.738861
vt 0.403877 0.738632
vt 0.398075 0.744312
vt 0.601115 0.734522
vt 0.403831 0.735311
vt 0.931892 0.722867
vt 0.866859 0.715451
vt 0.610528 0.872701
vt 0.395392 0.874152
vt 0.607333 0.839521
vt 0.398301 0.84061
vt 0.541812 0.592293
vt 0.542028 0.579534
vt 0.556185 0.591028
vt 0.461428 0.592939
vt 0.447076 0.591931
vt 0.460997 0.580238
vt 0.55141 0.600263
vt 0.452001 0.601048
vt 0.567537 0.598617
vt 0.435936 0.599688
vt 0.586459 0.611895
vt 0.417408 0.61316
vt 0.56145 0.609466
vt 0.442169 0.610368
vt 0.577594 0.623614
vt 0.42635 0.624654
vt 0.535825 0.599076
vt 0.529514 0.593798
vt 0.473729 0.594238
vt 0.467519 0.599609
vt 0.533629 0.586077
vt 0.469507 0.586609
vt 0.741184 0.498717
vt 0.232096 0.546548
vt 0.899464 0.957631
vt 0.895241 0.964683
vt 0.126559 0.92202
vt 0.1307 0.931018
vt 0.678064 0.534296
vt 0.318932 0.534297
vt 0.685843 0.531299
vt 0.311153 0.5313
vt 0.392426 0.909392
vt 0.411974 0.908368
vt 0.602785 0.820297
vt 0.594179 0.799934
vt 0.402717 0.821225
vt 0.411206 0.800729
vt 0.605727 0.773
vt 0.39946 0.773825
vt 0.612687 0.77372
vt 0.392498 0.77459
vt 0.610722 0.751545
vt 0.394329 0.752388
vt 0.594438 0.735194
vt 0.410507 0.73594
vt 0.586431 0.734421
vt 0.418503 0.735112
vt 0.592376 0.776053
vt 0.412846 0.776792
vt 0.57954 0.737859
vt 0.579204 0.742237
vt 0.425415 0.738499
vt 0.425782 0.742872
vt 0.573626 0.729952
vt 0.431266 0.730553
vt 0.58392 0.768806
vt 0.421258 0.76948
vt 0.613541 0.76367
vt 0.391583 0.764535
vt 0.601673 0.742615
vt 0.602004 0.744069
vt 0.403324 0.743404
vt 0.403002 0.74486
vt 0.5995 0.767462
vt 0.607339 0.767617
vt 0.397813 0.768447
vt 0.405657 0.768242
vt 0.583079 0.764144
vt 0.422066 0.764808
vt 0.586066 0.76834
vt 0.419107 0.769029
vt 0.584761 0.746219
vt 0.582894 0.748076
vt 0.420256 0.746892
vt 0.422136 0.748736
vt 0.596288 0.742951
vt 0.592529 0.74191
vt 0.412459 0.742639
vt 0.408709 0.743704
vt 0.600037 0.748214
vt 0.404995 0.748992
vt 0.60805 0.750343
vt 0.610308 0.757114
vt 0.396994 0.75117
vt 0.394777 0.757958
vt 0.607064 0.753362
vt 0.397999 0.754184
vt 0.612125 0.76438
vt 0.611748 0.760518
vt 0.393358 0.761371
vt 0.393004 0.765238
vt 0.58918 0.743641
vt 0.41582 0.744346
vt 0.585879 0.737756
vt 0.419077 0.738441
vt 0.583811 0.753703
vt 0.421259 0.75437
vt 0.588923 0.770338
vt 0.416262 0.771048
vt 0.59186 0.768279
vt 0.413308 0.769008
vt 0.772979 0.867085
vt 0.784948 0.857924
vt 0.211315 0.936534
vt 0.203332 0.950533
vt 0.765376 0.868011
vt 0.21127 0.928335
vt 0.767629 0.856977
vt 0.199751 0.932234
vt 0.202293 0.921495
vt 0.782671 0.83732
vt 0.181405 0.951146
vt 0.1795 0.940568
vt 0.793178 0.827814
vt 0.792515 0.831483
vt 0.173007 0.96348
vt 0.176733 0.962263
vt 0.792257 0.839374
vt 0.184928 0.960876
vt 0.836803 0.13509
vt 0.111372 0.165261
vt 0.827523 0.137204
vt 0.121446 0.164541
vt 0.686183 0.061732
vt 0.694555 0.062106
vt 0.686184 0.055658
vt 0.694555 0.055285
vt 0.681997 0.060404
vt 0.681997 0.056986
vt 0.699859 0.060636
vt 0.702123 0.063935
vt 0.702124 0.053457
vt 0.699859 0.056756
vt 0.682257 0.058695
vt 0.69426 0.058695
vt 0.555193 0.660166
vt 0.561619 0.680605
vt 0.44909 0.660735
vt 0.442868 0.681192
vt 0.536299 0.636239
vt 0.467614 0.636683
vt 0.554519 0.648289
vt 0.449604 0.648916
vt 0.901597 0.715646
vt 0.899685 0.715381
vt 0.805234 0.173921
vt 0.15547 0.194683
vt 0.869648 0.176899
vt 0.091229 0.218282
vt 0.787018 0.157158
vt 0.168504 0.172059
vt 0.794739 0.164696
vt 0.163123 0.182076
vt 0.817358 0.134511
vt 0.130973 0.158708
vt 0.863143 0.174962
vt 0.0972 0.214211
vt 0.887738 0.215474
vt 0.884147 0.208722
vt 0.086928 0.255296
vt 0.085559 0.263303
vt 0.896313 0.219502
vt 0.07831 0.270219
vt 0.904967 0.214314
vt 0.067895 0.268027
vt 0.85307 0.151533
vt 0.099887 0.187114
vt 0.805714 0.361787
vt 0.16914 0.573835
vt 0.206602 0.423098
vt 0.916057 0.425228
vt 0.917213 0.428497
vt 0.916735 0.431963
vt 0.056072 0.480076
vt 0.055625 0.486649
vt 0.05505 0.483292
vt 0.916126 0.436165
vt 0.056352 0.490713
vt 0.91359 0.468161
vt 0.914062 0.46454
vt 0.059313 0.518544
vt 0.059925 0.522054
vt 0.894428 0.370116
vt 0.898423 0.379424
vt 0.072706 0.57539
vt 0.915883 0.469895
vt 0.057774 0.523843
vt 0.915197 0.419595
vt 0.915162 0.41344
vt 0.915436 0.414547
vt 0.056683 0.474545
vt 0.056135 0.469617
vt 0.056345 0.468515
vt 0.915988 0.416358
vt 0.055703 0.471421
vt 0.881848 0.140168
vt 0.066762 0.185097
vt 0.872009 0.133624
vt 0.074474 0.175049
vt 0.891299 0.153733
vt 0.061801 0.201922
vt 0.709968 0.523918
vt 0.695771 0.529256
vt 0.692885 0.514957
vt 0.287028 0.523919
vt 0.304111 0.514958
vt 0.301225 0.529257
vt 0.708734 0.508232
vt 0.288262 0.508233
vt 0.88521 0.398407
vt 0.085966 0.452058
vt 0.904911 0.396024
vt 0.910964 0.405645
vt 0.065593 0.450144
vt 0.060026 0.460487
vt 0.896963 0.399777
vt 0.074019 0.45377
vt 0.633209 0.496544
vt 0.62561 0.490037
vt 0.363786 0.496545
vt 0.371385 0.490037
vt 0.690024 0.496543
vt 0.306971 0.496543
vt 0.920868 0.610111
vt 0.586329 0.474244
vt 0.583289 0.483735
vt 0.56791 0.476375
vt 0.410667 0.474244
vt 0.429086 0.476376
vt 0.413707 0.483735
vt 0.569277 0.468861
vt 0.427718 0.468861
vt 0.533522 0.469402
vt 0.531607 0.474108
vt 0.463474 0.469402
vt 0.465389 0.474108
vt 0.555486 0.471288
vt 0.552298 0.477579
vt 0.542845 0.474271
vt 0.44151 0.471288
vt 0.454151 0.474271
vt 0.444698 0.477579
vt 0.542401 0.471264
vt 0.454595 0.471264
vt 0.763548 0.81113
vt 0.750688 0.783313
vt 0.769158 0.757105
vt 0.241601 0.812314
vt 0.235945 0.758319
vt 0.254432 0.784497
vt 0.576991 0.487571
vt 0.597578 0.488945
vt 0.420005 0.487571
vt 0.399418 0.488945
vt 0.564782 0.483564
vt 0.432214 0.483564
vt 0.96027 0.81388
vt 0.948379 0.810028
vt 0.073741 0.74093
vt 0.088614 0.737993
vt 0.746335 0.832141
vt 0.258822 0.833301
vt 0.519626 0.461712
vt 0.537163 0.462642
vt 0.459833 0.462642
vt 0.47737 0.461712
vt 0.548962 0.46305
vt 0.560814 0.462294
vt 0.448034 0.46305
vt 0.436182 0.462294
vt 0.604645 0.482481
vt 0.39235 0.482481
vt 0.605891 0.494798
vt 0.391105 0.494798
vt 0.755637 0.228712
vt 0.222841 0.233995
vt 0.739509 0.18892
vt 0.75038 0.206147
vt 0.220911 0.209635
vt 0.226333 0.188855
vt 0.544753 0.568066
vt 0.457997 0.568825
vt 0.543106 0.57361
vt 0.459777 0.574335
vt 0.571232 0.72217
vt 0.433599 0.722759
vt 0.618777 0.767366
vt 0.386365 0.768265
vt 0.584632 0.733247
vt 0.420292 0.733927
vt 0.583573 0.717921
vt 0.578581 0.697798
vt 0.421239 0.718608
vt 0.426075 0.698482
vt 0.568542 0.675334
vt 0.43593 0.675974
vt 0.555151 0.63457
vt 0.448802 0.63526
vt 0.544439 0.634007
vt 0.459467 0.634563
vt 0.518893 0.591885
vt 0.518562 0.596445
vt 0.509806 0.597239
vt 0.484304 0.592157
vt 0.493472 0.597364
vt 0.48471 0.596707
vt 0.507975 0.589072
vt 0.49517 0.589172
vt 0.864041 0.370933
vt 0.104432 0.572965
vt 0.870885 0.371225
vt 0.096314 0.570266
vt 0.709281 0.265202
vt 0.281096 0.255822
vt 0.534007 0.110079
vt 0.462988 0.110079
vt 0.529159 0.126285
vt 0.467836 0.126285
vt 0.708102 0.489951
vt 0.288894 0.489951
vt 0.498498 0.459596
vt 0.498498 0.434423
vt 0.509315 0.494242
vt 0.487681 0.494242
vt 0.520727 0.494956
vt 0.476269 0.494956
vt 0.529606 0.495083
vt 0.467391 0.495083
vt 0.536472 0.497223
vt 0.460524 0.497223
vt 0.503266 0.891022
vt 0.594721 0.907083
vt 0.522902 0.618652
vt 0.480728 0.618952
vt 0.524462 0.621021
vt 0.479206 0.621339
vt 0.598338 0.640675
vt 0.406004 0.641741
vt 0.502 0.646142
vt 0.502834 0.818172
vt 0.9156 0.635943
vt 0.912516 0.651255
vt 0.913944 0.653787
vt 0.910224 0.653046
vt 0.498498 0.505846
vt 0.507252 0.502451
vt 0.489744 0.502452
vt 0.498498 0.516205
vt 0.503058 0.85743
vt 0.498498 0.481572
vt 0.501853 0.62485
vt 0.501806 0.61844
vt 0.501792 0.616776
vt 0.498498 0.36071
vt 0.90139 0.710516
vt 0.901038 0.712766
vt 0.503399 0.576438
vt 0.501562 0.586457
vt 0.499577 0.576469
vt 0.501469 0.574065
vt 0.524102 0.615238
vt 0.531843 0.616852
vt 0.531386 0.619601
vt 0.479478 0.615561
vt 0.472275 0.620019
vt 0.471778 0.617283
vt 0.508356 0.600769
vt 0.501673 0.601432
vt 0.494979 0.60087
vt 0.508315 0.602754
vt 0.495052 0.602855
vt 0.533776 0.570385
vt 0.469058 0.570916
vt 0.532879 0.57634
vt 0.470076 0.576861
vt 0.566014 0.632373
vt 0.437964 0.633208
vt 0.529491 0.62685
vt 0.474274 0.627226
vt 0.593485 0.644387
vt 0.410791 0.645434
vt 0.547272 0.606654
vt 0.534121 0.602942
vt 0.456234 0.607347
vt 0.469283 0.603438
vt 0.527277 0.5986
vt 0.476043 0.598997
vt 0.554631 0.619862
vt 0.449114 0.620611
vt 0.914732 0.729483
vt 0.883143 0.725732
vt 0.517673 0.577158
vt 0.485311 0.577417
vt 0.607365 0.748455
vt 0.397668 0.749278
vt 0.57384 0.715965
vt 0.576395 0.725015
vt 0.428463 0.725642
vt 0.430946 0.716582
vt 0.583942 0.727816
vt 0.420943 0.728494
vt 0.580994 0.71528
vt 0.423795 0.715952
vt 0.580178 0.728194
vt 0.424706 0.728846
vt 0.570101 0.699236
vt 0.434549 0.699849
vt 0.902447 0.70434
vt 0.901545 0.709542
vt 0.93697 0.460481
vt 0.036132 0.515719
vt 0.939313 0.455436
vt 0.033327 0.510157
vt 0.932778 0.435944
vt 0.930013 0.434587
vt 0.042783 0.489376
vt 0.040103 0.49069
vt 0.928839 0.453113
vt 0.927348 0.450552
vt 0.045634 0.505172
vt 0.04418 0.507781
vt 0.929276 0.42146
vt 0.927274 0.421412
vt 0.045104 0.476781
vt 0.04324 0.476876
vt 0.94284 0.42859
vt 0.94369 0.43357
vt 0.030571 0.483556
vt 0.029612 0.488274
vt 0.92546 0.448271
vt 0.926416 0.442389
vt 0.046404 0.497014
vt 0.047472 0.502864
vt 0.847522 0.121898
vt 0.096669 0.155089
vt 0.85367 0.12236
vt 0.090503 0.157137
vt 0.832702 0.129398
vt 0.82222 0.129982
vt 0.826648 0.124288
vt 0.113785 0.158244
vt 0.118214 0.151204
vt 0.12459 0.155484
vt 0.911143 0.39439
vt 0.05892 0.448807
vt 0.919147 0.398336
vt 0.050995 0.453774
vt 0.897479 0.176748
vt 0.896843 0.179682
vt 0.064476 0.229902
vt 0.062893 0.227106
vt 0.906742 0.1931
vt 0.904464 0.19589
vt 0.902194 0.193003
vt 0.058667 0.246945
vt 0.063298 0.245324
vt 0.061935 0.249047
vt 0.903596 0.190894
vt 0.061151 0.243624
vt 0.900901 0.186271
vt 0.897598 0.189542
vt 0.897385 0.185689
vt 0.06241 0.237969
vt 0.065842 0.236232
vt 0.066876 0.240253
vt 0.89998 0.183537
vt 0.062484 0.234857
vt 0.900808 0.207891
vt 0.903172 0.209958
vt 0.068106 0.26305
vt 0.06978 0.260113
vt 0.840038 0.12816
vt 0.106008 0.159228
vt 0.820503 0.258396
vt 0.167137 0.284639
vt 0.560045 0.219527
vt 0.436951 0.219527
vt 0.598155 0.192316
vt 0.39884 0.192317
vt 0.730679 0.302663
vt 0.2716 0.300303
vt 0.816846 0.238304
vt 0.164355 0.263254
vt 0.843823 0.253188
vt 0.142014 0.286914
vt 0.834689 0.244066
vt 0.148258 0.274796
vt 0.57923 0.735065
vt 0.425704 0.735704
vt 0.583237 0.736663
vt 0.421711 0.73733
vt 0.886066 0.91377
vt 0.148478 0.871756
vt 0.498498 0.560128
vt 0.950738 0.443042
vt 0.949694 0.446736
vt 0.023243 0.500855
vt 0.022424 0.497167
vt 0.945315 0.407401
vt 0.950354 0.415164
vt 0.027885 0.464983
vt 0.025026 0.471796
vt 0.944106 0.461003
vt 0.027865 0.517272
vt 0.945414 0.456092
vt 0.026075 0.510727
vt 0.951856 0.433217
vt 0.021783 0.487651
vt 0.95158 0.427538
vt 0.022379 0.482198
vt 0.859655 0.12752
vt 0.085317 0.164092
vt 0.894826 0.159874
vt 0.899049 0.149999
vt 0.060305 0.209188
vt 0.052775 0.200798
vt 0.901613 0.157175
vt 0.052891 0.208679
vt 0.5371 0.624952
vt 0.466656 0.625436
vt 0.945058 0.814976
vt 0.091906 0.744428
vt 0.879466 0.917431
vt 0.155857 0.87722
vt 0.808291 0.956912
vt 0.803081 0.949531
vt 0.304472 0.95783
vt 0.313044 0.962699
vt 0.803942 0.943151
vt 0.297573 0.959551
vt 0.900711 0.723106
vt 0.898507 0.722814
vt 0.501912 0.633319
vt 0.498498 0.496716
vt 0.498498 0.488663
vt 0.502378 0.717898
vt 0.50231 0.703085
vt 0.502234 0.687372
vt 0.498498 0.36743
vt 0.923889 0.454269
vt 0.049191 0.508814
vt 0.923563 0.454903
vt 0.049536 0.509442
vt 0.926612 0.436692
vt 0.046117 0.491399
vt 0.92536 0.437949
vt 0.047349 0.492615
vt 0.91037 0.419209
vt 0.061404 0.473926
vt 0.918581 0.424069
vt 0.05357 0.479044
vt 0.91873 0.421224
vt 0.0533 0.476294
vt 0.919114 0.456823
vt 0.914765 0.453028
vt 0.054023 0.511202
vt 0.058193 0.50728
vt 0.92096 0.453073
vt 0.052071 0.507537
vt 0.930244 0.46289
vt 0.043243 0.517724
vt 0.924366 0.465403
vt 0.049235 0.519856
vt 0.916745 0.443151
vt 0.912592 0.443075
vt 0.06003 0.497393
vt 0.055945 0.49759
vt 0.919967 0.439641
vt 0.05268 0.494231
vt 0.920738 0.435472
vt 0.051828 0.490151
vt 0.916088 0.387996
vt 0.052879 0.442225
vt 0.923463 0.391072
vt 0.045145 0.446798
vt 0.884604 0.302769
vt 0.892724 0.318463
vt 0.878774 0.324914
vt 0.041978 0.458605
vt 0.036589 0.45202
vt 0.929001 0.401734
vt 0.924671 0.422914
vt 0.047633 0.478129
vt 0.924923 0.422098
vt 0.047367 0.47736
vt 0.94177 0.402597
vt 0.935646 0.408572
vt 0.0305 0.460277
vt 0.036606 0.465232
vt 0.897323 0.335086
vt 0.929456 0.411341
vt 0.92361 0.409898
vt 0.047913 0.465671
vt 0.042543 0.467399
vt 0.902225 0.370036
vt 0.905667 0.378007
vt 0.065158 0.575761
vt 0.915369 0.40989
vt 0.05594 0.465031
vt 0.919299 0.432172
vt 0.05314 0.486928
vt 0.919079 0.426075
vt 0.053155 0.480992
vt 0.909758 0.451673
vt 0.063083 0.505772
vt 0.90946 0.412701
vt 0.061963 0.467438
vt 0.895495 0.30165
vt 0.040565 0.442687
vt 0.899976 0.317883
vt 0.032667 0.449603
vt 0.924943 0.489817
vt 0.92178 0.493659
vt 0.050039 0.543235
vt 0.053113 0.546775
vt 0.878891 0.286216
vt 0.878774 0.265107
vt 0.890412 0.272935
vt 0.053724 0.433296
vt 0.060485 0.435133
vt 0.890939 0.287489
vt 0.04783 0.438263
vt 0.990868 0.275193
vt 0.993801 0.279707
vt 0.991332 0.280659
vt 0.03445 0.374484
vt 0.037474 0.378686
vt 0.035133 0.379541
vt 0.98637 0.276947
vt 0.03877 0.373001
vt 0.932479 0.356705
vt 0.926486 0.350494
vt 0.931293 0.341639
vt 0.124937 0.40047
vt 0.117299 0.388472
vt 0.125931 0.392451
vt 0.937805 0.348851
vt 0.116515 0.397606
vt 0.9598 0.345428
vt 0.95971 0.353131
vt 0.955006 0.345555
vt 0.098217 0.407607
vt 0.101829 0.40497
vt 0.102662 0.413253
vt 0.954929 0.337913
vt 0.097488 0.399276
vt 0.95797 0.359007
vt 0.942082 0.360597
vt 0.94466 0.35194
vt 0.107286 0.416619
vt 0.113155 0.403811
vt 0.119981 0.408793
vt 0.952415 0.349795
vt 0.106168 0.406634
vt 0.954838 0.43972
vt 0.952964 0.441458
vt 0.089833 0.402094
vt 0.090993 0.413224
vt 0.08775 0.409006
vt 0.094791 0.408304
vt 0.983644 0.323299
vt 0.980385 0.312702
vt 0.986238 0.316744
vt 0.067861 0.404978
vt 0.062067 0.401807
vt 0.064046 0.395355
vt 0.94969 0.45119
vt 0.0655 0.412413
vt 0.974517 0.338507
vt 0.981245 0.331786
vt 0.985041 0.337832
vt 0.083216 0.410852
vt 0.075131 0.416619
vt 0.074439 0.409841
vt 0.976176 0.34457
vt 0.085836 0.416211
vt 0.947266 0.456639
vt 0.94622 0.462468
vt 0.052795 0.400723
vt 0.04173 0.399223
vt 0.043315 0.39437
vt 0.051431 0.404975
vt 0.917963 0.508565
vt 0.916905 0.517611
vt 0.057026 0.560907
vt 0.058258 0.569535
vt 0.910722 0.370632
vt 0.911262 0.376176
vt 0.059079 0.575287
vt 0.919222 0.500317
vt 0.055672 0.553048
vt 0.91585 0.352649
vt 0.902518 0.343624
vt 0.908315 0.340339
vt 0.023809 0.464338
vt 0.918988 0.3469
vt 0.021758 0.472127
vt 0.963127 0.33519
vt 0.963172 0.343759
vt 0.929629 0.48624
vt 0.045553 0.540081
vt 0.90384 0.334162
vt 0.026347 0.459333
vt 0.909105 0.38204
vt 0.058022 0.428411
vt 0.064354 0.430595
vt 0.892686 0.259961
vt 0.937932 0.479341
vt 0.037501 0.534217
vt 0.9692 0.340217
vt 0.990356 0.328281
vt 0.923373 0.348728
vt 0.921422 0.355727
vt 0.944012 0.467299
vt 0.948097 0.464147
vt 0.037295 0.387166
vt 0.044816 0.390462
vt 0.945174 0.468307
vt 0.039161 0.385347
vt 0.922396 0.271815
vt 0.913665 0.274104
vt 0.908627 0.27214
vt 0.082631 0.330739
vt 0.093065 0.322519
vt 0.09052 0.327086
vt 0.918526 0.268655
vt 0.083563 0.326025
vt 0.904695 0.278822
vt 0.100164 0.325065
vt 0.901181 0.279544
vt 0.10327 0.323407
vt 0.901524 0.287823
vt 0.108171 0.329957
vt 0.898477 0.289721
vt 0.111705 0.329531
vt 0.901931 0.294644
vt 0.112022 0.335476
vt 0.900511 0.297002
vt 0.114547 0.336445
vt 0.906229 0.300706
vt 0.112359 0.342734
vt 0.904319 0.305531
vt 0.116695 0.345309
vt 0.912311 0.305033
vt 0.11029 0.349656
vt 0.912089 0.307632
vt 0.111999 0.351502
vt 0.920243 0.305999
vt 0.10485 0.355089
vt 0.91956 0.308395
vt 0.106785 0.356498
vt 0.928399 0.31272
vt 0.102674 0.364974
vt 0.927859 0.315226
vt 0.104556 0.366541
vt 0.938514 0.317292
vt 0.097763 0.374346
vt 0.938448 0.320378
vt 0.099621 0.376618
vt 0.945503 0.316185
vt 0.945264 0.319225
vt 0.093848 0.379738
vt 0.091894 0.37761
vt 0.95094 0.312955
vt 0.957042 0.311909
vt 0.957082 0.315998
vt 0.085956 0.378386
vt 0.083177 0.384234
vt 0.080817 0.381181
vt 0.951185 0.317629
vt 0.088505 0.382005
vt 0.963737 0.308982
vt 0.961538 0.306368
vt 0.966636 0.299183
vt 0.07416 0.382923
vt 0.066285 0.377412
vt 0.074252 0.379712
vt 0.969419 0.298452
vt 0.063816 0.378508
vt 0.967994 0.288064
vt 0.058729 0.370079
vt 0.970419 0.286554
vt 0.056068 0.370418
vt 0.972828 0.281204
vt 0.051132 0.367953
vt 0.974789 0.280767
vt 0.049445 0.368804
vt 0.975346 0.273919
vt 0.04494 0.36416
vt 0.977603 0.273074
vt 0.04279 0.364901
vt 0.974861 0.267253
vt 0.041285 0.359012
vt 0.975467 0.26456
vt 0.039221 0.357412
vt 0.969786 0.261342
vt 0.041432 0.351641
vt 0.969117 0.257542
vt 0.039632 0.34846
vt 0.961919 0.256842
vt 0.044476 0.343609
vt 0.960366 0.252243
vt 0.042839 0.339305
vt 0.952197 0.258945
vt 0.052869 0.33929
vt 0.948818 0.253773
vt 0.052226 0.333457
vt 0.941296 0.263355
vt 0.938921 0.25814
vt 0.06354 0.335954
vt 0.062131 0.330681
vt 0.930132 0.264495
vt 0.926964 0.261044
vt 0.072691 0.325563
vt 0.07245 0.330031
vt 0.980682 0.276914
vt 0.981289 0.278674
vt 0.977514 0.281626
vt 0.042864 0.369541
vt 0.04798 0.371055
vt 0.043483 0.37118
vt 0.976421 0.280971
vt 0.048382 0.369927
vt 0.975166 0.287573
vt 0.053218 0.37397
vt 0.973732 0.288094
vt 0.054567 0.3735
vt 0.97682 0.296846
vt 0.057469 0.381672
vt 0.975561 0.299254
vt 0.059794 0.382686
vt 0.983155 0.3034
vt 0.056663 0.390095
vt 0.983258 0.306571
vt 0.058416 0.392469
vt 0.988503 0.302477
vt 0.052277 0.392465
vt 0.990867 0.304643
vt 0.051821 0.395341
vt 0.991657 0.296837
vt 0.046778 0.390226
vt 0.99352 0.295682
vt 0.991677 0.290188
vt 0.042958 0.385551
vt 0.994747 0.287317
vt 0.989837 0.283213
vt 0.040094 0.379577
vt 0.985869 0.278853
vt 0.040288 0.37407
vt 0.966075 0.311402
vt 0.966819 0.31255
vt 0.962074 0.316088
vt 0.073843 0.386073
vt 0.079529 0.387209
vt 0.073962 0.387353
vt 0.960865 0.315949
vt 0.080344 0.386402
vt 0.960942 0.323954
vt 0.084938 0.392381
vt 0.95917 0.324144
vt 0.086362 0.391494
vt 0.964653 0.329703
vt 0.963759 0.331278
vt 0.087095 0.399467
vt 0.085512 0.398803
vt 0.969628 0.333666
vt 0.084014 0.404581
vt 0.970377 0.336684
vt 0.085124 0.407206
vt 0.974293 0.333953
vt 0.080761 0.407433
vt 0.976974 0.334325
vt 0.079025 0.409225
vt 0.977997 0.330875
vt 0.076298 0.407299
vt 0.979837 0.330932
vt 0.074982 0.4084
vt 0.97946 0.323874
vt 0.071228 0.403003
vt 0.981385 0.324466
vt 0.070165 0.404541
vt 0.976541 0.315819
vt 0.97775 0.315546
vt 0.067646 0.395911
vt 0.068693 0.395411
vt 0.972108 0.311764
vt 0.069603 0.389851
vt 0.972187 0.310768
vt 0.068966 0.389163
vt 0.937697 0.325098
vt 0.93897 0.326199
vt 0.93429 0.329364
vt 0.102934 0.379726
vt 0.107974 0.380952
vt 0.102619 0.381292
vt 0.9311 0.328119
vt 0.10966 0.378158
vt 0.933839 0.33673
vt 0.112561 0.386239
vt 0.937648 0.344888
vt 0.114375 0.394548
vt 0.942925 0.34878
vt 0.11265 0.400469
vt 0.950319 0.347512
vt 0.106421 0.403744
vt 0.952826 0.342848
vt 0.10189 0.40172
vt 0.952786 0.336435
vt 0.950342 0.330074
vt 0.096364 0.390786
vt 0.098227 0.396937
vt 0.950356 0.327737
vt 0.094999 0.389052
vt 0.945136 0.325852
vt 0.097801 0.384614
vt 0.943614 0.32378
vt 0.097734 0.38218
vt 0.908779 0.312087
vt 0.909476 0.312939
vt 0.906603 0.318149
vt 0.11714 0.352948
vt 0.122343 0.356281
vt 0.117111 0.354005
vt 0.905771 0.318977
vt 0.123462 0.356424
vt 0.907659 0.326291
vt 0.126334 0.362987
vt 0.907437 0.329347
vt 0.128315 0.365153
vt 0.911708 0.334179
vt 0.127944 0.371388
vt 0.912168 0.337933
vt 0.129861 0.37454
vt 0.917411 0.336604
vt 0.125004 0.376614
vt 0.917737 0.339378
vt 0.12637 0.378935
vt 0.923355 0.327803
vt 0.922354 0.328252
vt 0.921132 0.320905
vt 0.115328 0.373392
vt 0.112968 0.36687
vt 0.11635 0.373145
vt 0.922467 0.319896
vt 0.111367 0.366892
vt 0.918071 0.315171
vt 0.11191 0.360741
vt 0.918295 0.313447
vt 0.110725 0.35957
vt 0.913684 0.3121
vt 0.113424 0.355837
vt 0.913138 0.310756
vt 0.113045 0.354496
vt 0.936776 0.330633
vt 0.106836 0.383347
vt 0.941191 0.32905
vt 0.102609 0.384718
vt 0.936652 0.336163
vt 0.11012 0.38743
vt 0.938347 0.341341
vt 0.111821 0.392291
vt 0.941866 0.345169
vt 0.11138 0.397169
vt 0.947543 0.344521
vt 0.106775 0.399933
vt 0.950192 0.341829
vt 0.10326 0.399451
vt 0.948732 0.332447
vt 0.098939 0.391624
vt 0.951031 0.337873
vt 0.100361 0.396993
vt 0.945167 0.32997
vt 0.100167 0.38771
vt 0.908346 0.318746
vt 0.121376 0.357746
vt 0.911373 0.316215
vt 0.117595 0.3576
vt 0.909301 0.324482
vt 0.124026 0.362598
vt 0.912309 0.330026
vt 0.125017 0.368583
vt 0.915088 0.332516
vt 0.124375 0.37212
vt 0.918566 0.331424
vt 0.921375 0.334376
vt 0.121082 0.373335
vt 0.120671 0.377224
vt 0.920096 0.327368
vt 0.117543 0.371153
vt 0.919604 0.322374
vt 0.114987 0.367084
vt 0.917046 0.318323
vt 0.114539 0.362521
vt 0.914627 0.315992
vt 0.114999 0.359339
vt 0.964503 0.317611
vt 0.078615 0.389747
vt 0.968075 0.315305
vt 0.074636 0.390117
vt 0.963491 0.322756
vt 0.08235 0.39297
vt 0.965686 0.328221
vt 0.083883 0.398292
vt 0.969403 0.331073
vt 0.082725 0.402537
vt 0.972271 0.331504
vt 0.080853 0.404486
vt 0.975301 0.329505
vt 0.077492 0.40475
vt 0.976697 0.32468
vt 0.07371 0.402006
vt 0.975349 0.318866
vt 0.071339 0.396959
vt 0.971699 0.315934
vt 0.072327 0.392685
vt 0.979645 0.284889
vt 0.048381 0.374683
vt 0.982335 0.283094
vt 0.045377 0.374993
vt 0.978083 0.288674
vt 0.051754 0.376489
vt 0.978569 0.295566
vt 0.055451 0.381766
vt 0.982861 0.299869
vt 0.054838 0.387367
vt 0.987083 0.300184
vt 0.051982 0.390011
vt 0.989138 0.296262
vt 0.048243 0.388378
vt 0.989539 0.291696
vt 0.045331 0.385373
vt 0.987547 0.287353
vt 0.044187 0.381139
vt 0.985057 0.284144
vt 0.044053 0.377372
vt 0.926844 0.280096
vt 0.919875 0.280612
vt 0.089865 0.33575
vt 0.084353 0.339594
vt 0.912095 0.283328
vt 0.097361 0.333039
vt 0.908644 0.287274
vt 0.10239 0.333911
vt 0.909207 0.292782
vt 0.105316 0.338452
vt 0.913474 0.296885
vt 0.10454 0.344149
vt 0.91999 0.299972
vt 0.101455 0.350384
vt 0.925402 0.300381
vt 0.097619 0.353919
vt 0.930983 0.305913
vt 0.09671 0.361386
vt 0.937711 0.309823
vt 0.093978 0.368286
vt 0.943478 0.309053
vt 0.089218 0.371105
vt 0.948949 0.308608
vt 0.952909 0.305359
vt 0.080037 0.373904
vt 0.084884 0.37399
vt 0.956947 0.302429
vt 0.960786 0.296178
vt 0.068814 0.371764
vt 0.075326 0.374113
vt 0.960086 0.286992
vt 0.063889 0.364603
vt 0.965627 0.281733
vt 0.0567 0.364047
vt 0.967687 0.276131
vt 0.051849 0.361184
vt 0.967231 0.270639
vt 0.04889 0.356899
vt 0.963481 0.266131
vt 0.048925 0.35135
vt 0.958017 0.264889
vt 0.052181 0.347155
vt 0.952432 0.265894
vt 0.056883 0.344531
vt 0.944206 0.272935
vt 0.067173 0.344761
vt 0.932861 0.270751
vt 0.074231 0.336305
vt 0.943403 0.336716
vt 0.105382 0.391734
vt 0.970007 0.323732
vt 0.07809 0.397456
vt 0.9142 0.323599
vt 0.119799 0.364831
vt 0.984585 0.291841
vt 0.048944 0.38259
vt 0.908825 0.38776
vt 0.907653 0.385352
vt 0.062201 0.438794
vt 0.060984 0.441495
vt 0.907822 0.382531
vt 0.061943 0.435667
vt 0.904833 0.380224
vt 0.065259 0.433085
vt 0.900708 0.380157
vt 0.069785 0.433075
vt 0.072273 0.432328
vt 0.89793 0.38238
vt 0.072755 0.435502
vt 0.896766 0.383504
vt 0.073982 0.436717
vt 0.898095 0.385133
vt 0.07256 0.438444
vt 0.897752 0.386598
vt 0.072923 0.440003
vt 0.901034 0.386522
vt 0.901158 0.389028
vt 0.069423 0.439946
vt 0.069325 0.44263
vt 0.904857 0.387105
vt 0.065304 0.440641
vt 0.905587 0.389089
vt 0.064567 0.442811
vt 0.901948 0.381379
vt 0.068424 0.434389
vt 0.904264 0.380928
vt 0.065885 0.43387
vt 0.899764 0.38186
vt 0.070787 0.434924
vt 0.899575 0.384128
vt 0.070979 0.437369
vt 0.902004 0.385433
vt 0.068366 0.438785
vt 0.904006 0.385614
vt 0.0662 0.439007
vt 0.906064 0.385017
vt 0.063942 0.438391
vt 0.903317 0.383453
vt 0.066925 0.436644
vt 0.906303 0.382175
vt 0.063632 0.435259
vt 0.942325 0.471569
vt 0.937541 0.474117
vt 0.037358 0.529395
vt 0.127214 0.352318
vt 0.121239 0.337055
vt 0.116251 0.323041
vt 0.972161 0.306717
vt 0.066631 0.386167
vt 0.988062 0.312458
vt 0.058154 0.39966
vt 0.949419 0.458711
vt 0.957273 0.326293
vt 0.089021 0.39199
vt 0.1072 0.311515
vt 0.097084 0.303621
vt 0.941029 0.474291
vt 0.034189 0.529958
vt 0.032615 0.527699
vt 0.026245 0.5199
vt 0.030081 0.524083
vt 0.055318 0.404593
vt 0.983625 0.267431
vt 0.034994 0.364433
vt 0.9708 0.251716
vt 0.034888 0.345214
vt 0.962505 0.243489
vt 0.035988 0.334191
vt 0.953866 0.238102
vt 0.039057 0.325031
vt 0.938634 0.237276
vt 0.049696 0.315211
vt 0.903412 0.252007
vt 0.084396 0.304501
vt 0.922716 0.336533
vt 0.120911 0.379646
vt 0.127303 0.389359
vt 0.12969 0.385518
vt 0.13435 0.3741
vt 0.133853 0.366579
vt 0.880172 0.081005
vt 0.879385 0.092767
vt 0.875207 0.093824
vt 0.099814 0.02638
vt 0.112044 0.021976
vt 0.110929 0.02591
vt 0.91993 0.199347
vt 0.917158 0.195647
vt 0.918678 0.194576
vt 0.099711 0.021469
vt 0.881759 0.104143
vt 0.121557 0.02848
vt 0.923866 0.201291
vt 0.92433 0.202472
vt 0.124864 0.02804
vt 0.927979 0.202006
vt 0.128314 0.037134
vt 0.838251 0.117247
vt 0.838375 0.118229
vt 0.834273 0.118018
vt 0.13048 0.036184
vt 0.842444 0.116026
vt 0.130777 0.047142
vt 0.842806 0.117143
vt 0.133516 0.0466
vt 0.900879 0.117179
vt 0.901383 0.114282
vt 0.910605 0.112906
vt 0.129539 0.055996
vt 0.911726 0.11557
vt 0.132149 0.057115
vt 0.91711 0.107104
vt 0.123742 0.062219
vt 0.918805 0.108161
vt 0.124726 0.063899
vt 0.92184 0.097865
vt 0.114661 0.066502
vt 0.922746 0.098667
vt 0.115401 0.067402
vt 0.932809 0.091302
vt 0.107957 0.076798
vt 0.934596 0.092703
vt 0.109234 0.078563
vt 0.942464 0.082056
vt 0.098753 0.085698
vt 0.943725 0.08309
vt 0.099698 0.086941
vt 0.943756 0.073474
vt 0.945836 0.075216
vt 0.092091 0.088685
vt 0.090495 0.086633
vt 0.942821 0.066743
vt 0.942382 0.059491
vt 0.945498 0.060985
vt 0.084076 0.085504
vt 0.078452 0.087874
vt 0.077129 0.084825
vt 0.945494 0.06795
vt 0.085141 0.088109
vt 0.940667 0.052385
vt 0.938117 0.05193
vt 0.930958 0.04314
vt 0.070347 0.082914
vt 0.061829 0.07318
vt 0.07001 0.080438
vt 0.931563 0.041463
vt 0.060185 0.07369
vt 0.920042 0.037254
vt 0.056704 0.062375
vt 0.919374 0.034742
vt 0.054324 0.061589
vt 0.913272 0.029355
vt 0.04953 0.055434
vt 0.912083 0.02629
vt 0.046676 0.054115
vt 0.905554 0.024455
vt 0.045354 0.047798
vt 0.903097 0.020395
vt 0.041686 0.045216
vt 0.896585 0.021981
vt 0.04361 0.039204
vt 0.893496 0.018397
vt 0.040471 0.03611
vt 0.88689 0.022741
vt 0.044853 0.030216
vt 0.903164 0.179333
vt 0.901431 0.179824
vt 0.902772 0.176427
vt 0.041593 0.026953
vt 0.903592 0.182588
vt 0.049995 0.023542
vt 0.902316 0.183565
vt 0.048434 0.019566
vt 0.906624 0.185869
vt 0.061453 0.020545
vt 0.905728 0.186902
vt 0.061106 0.016844
vt 0.911496 0.187762
vt 0.910089 0.188887
vt 0.07475 0.024523
vt 0.073792 0.019902
vt 0.87914 0.05425
vt 0.879984 0.068498
vt 0.87349 0.06691
vt 0.086775 0.019549
vt 0.088058 0.025749
vt 0.913613 0.192277
vt 0.916039 0.022342
vt 0.91869 0.023039
vt 0.920219 0.028652
vt 0.042647 0.057608
vt 0.048415 0.062043
vt 0.043124 0.060192
vt 0.9191 0.029174
vt 0.048985 0.061
vt 0.925403 0.034078
vt 0.05336 0.067356
vt 0.925977 0.035201
vt 0.054416 0.067975
vt 0.935287 0.03614
vt 0.054867 0.077051
vt 0.9381 0.037938
vt 0.056485 0.079872
vt 0.946548 0.031819
vt 0.050223 0.087899
vt 0.950319 0.031674
vt 0.049959 0.091573
vt 0.948593 0.02363
vt 0.04206 0.089729
vt 0.950428 0.019155
vt 0.037502 0.0915
vt 0.943527 0.015762
vt 0.034311 0.084364
vt 0.943099 0.011563
vt 0.030088 0.08377
vt 0.936092 0.013436
vt 0.032264 0.076666
vt 0.935826 0.00911
vt 0.050886 0.211976
vt 0.051801 0.209198
vt 0.052514 0.211995
vt 0.927451 0.014496
vt 0.051072 0.215516
vt 0.924632 0.011028
vt 0.052694 0.216233
vt 0.920739 0.0177
vt 0.031161 0.064724
vt 0.037847 0.061733
vt 0.03399 0.067969
vt 0.918082 0.015501
vt 0.035986 0.059017
vt 0.943868 0.052299
vt 0.945237 0.051912
vt 0.947673 0.057695
vt 0.07015 0.085995
vt 0.075213 0.089853
vt 0.069726 0.087302
vt 0.946795 0.058624
vt 0.076136 0.08904
vt 0.953702 0.061708
vt 0.078877 0.095785
vt 0.952897 0.063574
vt 0.080696 0.09507
vt 0.961166 0.061848
vt 0.961343 0.065405
vt 0.082206 0.103234
vt 0.078793 0.102969
vt 0.969733 0.062073
vt 0.967146 0.059459
vt 0.973999 0.055624
vt 0.078811 0.111214
vt 0.072523 0.11526
vt 0.076348 0.108673
vt 0.976602 0.055119
vt 0.072002 0.11779
vt 0.972609 0.046541
vt 0.975293 0.044783
vt 0.063553 0.113781
vt 0.061686 0.116455
vt 0.965313 0.041164
vt 0.058604 0.106327
vt 0.966925 0.038042
vt 0.055534 0.107723
vt 0.953419 0.040701
vt 0.953102 0.038231
vt 0.056231 0.094421
vt 0.058607 0.094814
vt 0.945946 0.045483
vt 0.063495 0.087757
vt 0.943466 0.045322
vt 0.063428 0.085354
vt 0.947687 0.087827
vt 0.950942 0.085918
vt 0.953039 0.092043
vt 0.104079 0.090892
vt 0.107906 0.096145
vt 0.102144 0.093931
vt 0.951754 0.095637
vt 0.111373 0.09505
vt 0.961744 0.095459
vt 0.963171 0.098615
vt 0.110847 0.104539
vt 0.113792 0.106003
vt 0.969652 0.093516
vt 0.108739 0.111976
vt 0.972294 0.095439
vt 0.110475 0.114542
vt 0.975976 0.088506
vt 0.103791 0.117811
vt 0.979212 0.088723
vt 0.103896 0.120881
vt 0.979563 0.081977
vt 0.097502 0.121011
vt 0.983445 0.082616
vt 0.097995 0.124698
vt 0.976141 0.076489
vt 0.979815 0.076305
vt 0.09213 0.121093
vt 0.092399 0.117619
vt 0.96984 0.071124
vt 0.968633 0.073164
vt 0.959854 0.073422
vt 0.087461 0.111494
vt 0.08993 0.102034
vt 0.089438 0.1104
vt 0.956009 0.072205
vt 0.088876 0.098323
vt 0.952397 0.078674
vt 0.095179 0.095076
vt 0.949848 0.079447
vt 0.096002 0.092665
vt 0.921016 0.114302
vt 0.922444 0.113081
vt 0.925745 0.118041
vt 0.130661 0.06628
vt 0.134143 0.071126
vt 0.129402 0.067634
vt 0.92325 0.120169
vt 0.136419 0.068777
vt 0.936596 0.124406
vt 0.936469 0.121795
vt 0.94657 0.120779
vt 0.139465 0.082059
vt 0.135387 0.091241
vt 0.13699 0.081762
vt 0.949604 0.122798
vt 0.137084 0.094182
vt 0.95311 0.11542
vt 0.957511 0.116261
vt 0.130071 0.097135
vt 0.13069 0.10131
vt 0.946278 0.102383
vt 0.946339 0.104238
vt 0.937375 0.101895
vt 0.118014 0.090103
vt 0.117923 0.081585
vt 0.119777 0.090239
vt 0.937137 0.099387
vt 0.115533 0.081252
vt 0.928665 0.102394
vt 0.118765 0.073238
vt 0.92691 0.101404
vt 0.117881 0.071507
vt 0.922945 0.107165
vt 0.123609 0.06789
vt 0.92236 0.107071
vt 0.123541 0.067318
vt 0.956285 0.089342
vt 0.105223 0.09914
vt 0.955538 0.084702
vt 0.100828 0.098273
vt 0.962694 0.091998
vt 0.107529 0.105325
vt 0.968526 0.091461
vt 0.106827 0.110842
vt 0.973706 0.088012
vt 0.103394 0.115645
vt 0.976405 0.082716
vt 0.098294 0.118043
vt 0.974681 0.079745
vt 0.095527 0.116325
vt 0.962538 0.077051
vt 0.093314 0.104702
vt 0.97019 0.077055
vt 0.093097 0.111986
vt 0.958101 0.079576
vt 0.095858 0.10055
vt 0.92638 0.112633
vt 0.929988 0.117355
vt 0.128787 0.071464
vt 0.133181 0.075233
vt 0.94472 0.118059
vt 0.132937 0.089354
vt 0.93681 0.119246
vt 0.134543 0.081924
vt 0.949742 0.113491
vt 0.128401 0.093872
vt 0.948925 0.109506
vt 0.952352 0.108066
vt 0.124668 0.092922
vt 0.123156 0.096108
vt 0.944773 0.106306
vt 0.121813 0.088839
vt 0.938398 0.10436
vt 0.120237 0.082671
vt 0.932098 0.105709
vt 0.121811 0.076684
vt 0.928204 0.108546
vt 0.124729 0.07305
vt 0.951036 0.055731
vt 0.07321 0.093027
vt 0.949746 0.051399
vt 0.069074 0.091635
vt 0.956036 0.058592
vt 0.075805 0.097936
vt 0.961576 0.059017
vt 0.076056 0.103289
vt 0.969963 0.054429
vt 0.071416 0.111309
vt 0.966341 0.057163
vt 0.074148 0.107846
vt 0.969515 0.048304
vt 0.065411 0.110744
vt 0.965044 0.04547
vt 0.062799 0.106249
vt 0.957487 0.044317
vt 0.061956 0.098874
vt 0.951859 0.046873
vt 0.064628 0.093521
vt 0.923825 0.027251
vt 0.046838 0.065436
vt 0.923146 0.023456
vt 0.0432 0.064515
vt 0.927568 0.031886
vt 0.051118 0.069339
vt 0.93464 0.033875
vt 0.052694 0.07632
vt 0.94249 0.031138
vt 0.049702 0.083898
vt 0.944825 0.02648
vt 0.045013 0.086045
vt 0.940821 0.019688
vt 0.038383 0.081788
vt 0.935924 0.017037
vt 0.035943 0.076715
vt 0.930249 0.017883
vt 0.037174 0.071064
vt 0.925846 0.020374
vt 0.039989 0.066907
vt 0.889532 0.080424
vt 0.884964 0.090564
vt 0.108698 0.031132
vt 0.098988 0.03517
vt 0.885855 0.0993
vt 0.116917 0.032205
vt 0.892275 0.10559
vt 0.890829 0.111482
vt 0.122719 0.038399
vt 0.900339 0.108387
vt 0.125226 0.046088
vt 0.909007 0.107599
vt 0.12439 0.054372
vt 0.91532 0.102198
vt 0.119039 0.060352
vt 0.919803 0.09487
vt 0.111848 0.064447
vt 0.928451 0.088187
vt 0.105132 0.07251
vt 0.935256 0.080248
vt 0.097283 0.078738
vt 0.93673 0.073268
vt 0.090548 0.079898
vt 0.938905 0.067005
vt 0.936361 0.061795
vt 0.084466 0.081757
vt 0.079563 0.079126
vt 0.926995 0.047558
vt 0.066265 0.069558
vt 0.93442 0.055685
vt 0.073768 0.077029
vt 0.918138 0.042544
vt 0.061872 0.060821
vt 0.912649 0.035251
vt 0.055192 0.055184
vt 0.906154 0.030788
vt 0.051319 0.048752
vt 0.898861 0.028564
vt 0.049646 0.041733
vt 0.890527 0.02902
vt 0.050535 0.033933
vt 0.88549 0.032799
vt 0.879529 0.02788
vt 0.054336 0.029397
vt 0.883514 0.040477
vt 0.8757 0.039832
vt 0.061655 0.027925
vt 0.890535 0.054468
vt 0.074471 0.035186
vt 0.889256 0.067615
vt 0.086908 0.034477
vt 0.965526 0.08404
vt 0.099874 0.107758
vt 0.960613 0.051729
vt 0.06903 0.102152
vt 0.938044 0.112085
vt 0.127636 0.082696
vt 0.933459 0.024529
vt 0.043565 0.074689
vt 0.897049 0.080761
vt 0.893059 0.089391
vt 0.107369 0.038761
vt 0.099074 0.042294
vt 0.891868 0.095471
vt 0.113156 0.037792
vt 0.894719 0.09898
vt 0.116412 0.040576
vt 0.900997 0.101943
vt 0.119092 0.0466
vt 0.907759 0.100961
vt 0.118026 0.053038
vt 0.912591 0.097034
vt 0.114145 0.057585
vt 0.915557 0.088945
vt 0.106301 0.060193
vt 0.924401 0.085493
vt 0.102696 0.068535
vt 0.929518 0.078446
vt 0.095765 0.073181
vt 0.929989 0.072826
vt 0.090371 0.073428
vt 0.931799 0.067478
vt 0.931073 0.062977
vt 0.085182 0.074964
vt 0.080898 0.074097
vt 0.924032 0.051851
vt 0.070516 0.0669
vt 0.929039 0.058692
vt 0.076868 0.071982
vt 0.915275 0.047755
vt 0.066993 0.058335
vt 0.9118 0.040889
vt 0.060615 0.054676
vt 0.905946 0.036961
vt 0.057187 0.048901
vt 0.899843 0.036603
vt 0.057176 0.043103
vt 0.895122 0.036526
vt 0.057352 0.038646
vt 0.892432 0.038117
vt 0.058989 0.036194
vt 0.890813 0.042215
vt 0.062931 0.034873
vt 0.897815 0.054837
vt 0.074507 0.042067
vt 0.897612 0.067363
vt 0.086367 0.042369
vt 0.916296 0.076408
vt 0.094294 0.060468
vt 0.915678 0.057685
vt 0.076449 0.059158
vt 0.902253 0.092782
vt 0.110344 0.047586
vt 0.907104 0.076915
vt 0.095098 0.051724
vt 0.902624 0.04678
vt 0.066664 0.046251
vt 0.954261 0.107436
vt 0.12248 0.097888
vt 0.963601 0.028698
vt 0.046935 0.104061
vt 0.9627 0.01686
vt 0.036024 0.103444
vt 0.94496 0.009012
vt 0.04969 0.205306
vt 0.980056 0.035488
vt 0.05212 0.119861
vt 0.979881 0.067364
vt 0.083691 0.120927
vt 0.989068 0.055362
vt 0.072504 0.129602
vt 0.051878 0.186738
vt 0.057406 0.182317
vt 0.05414 0.1903
vt 0.989231 0.074121
vt 0.089817 0.129928
vt 0.985102 0.097992
vt 0.11248 0.12674
vt 0.882568 0.127026
vt 0.884162 0.129984
vt 0.877412 0.127005
vt 0.061515 0.172153
vt 0.066644 0.170343
vt 0.060954 0.175654
vt 0.969747 0.105441
vt 0.120019 0.112465
vt 0.872962 0.123839
vt 0.869934 0.123584
vt 0.867982 0.119901
vt 0.069913 0.165575
vt 0.072802 0.159355
vt 0.072722 0.164033
vt 0.829884 0.120027
vt 0.108791 0.14732
vt 0.113686 0.148057
vt 0.104749 0.148729
vt 0.862674 0.120967
vt 0.864023 0.119248
vt 0.142983 0.09477
vt 0.079235 0.156784
vt 0.855554 0.117827
vt 0.859026 0.117636
vt 0.084135 0.152571
vt 0.087865 0.152834
vt 0.898438 0.173803
vt 0.060979 0.224402
vt 0.902155 0.162693
vt 0.053844 0.214203
vt 0.902843 0.160271
vt 0.90369 0.164268
vt 0.902403 0.167403
vt 0.054913 0.219092
vt 0.915662 0.009012
vt 0.030088 0.056187
vt 0.907019 0.013897
vt 0.035306 0.048469
vt 0.897022 0.182358
vt 0.065146 0.232699
vt 0.900128 0.180426
vt 0.061352 0.231708
vt 0.898912 0.192655
vt 0.066552 0.243878
vt 0.060083 0.235633
vt 0.059827 0.2315
vt 0.057575 0.240189
vt 0.901912 0.189129
vt 0.062299 0.241244
vt 0.053805 0.243778
vt 0.910827 0.211339
vt 0.906821 0.208203
vt 0.912396 0.205064
vt 0.122531 0.148448
vt 0.129048 0.151879
vt 0.916378 0.207194
vt 0.908534 0.1967
vt 0.911623 0.199508
vt 0.907671 0.20254
vt 0.058028 0.251233
vt 0.060855 0.256983
vt 0.055756 0.255137
vt 0.904798 0.199815
vt 0.062906 0.253196
vt 0.92013 0.203912
vt 0.915587 0.201856
vt 0.113075 0.143028
vt 0.118471 0.145053
vt 0.052358 0.258832
vt 0.048842 0.252856
vt 0.047157 0.257449
vt 0.92853 0.126663
vt 0.089835 0.149598
vt 0.914772 0.124326
vt 0.093726 0.151354
vt 0.095264 0.147585
vt 0.099945 0.148983
vt 0.901696 0.121168
vt 0.899338 0.178629
vt 0.061591 0.229618
vt 0.901058 0.177653
vt 0.05953 0.229164
vt 0.03813 0.031375
vt 0.902023 0.17453
vt 0.03663 0.039456
vt 0.897418 0.014623
vt 0.923477 0.689163
vt 0.927867 0.689983
vt 0.88332 0.681865
vt 0.887953 0.682678
vt 0.922568 0.661999
vt 0.92001 0.658153
vt 0.902927 0.654748
vt 0.899065 0.657309
vt 0.91927 0.693101
vt 0.890555 0.687908
vt 0.912845 0.694046
vt 0.896304 0.691057
vt 0.92951 0.684847
vt 0.883653 0.676258
vt 0.926824 0.678246
vt 0.888731 0.670956
vt 0.926127 0.67224
vt 0.891723 0.665502
vt 0.904254 0.69436
vt 0.9185 0.657254
vt 0.916525 0.658056
vt 0.906192 0.656003
vt 0.904673 0.654499
vt 0.911242 0.657635
vt 0.920628 0.662568
vt 0.917871 0.662313
vt 0.903307 0.659422
vt 0.900647 0.658592
vt 0.910195 0.662899
vt 0.921474 0.682234
vt 0.922512 0.677887
vt 0.892976 0.672266
vt 0.892368 0.676768
vt 0.922092 0.67292
vt 0.895269 0.667716
vt 0.918759 0.674204
vt 0.897908 0.6702
vt 0.909241 0.667722
vt 0.905462 0.687794
vt 0.912709 0.687839
vt 0.898672 0.685244
vt 0.916829 0.686644
vt 0.895217 0.682618
vt 0.915967 0.676714
vt 0.908181 0.673196
vt 0.899563 0.673476
vt 0.913699 0.678944
vt 0.900956 0.676645
vt 0.921042 0.242392
vt 0.06566 0.308269
vt 0.05147 0.248389
vt 0.521978 0.613928
vt 0.530582 0.615
vt 0.473008 0.615416
vt 0.481578 0.614221
vt 0.537551 0.622218
vt 0.466167 0.622716
vt 0.531144 0.621944
vt 0.472552 0.622353
vt 0.900924 0.713523
vt 0.900058 0.719715
vt 0.90081 0.714321
vt 0.924622 0.286777
vt 0.090048 0.343239
vt 0.930049 0.287385
vt 0.086358 0.34696
vt 0.919851 0.287737
vt 0.094205 0.341079
vt 0.916322 0.288993
vt 0.097622 0.339887
vt 0.917327 0.292254
vt 0.098835 0.342958
vt 0.921435 0.2944
vt 0.097028 0.347046
vt 0.925766 0.295993
vt 0.094727 0.350837
vt 0.930486 0.296489
vt 0.091484 0.354027
vt 0.933603 0.300041
vt 0.091265 0.35854
vt 0.938581 0.30275
vt 0.089152 0.363516
vt 0.942126 0.301795
vt 0.085944 0.364902
vt 0.946243 0.302065
vt 0.083041 0.367534
vt 0.948931 0.299644
vt 0.079616 0.367326
vt 0.952652 0.298933
vt 0.076441 0.368997
vt 0.954217 0.293744
vt 0.072216 0.36609
vt 0.95305 0.287764
vt 0.069526 0.360988
vt 0.9564 0.283333
vt 0.064419 0.35972
vt 0.958498 0.278867
vt 0.060213 0.357693
vt 0.960748 0.2749
vt 0.05619 0.356132
vt 0.959201 0.271969
vt 0.055566 0.353057
vt 0.954752 0.273826
vt 0.059945 0.35175
vt 0.950809 0.276112
vt 0.064216 0.351066
vt 0.945182 0.28064
vt 0.07108 0.351032
vt 0.936601 0.280761
vt 0.077503 0.345972
vt 0.90538 0.067828
vt 0.086518 0.049754
vt 0.905588 0.057972
vt 0.077148 0.049565
vt 0.934992 0.816651
vt 0.103791 0.747888
vt 0.91219 0.652891
vt 0.507943 0.608236
vt 0.50771 0.610132
vt 0.495512 0.608327
vt 0.495775 0.610219
vt 0.510938 0.612118
vt 0.510791 0.614144
vt 0.492578 0.612252
vt 0.492758 0.614274
vt 0.520053 0.598261
vt 0.483251 0.598545
vt 0.528152 0.599688
vt 0.475187 0.600098
vt 0.508911 0.608067
vt 0.494541 0.608174
vt 0.509496 0.602276
vt 0.493863 0.602394
vt 0.511463 0.611506
vt 0.492044 0.611647
vt 0.517151 0.611963
vt 0.515479 0.61394
vt 0.48807 0.614138
vt 0.486369 0.612188
vt 0.511586 0.598176
vt 0.491709 0.59833
vt 0.523592 0.612023
vt 0.479939 0.612343
vt 0.536643 0.609909
vt 0.531809 0.606609
vt 0.533336 0.604741
vt 0.466881 0.610428
vt 0.470096 0.605222
vt 0.47165 0.607061
vt 0.537801 0.609873
vt 0.465724 0.610409
vt 0.520668 0.602638
vt 0.5203 0.603651
vt 0.511966 0.607393
vt 0.482708 0.602926
vt 0.491478 0.607545
vt 0.483093 0.603933
vt 0.511429 0.602046
vt 0.491929 0.602193
vt 0.515721 0.601139
vt 0.522436 0.602019
vt 0.487625 0.601354
vt 0.480932 0.602336
vt 0.521266 0.610447
vt 0.52583 0.604551
vt 0.528737 0.607378
vt 0.482237 0.610734
vt 0.474728 0.607783
vt 0.477584 0.604916
vt 0.525952 0.610442
vt 0.477557 0.610799
vt 0.533596 0.602822
vt 0.469804 0.603311
vt 0.521957 0.599766
vt 0.481374 0.600078
vt 0.517778 0.614815
vt 0.485787 0.615047
vt 0.537034 0.615589
vt 0.46658 0.616099
vt 0.531013 0.612657
vt 0.472541 0.613085
vt 0.538776 0.609931
vt 0.464753 0.610483
vt 0.536845 0.612112
vt 0.535169 0.610682
vt 0.466715 0.612628
vt 0.468363 0.611177
vt 0.528424 0.601929
vt 0.474952 0.602339
vt 0.515851 0.60914
vt 0.487623 0.609349
vt 0.530503 0.611308
vt 0.473027 0.611731
vt 0.524207 0.602791
vt 0.479176 0.603134
vt 0.527026 0.603123
vt 0.476367 0.603509
vt 0.522308 0.604473
vt 0.481099 0.604785
vt 0.531802 0.608583
vt 0.471689 0.609032
vt 0.501751 0.611242
vt 0.899821 0.17566
vt 0.060155 0.226736
vt 0.900437 0.195537
vt 0.065946 0.247339
vt 0.902134 0.197734
vt 0.064945 0.25016
vt 0.063706 0.262608
vt 0.056749 0.261211
vt 0.903268 0.205598
vt 0.066457 0.258633
vt 0.856723 0.157324
vt 0.098022 0.194204
vt 0.855878 0.180665
vt 0.106408 0.217648
vt 0.941098 0.291489
vt 0.943739 0.29698
vt 0.938418 0.297979
vt 0.080588 0.356627
vt 0.086445 0.35986
vt 0.081892 0.362275
vt 0.935886 0.294096
vt 0.086022 0.355459
vt 0.935091 0.288622
vt 0.08334 0.350906
vt 0.939491 0.285936
vt 0.078462 0.351545
vt 0.945148 0.286013
vt 0.074318 0.354984
vt 0.94797 0.29025
vt 0.074756 0.3598
vt 0.94866 0.294882
vt 0.076997 0.363637
vt 0.922578 0.062478
vt 0.08075 0.065945
vt 0.913733 0.067533
vt 0.921122 0.068574
vt 0.086632 0.064789
vt 0.085921 0.057697
vt 0.921226 0.072682
vt 0.090554 0.06504
vt 0.66133 0.066187
vt 0.661331 0.051201
vt 0.657003 0.063199
vt 0.657004 0.054188
vt 0.701077 0.06872
vt 0.701079 0.048671
vt 0.654596 0.058694
vt 0.894675 0.141023
vt 0.899656 0.145611
vt 0.050682 0.196593
vt 0.887726 0.130428
vt 0.057537 0.177315
vt 0.889364 0.134866
vt 0.849405 0.117615
vt 0.90311 0.171033
vt 0.055322 0.223038
vt 0.057537 0.226279
vt 0.906785 0.680621
vt 0.062475 0.954766
f 1797/1 1798/2 34/3 
f 1797/1 2013/4 1798/2 
f 34/3 35/5 1797/1 
f 2013/4 1797/1 2014/6 
f 38/7 37/8 36/9 
f 38/10 2015/11 2016/12 
f 36/9 1799/13 38/7 
f 2015/11 38/10 1799/14 
f 41/15 40/16 39/17 
f 2019/18 2017/19 2018/20 
f 39/17 42/21 41/15 
f 2017/19 2019/18 2020/22 
f 45/23 44/24 43/25 
f 2023/26 2021/27 2022/28 
f 43/25 42/21 45/23 
f 2021/27 2023/26 2020/22 
f 48/29 47/30 46/31 
f 2026/32 2024/33 2025/34 
f 46/31 49/35 48/29 
f 2024/33 2026/32 2027/36 
f 52/37 51/38 50/39 
f 2030/40 2028/41 2029/42 
f 50/39 53/43 52/37 
f 2028/41 2030/40 2031/44 
f 54/45 1801/46 1800/47 
f 2032/48 1800/47 1801/46 
f 1800/47 55/49 54/45 
f 1800/47 2032/48 2033/50 
f 58/51 57/52 56/53 
f 2035/54 56/55 2034/56 
f 56/53 1802/57 58/51 
f 56/55 2035/54 1802/58 
f 61/59 60/60 59/61 
f 2038/62 2036/63 2037/64 
f 59/61 62/65 61/59 
f 2036/63 2038/62 2039/66 
f 65/67 64/68 63/69 
f 2042/70 2040/71 2041/72 
f 63/69 66/73 65/67 
f 2040/71 2042/70 2043/74 
f 69/75 68/76 67/77 
f 2046/78 2044/79 2045/80 
f 67/77 70/81 69/75 
f 2044/79 2046/78 2047/82 
f 73/83 72/84 71/85 
f 2050/86 2048/87 2049/88 
f 71/85 74/89 73/83 
f 2048/87 2050/86 2051/90 
f 77/91 76/92 75/93 
f 2054/94 2052/95 2053/96 
f 75/93 54/97 77/91 
f 2052/95 2054/94 2032/98 
f 80/99 79/100 78/101 
f 2057/102 2055/103 2056/104 
f 78/105 81/106 80/107 
f 2055/103 2057/102 2058/108 
f 84/109 83/110 82/111 
f 2061/112 2059/113 2060/114 
f 82/111 85/115 84/109 
f 2059/113 2061/112 2062/116 
f 88/117 87/118 86/119 
f 2065/120 2063/121 2064/122 
f 86/119 89/123 88/117 
f 2063/121 2065/120 2066/124 
f 92/125 91/126 90/127 
f 2069/128 2067/129 2068/130 
f 90/127 93/131 92/125 
f 2067/129 2069/128 2070/132 
f 96/133 95/134 94/135 
f 2073/136 2071/137 2072/138 
f 94/135 97/139 96/133 
f 2071/137 2073/136 2074/140 
f 100/141 99/142 98/143 
f 2077/144 2075/145 2076/146 
f 98/143 101/147 100/141 
f 2075/145 2077/144 2078/148 
f 104/149 103/150 102/151 
f 2081/152 2079/153 2080/154 
f 102/151 105/155 104/149 
f 2079/153 2081/152 2082/156 
f 108/157 107/158 106/159 
f 2085/160 2083/161 2084/162 
f 106/159 109/163 108/157 
f 2083/161 2085/160 2086/164 
f 112/165 111/166 110/167 
f 2089/168 2087/169 2088/170 
f 110/167 113/171 112/165 
f 2087/169 2089/168 2090/172 
f 116/173 115/174 114/175 
f 2093/176 2091/177 2092/178 
f 114/175 117/179 116/173 
f 2091/177 2093/176 2094/180 
f 120/181 119/182 118/183 
f 120/184 2095/185 2096/186 
f 118/183 121/187 120/181 
f 2095/185 120/184 121/188 
f 124/189 123/190 122/191 
f 2099/192 2097/193 2098/194 
f 122/191 125/195 124/189 
f 2097/193 2099/192 2100/196 
f 128/197 127/198 126/199 
f 2103/200 2101/201 2102/202 
f 126/199 129/203 128/197 
f 2101/201 2103/200 2104/204 
f 132/205 131/206 130/207 
f 2107/208 2105/209 2106/210 
f 130/207 133/211 132/205 
f 2105/209 2107/208 2108/212 
f 2/213 1803/214 134/215 
f 2/216 2109/217 1803/218 
f 134/215 135/219 2/213 
f 2109/217 2/216 2110/220 
f 138/221 137/222 136/223 
f 2113/224 2111/225 2112/226 
f 136/223 139/227 138/221 
f 2111/225 2113/224 2114/228 
f 142/229 141/230 140/231 
f 2117/232 2115/233 2116/234 
f 140/231 143/235 142/229 
f 2115/233 2117/232 2118/236 
f 146/237 145/238 144/239 
f 2121/240 2119/241 2120/242 
f 144/239 147/243 146/237 
f 2119/241 2121/240 2122/244 
f 150/245 149/246 148/247 
f 2125/248 2123/249 2124/250 
f 148/247 151/251 150/245 
f 2123/249 2125/248 2126/252 
f 154/253 153/254 152/255 
f 2129/256 2127/257 2128/258 
f 152/255 155/259 154/253 
f 2127/257 2129/256 2130/260 
f 158/261 157/262 156/263 
f 2133/264 2131/265 2132/266 
f 156/263 159/267 158/261 
f 2131/265 2133/264 2134/268 
f 162/269 161/270 160/271 
f 2137/272 2135/273 2136/274 
f 160/271 163/275 162/269 
f 2135/273 2137/272 2138/276 
f 166/277 165/278 164/279 
f 2140/280 164/279 2139/281 
f 164/279 16/282 166/277 
f 164/279 2140/280 16/282 
f 46/31 168/283 167/284 
f 2024/33 2141/285 2142/286 
f 167/284 169/287 46/31 
f 2141/285 2024/33 2143/288 
f 172/289 171/290 170/291 
f 2146/292 2144/293 2145/294 
f 170/291 173/295 172/289 
f 2144/293 2146/292 2147/296 
f 176/297 175/298 174/299 
f 2150/300 2148/301 2149/302 
f 174/299 177/303 176/297 
f 2148/301 2150/300 2151/304 
f 180/305 179/306 178/307 
f 2154/308 2152/309 2153/310 
f 178/307 181/311 180/305 
f 2152/309 2154/308 2155/312 
f 183/313 71/314 182/315 
f 2157/316 2156/317 2048/318 
f 182/315 184/319 183/313 
f 2156/317 2157/316 2158/320 
f 187/321 186/322 185/323 
f 2161/324 2159/325 2160/326 
f 185/323 188/327 187/321 
f 2159/325 2161/324 2162/328 
f 191/329 190/330 189/331 
f 2165/332 2163/333 2164/334 
f 189/331 192/335 191/329 
f 2163/333 2165/332 2166/336 
f 195/337 194/338 193/339 
f 2169/340 2167/341 2168/342 
f 193/339 196/343 195/337 
f 2167/341 2169/340 2170/344 
f 199/345 198/346 197/347 
f 2173/348 2171/349 2172/350 
f 197/347 200/351 199/345 
f 2171/349 2173/348 2174/352 
f 201/353 204/354 203/355 
f 2175/356 2177/357 2178/358 
f 203/355 202/359 201/353 
f 2177/357 2175/356 2176/360 
f 207/361 206/362 205/363 
f 2181/364 2179/365 2180/366 
f 205/363 208/367 207/361 
f 2179/365 2181/364 2182/368 
f 1804/369 176/297 209/370 
f 1804/369 2183/371 2150/300 
f 209/370 210/372 1804/369 
f 2183/371 1804/369 210/372 
f 70/81 212/373 211/374 
f 2047/82 211/375 212/376 
f 211/374 213/377 70/81 
f 211/375 2047/82 2184/378 
f 123/190 7/379 17/380 
f 2098/194 17/380 7/379 
f 17/380 122/191 123/190 
f 17/380 2098/194 2097/193 
f 215/381 147/243 214/382 
f 2185/383 214/384 2122/244 
f 214/382 1805/385 215/381 
f 214/384 2185/383 1805/386 
f 1806/387 217/388 216/389 
f 1806/390 2186/391 217/392 
f 216/389 218/393 1806/387 
f 2186/391 1806/390 2187/394 
f 220/395 219/396 209/397 
f 2189/398 2183/399 2188/400 
f 209/397 176/401 220/395 
f 2183/399 2189/398 2150/402 
f 99/142 100/141 221/403 
f 2076/146 2190/404 2077/144 
f 221/403 222/405 99/142 
f 2190/404 2076/146 2191/406 
f 106/407 107/408 223/409 
f 2083/410 2192/411 2084/412 
f 223/409 224/413 106/407 
f 2192/411 2083/410 2193/414 
f 226/415 65/67 225/416 
f 2195/417 2194/418 2042/70 
f 225/416 227/419 226/415 
f 2194/418 2195/417 2196/420 
f 228/421 18/422 93/423 
f 228/421 2070/424 18/422 
f 93/423 90/425 228/421 
f 2070/424 228/421 2067/426 
f 231/427 230/428 229/429 
f 2199/430 2197/431 2198/432 
f 229/429 232/433 231/427 
f 2197/431 2199/430 2200/434 
f 235/435 234/436 233/437 
f 2203/438 2201/439 2202/440 
f 233/437 236/441 235/435 
f 2201/439 2203/438 2204/442 
f 238/443 237/444 126/199 
f 2206/445 2101/201 2205/446 
f 126/199 239/447 238/443 
f 2101/201 2206/445 2207/448 
f 129/203 126/199 237/444 
f 2104/204 2205/446 2101/201 
f 237/444 240/449 129/203 
f 2205/446 2104/204 2208/450 
f 243/451 242/452 241/453 
f 2211/454 2209/455 2210/456 
f 241/453 244/457 243/451 
f 2209/455 2211/454 2212/458 
f 247/459 246/460 245/461 
f 2215/462 2213/463 2214/464 
f 245/461 248/465 247/459 
f 2213/463 2215/462 2216/466 
f 249/467 163/275 160/271 
f 2217/468 2135/273 2138/276 
f 160/271 250/469 249/467 
f 2135/273 2217/468 2218/470 
f 253/471 252/472 251/473 
f 2221/474 2219/475 2220/476 
f 251/473 254/477 253/471 
f 2219/475 2221/474 2222/478 
f 257/479 256/480 255/481 
f 2225/482 2223/483 2224/484 
f 255/481 258/485 257/479 
f 2223/483 2225/482 2226/486 
f 261/487 260/488 259/489 
f 2229/490 2227/491 2228/492 
f 259/489 262/493 261/487 
f 2227/491 2229/490 2230/494 
f 1808/495 264/496 263/497 
f 1808/495 2231/498 2232/499 
f 263/497 1807/500 1808/495 
f 2231/498 1808/495 1807/500 
f 267/501 266/502 265/503 
f 2235/504 2233/505 2234/506 
f 265/503 268/507 267/501 
f 2233/505 2235/504 2236/508 
f 270/509 268/507 269/510 
f 2238/511 2237/512 2236/508 
f 269/510 271/513 270/509 
f 2237/512 2238/511 2239/514 
f 273/515 272/516 94/135 
f 2241/517 2071/137 2240/518 
f 94/135 274/519 273/515 
f 2071/137 2241/517 2242/520 
f 277/521 276/522 275/523 
f 2245/524 2243/525 2244/526 
f 275/523 278/527 277/521 
f 2243/525 2245/524 2246/528 
f 281/529 280/530 279/531 
f 2249/532 2247/533 2248/534 
f 279/531 282/535 281/529 
f 2247/533 2249/532 2250/536 
f 284/537 282/535 283/538 
f 2252/539 2251/540 2250/536 
f 283/538 285/541 284/537 
f 2251/540 2252/539 2253/542 
f 288/543 287/544 286/545 
f 2256/546 2254/547 2255/548 
f 286/545 289/549 288/543 
f 2254/547 2256/546 2257/550 
f 292/551 291/552 290/553 
f 2260/554 2258/555 2259/556 
f 290/553 293/557 292/551 
f 2258/555 2260/554 2261/558 
f 296/559 295/560 294/561 
f 2264/562 2262/563 2263/564 
f 294/561 297/565 296/559 
f 2262/563 2264/562 2265/566 
f 300/567 299/568 298/569 
f 2268/570 2266/571 2267/572 
f 298/569 301/573 300/567 
f 2266/571 2268/570 2269/574 
f 304/575 303/576 302/577 
f 2272/578 2270/579 2271/580 
f 302/577 305/581 304/575 
f 2270/579 2272/578 2273/582 
f 308/583 307/584 306/585 
f 2276/586 2274/587 2275/588 
f 306/585 309/589 308/583 
f 2274/587 2276/586 2277/590 
f 312/591 311/592 310/593 
f 2280/594 2278/595 2279/596 
f 310/593 313/597 312/591 
f 2278/595 2280/594 2281/598 
f 316/599 315/600 314/601 
f 2284/602 2282/603 2283/604 
f 314/601 317/605 316/599 
f 2282/603 2284/602 2285/606 
f 320/607 319/608 318/609 
f 2288/610 2286/611 2287/612 
f 318/609 321/613 320/607 
f 2286/611 2288/610 2289/614 
f 324/615 323/616 322/617 
f 2292/618 2290/619 2291/620 
f 322/617 325/621 324/615 
f 2290/619 2292/618 2293/622 
f 327/623 1809/624 326/625 
f 327/623 2294/626 1809/624 
f 326/625 328/627 327/623 
f 2294/626 327/623 2295/628 
f 329/629 20/630 19/631 
f 2296/632 19/633 20/634 
f 19/631 144/239 329/629 
f 19/633 2296/632 2119/241 
f 332/635 331/636 330/637 
f 2299/638 2297/639 2298/640 
f 330/637 333/641 332/635 
f 2297/639 2299/638 2300/642 
f 336/643 335/644 334/645 
f 2303/646 2301/647 2302/648 
f 334/645 337/649 336/643 
f 2301/647 2303/646 2304/650 
f 145/238 338/651 329/629 
f 2120/242 2296/632 2305/652 
f 329/629 144/239 145/238 
f 2296/632 2120/242 2119/241 
f 136/223 137/222 339/653 
f 2111/225 2306/654 2112/226 
f 339/653 340/655 136/223 
f 2306/654 2111/225 2307/656 
f 343/657 342/658 341/659 
f 2310/660 2308/661 2309/662 
f 341/659 344/663 343/657 
f 2308/661 2310/660 2311/664 
f 346/665 345/666 35/5 
f 2313/667 2014/6 2312/668 
f 35/5 45/23 346/665 
f 2014/6 2313/667 2023/26 
f 348/669 347/670 36/9 
f 2315/671 2015/11 2314/672 
f 36/9 49/35 348/669 
f 2015/11 2315/671 2027/36 
f 64/68 65/67 226/415 
f 2041/72 2195/417 2042/70 
f 226/415 349/673 64/68 
f 2195/417 2041/72 2316/674 
f 351/675 350/676 61/59 
f 2318/677 2038/62 2317/678 
f 61/59 69/75 351/675 
f 2038/62 2318/677 2046/78 
f 353/679 352/680 73/83 
f 2320/681 2050/86 2319/682 
f 73/83 74/89 353/679 
f 2050/86 2320/681 2051/90 
f 356/683 355/684 354/685 
f 2323/686 2321/687 2322/688 
f 354/685 357/689 356/683 
f 2321/687 2323/686 2324/690 
f 360/691 359/692 358/693 
f 2327/694 2325/695 2326/696 
f 358/693 361/697 360/691 
f 2325/695 2327/694 2328/698 
f 362/699 112/165 113/171 
f 2329/700 2090/172 2089/168 
f 113/171 183/313 362/699 
f 2090/172 2329/700 2157/316 
f 363/701 124/189 127/198 
f 2330/702 2102/202 2099/192 
f 127/198 128/197 363/701 
f 2102/202 2330/702 2103/200 
f 364/703 141/230 142/229 
f 2331/704 2117/232 2116/234 
f 142/229 365/705 364/703 
f 2117/232 2331/704 2332/706 
f 146/237 367/707 366/708 
f 2121/240 2333/709 2334/710 
f 366/708 139/227 146/237 
f 2333/709 2121/240 2114/228 
f 151/251 148/247 368/711 
f 2126/252 2335/712 2123/249 
f 368/711 369/713 151/251 
f 2335/712 2126/252 2336/714 
f 162/715 157/262 158/261 
f 2137/716 2133/264 2132/266 
f 158/717 161/270 162/269 
f 2133/718 2137/272 2136/274 
f 371/719 370/720 51/38 
f 2338/721 2029/42 2337/722 
f 51/38 52/37 371/719 
f 2029/42 2338/721 2030/40 
f 372/723 251/724 252/725 
f 2339/726 2220/727 2219/728 
f 252/725 373/729 372/723 
f 2220/727 2339/726 2340/730 
f 375/731 374/732 261/487 
f 2342/733 2229/490 2341/734 
f 261/487 376/735 375/731 
f 2229/490 2342/733 2343/736 
f 263/497 264/496 377/737 
f 2231/498 2344/738 2232/499 
f 377/737 378/739 263/497 
f 2344/738 2231/498 2345/740 
f 98/143 99/142 381/741 
f 2075/145 2348/742 2076/146 
f 381/741 382/743 98/143 
f 2348/742 2075/145 2349/744 
f 384/745 383/746 109/163 
f 2351/747 2086/164 2350/748 
f 109/163 106/159 384/745 
f 2086/164 2351/747 2083/161 
f 387/749 386/750 385/751 
f 2354/752 2352/753 2353/754 
f 385/751 388/755 387/749 
f 2352/753 2354/752 2355/756 
f 391/757 390/758 389/759 
f 2358/760 2356/761 2357/762 
f 389/759 392/763 391/757 
f 2356/761 2358/760 2359/764 
f 323/616 324/615 393/765 
f 2291/620 2360/766 2292/618 
f 393/765 388/755 323/616 
f 2360/766 2291/620 2355/756 
f 392/763 389/759 394/767 
f 2359/764 2361/768 2356/761 
f 394/767 395/769 392/763 
f 2361/768 2359/764 2362/770 
f 328/627 326/625 334/645 
f 2295/628 2301/647 2294/626 
f 334/645 335/644 328/627 
f 2301/647 2295/628 2302/648 
f 340/655 338/651 145/238 
f 2307/656 2120/242 2305/652 
f 145/238 136/223 340/655 
f 2120/242 2307/656 2111/225 
f 1800/47 396/771 78/772 
f 1800/47 2055/773 396/771 
f 78/772 55/49 1800/47 
f 2055/773 1800/47 2033/50 
f 115/174 187/321 397/774 
f 2092/178 2363/775 2161/324 
f 397/774 350/676 115/174 
f 2363/775 2092/178 2317/678 
f 399/776 59/61 398/777 
f 2365/778 2364/779 2036/63 
f 398/777 400/780 399/776 
f 2364/779 2365/778 2366/781 
f 351/675 213/377 118/183 
f 2318/677 2095/185 2184/378 
f 118/183 114/175 351/675 
f 2095/185 2318/677 2091/177 
f 68/76 62/65 401/782 
f 2045/80 2367/783 2039/66 
f 401/782 402/784 68/76 
f 2367/783 2045/80 2368/785 
f 79/100 403/786 55/787 
f 2056/104 2033/788 2369/789 
f 55/787 78/101 79/100 
f 2033/788 2056/104 2055/103 
f 352/680 76/92 404/790 
f 2319/682 2370/791 2053/96 
f 404/790 313/597 352/680 
f 2370/791 2319/682 2281/598 
f 182/792 71/85 72/84 
f 2156/793 2049/88 2048/87 
f 72/84 405/794 182/792 
f 2049/88 2156/793 2371/795 
f 407/796 82/111 406/797 
f 2373/798 2372/799 2059/113 
f 406/797 408/800 407/796 
f 2372/799 2373/798 2374/801 
f 411/802 410/803 409/804 
f 2377/805 2375/806 2376/807 
f 409/804 412/808 411/802 
f 2375/806 2377/805 2378/809 
f 415/810 414/811 413/812 
f 2381/813 2379/814 2380/815 
f 413/812 416/816 415/810 
f 2379/814 2381/813 2382/817 
f 418/818 417/819 85/820 
f 2384/821 2062/822 2383/823 
f 85/820 419/824 418/818 
f 2062/822 2384/821 2385/825 
f 420/826 1811/827 21/828 
f 2386/829 21/830 1811/831 
f 21/828 67/77 420/826 
f 21/830 2386/829 2044/79 
f 423/832 422/833 421/834 
f 2389/835 2387/836 2388/837 
f 421/834 424/838 423/832 
f 2387/836 2389/835 2390/839 
f 426/840 234/436 425/841 
f 2392/842 2391/843 2202/440 
f 425/841 188/327 426/840 
f 2391/843 2392/842 2162/328 
f 429/844 428/845 427/846 
f 2395/847 2393/848 2394/849 
f 427/846 314/601 429/844 
f 2393/848 2395/847 2282/603 
f 431/850 430/851 304/575 
f 2397/852 2272/578 2396/853 
f 304/575 305/581 431/850 
f 2272/578 2397/852 2273/582 
f 432/854 322/617 323/616 
f 2398/855 2291/620 2290/619 
f 323/616 433/856 432/854 
f 2291/620 2398/855 2399/857 
f 436/858 435/859 434/860 
f 2402/861 2400/862 2401/863 
f 434/860 437/864 436/858 
f 2400/862 2402/861 2403/865 
f 387/749 439/866 438/867 
f 2354/752 2404/868 2405/869 
f 438/867 440/870 387/749 
f 2404/868 2354/752 2406/871 
f 443/872 442/873 441/874 
f 2409/875 2407/876 2408/877 
f 441/874 444/878 443/872 
f 2407/876 2409/875 2410/879 
f 447/880 446/881 445/882 
f 2413/883 2411/884 2412/885 
f 445/882 309/589 447/880 
f 2411/884 2413/883 2277/590 
f 450/886 449/887 448/888 
f 2416/889 2414/890 2415/891 
f 448/888 451/892 450/886 
f 2414/890 2416/889 2417/893 
f 350/676 351/675 114/175 
f 2317/678 2091/177 2318/677 
f 114/175 115/174 350/676 
f 2091/177 2317/678 2092/178 
f 1812/894 453/895 452/896 
f 1812/897 2418/898 453/899 
f 452/896 454/900 1812/894 
f 2418/898 1812/897 2419/901 
f 1813/902 1814/903 455/904 
f 1813/902 2420/905 1814/903 
f 455/904 456/906 1813/902 
f 2420/905 1813/902 2421/907 
f 459/908 458/909 457/910 
f 2424/911 2422/912 2423/913 
f 457/910 460/914 459/908 
f 2422/912 2424/911 2425/915 
f 463/916 462/917 461/918 
f 2428/919 2426/920 2427/921 
f 461/918 464/922 463/916 
f 2426/920 2428/919 2429/923 
f 462/917 466/924 465/925 
f 2427/921 2430/926 2431/927 
f 465/925 461/918 462/917 
f 2430/926 2427/921 2426/920 
f 466/924 468/928 467/929 
f 2431/927 2432/930 2433/931 
f 467/929 465/925 466/924 
f 2432/930 2431/927 2430/926 
f 468/928 470/932 469/933 
f 2433/931 2434/934 2435/935 
f 469/933 467/929 468/928 
f 2434/934 2433/931 2432/930 
f 470/932 472/936 471/937 
f 2435/935 2436/938 2437/939 
f 471/937 469/933 470/932 
f 2436/938 2435/935 2434/934 
f 472/936 474/940 473/941 
f 2437/939 2438/942 2439/943 
f 473/941 471/937 472/936 
f 2438/942 2437/939 2436/938 
f 475/944 1967/945 1969/946 
f 2440/947 3847/948 3846/949 
f 1969/946 476/950 475/944 
f 3847/948 2440/947 2441/951 
f 387/749 388/755 393/765 
f 2354/752 2360/766 2355/756 
f 393/765 439/866 387/749 
f 2360/766 2354/752 2405/869 
f 438/867 316/599 317/605 
f 2404/868 2285/606 2284/602 
f 317/605 440/870 438/867 
f 2285/606 2404/868 2406/871 
f 477/952 392/763 395/769 
f 2442/953 2362/770 2359/764 
f 395/769 478/954 477/952 
f 2362/770 2442/953 2443/955 
f 479/956 308/583 309/589 
f 2444/957 2277/590 2276/586 
f 309/589 445/882 479/956 
f 2277/590 2444/957 2411/884 
f 429/844 314/601 315/600 
f 2395/847 2283/604 2282/603 
f 315/600 480/958 429/844 
f 2283/604 2395/847 2445/959 
f 446/881 447/880 477/952 
f 2412/885 2442/953 2413/883 
f 477/952 478/954 446/881 
f 2442/953 2412/885 2443/955 
f 481/960 316/599 438/867 
f 2446/961 2404/868 2284/602 
f 438/867 482/962 481/960 
f 2404/868 2446/961 2447/963 
f 483/964 479/956 445/882 
f 2448/965 2411/884 2444/957 
f 445/882 484/966 483/964 
f 2411/884 2448/965 2449/967 
f 448/888 311/592 393/765 
f 2414/890 2360/766 2279/596 
f 393/765 324/615 448/888 
f 2360/766 2414/890 2292/618 
f 485/968 394/969 480/958 
f 2450/970 2445/971 2361/768 
f 480/958 443/872 485/968 
f 2445/971 2450/970 2409/972 
f 482/962 438/867 439/866 
f 2447/963 2405/869 2404/868 
f 439/866 312/591 482/962 
f 2405/869 2447/963 2280/594 
f 486/973 446/881 478/954 
f 2451/974 2443/955 2412/885 
f 478/954 318/609 486/973 
f 2443/955 2451/974 2286/611 
f 489/975 488/976 487/977 
f 2454/978 2452/979 2453/980 
f 487/977 490/981 489/975 
f 2452/979 2454/978 2455/982 
f 492/983 491/984 155/259 
f 2457/985 2130/260 2456/986 
f 155/259 152/255 492/983 
f 2130/260 2457/985 2127/257 
f 494/987 489/988 493/989 
f 2459/990 2458/991 2454/992 
f 493/989 495/993 494/987 
f 2458/991 2459/990 2460/994 
f 496/995 493/989 489/988 
f 2461/996 2454/992 2458/991 
f 489/988 490/997 496/995 
f 2454/992 2461/996 2455/998 
f 497/999 491/1000 492/1001 
f 492/1001 498/1002 497/999 
f 501/1003 500/1004 499/1005 
f 2466/1006 2464/1007 2465/1008 
f 499/1005 502/1009 501/1003 
f 2464/1007 2466/1006 2467/1010 
f 505/1011 504/1012 503/1013 
f 2470/1014 2468/1015 2469/1016 
f 503/1013 506/1017 505/1011 
f 2468/1015 2470/1014 2471/1018 
f 494/987 509/1019 1796/1020 
f 2459/990 3747/1021 2474/1022 
f 1796/1020 507/1023 494/987 
f 3747/1021 2459/990 2472/1024 
f 495/993 493/989 510/1025 
f 2460/994 2475/1026 2458/991 
f 510/1025 511/1027 495/993 
f 2475/1026 2460/994 2476/1028 
f 512/1029 510/1025 493/989 
f 2477/1030 2458/991 2475/1026 
f 493/989 496/995 512/1029 
f 2458/991 2477/1030 2461/996 
f 513/1031 497/999 498/1002 
f 2478/1032 2463/1033 2462/1034 
f 498/1002 514/1035 513/1031 
f 2463/1033 2478/1032 2479/1036 
f 515/1037 500/1004 501/1003 
f 2480/1038 2466/1006 2465/1008 
f 501/1003 516/1039 515/1037 
f 2466/1006 2480/1038 2481/1040 
f 518/1041 517/1042 504/1012 
f 2483/1043 2469/1016 2482/1044 
f 504/1012 505/1011 518/1041 
f 2469/1016 2483/1043 2470/1014 
f 510/1025 521/1045 520/1046 
f 2475/1026 2485/1047 2486/1048 
f 520/1046 511/1027 510/1025 
f 2485/1047 2475/1026 2476/1028 
f 512/1029 522/1049 521/1045 
f 2477/1030 2486/1048 2487/1050 
f 521/1045 510/1025 512/1029 
f 2486/1048 2477/1030 2475/1026 
f 514/1035 524/1051 523/1052 
f 2479/1036 2488/1053 2489/1054 
f 523/1052 513/1031 514/1035 
f 2488/1053 2479/1036 2478/1032 
f 528/1055 527/1056 526/1057 
f 2493/1058 2491/1059 2492/1060 
f 526/1057 525/1061 528/1055 
f 2491/1059 2493/1058 2490/1062 
f 531/1063 530/1064 529/1065 
f 2496/1066 2494/1067 2495/1068 
f 529/1069 532/1070 531/1071 
f 2494/1067 2496/1066 2497/1072 
f 535/1073 534/1074 533/1075 
f 2500/1076 2498/1077 2499/1078 
f 533/1075 536/1079 535/1073 
f 2498/1077 2500/1076 2501/1080 
f 508/1081 539/1082 537/1083 
f 2473/1084 2502/1085 2504/1086 
f 537/1083 538/1087 508/1081 
f 2502/1085 2473/1084 2503/1088 
f 539/1082 508/1081 519/1089 
f 2504/1086 2484/1090 2473/1084 
f 519/1089 540/1091 539/1082 
f 2484/1090 2504/1086 2505/1092 
f 541/1093 201/353 202/359 
f 2506/1094 2176/360 2175/356 
f 202/1095 542/1096 541/1097 
f 2176/1098 2506/1099 2507/1100 
f 544/1101 543/1102 150/1103 
f 2509/1104 2125/248 2508/1105 
f 150/245 151/251 544/1106 
f 2125/248 2509/1104 2126/252 
f 544/1106 151/251 369/713 
f 2509/1104 2336/714 2126/252 
f 369/1107 545/1108 544/1101 
f 2336/1109 2509/1110 2510/1111 
f 548/1112 524/1113 547/1114 
f 2513/1115 2512/1116 2489/1117 
f 547/1114 546/1118 548/1112 
f 2512/1116 2513/1115 2511/1119 
f 550/1120 549/1121 498/1122 
f 2515/1123 2463/1124 2514/1125 
f 498/1122 492/1126 550/1120 
f 2463/1124 2515/1123 2457/1127 
f 537/1083 539/1082 551/1128 
f 2502/1085 2516/1129 2504/1086 
f 551/1128 1794/1130 537/1083 
f 2516/1129 2502/1085 3745/1131 
f 551/1128 539/1082 540/1091 
f 2516/1129 2505/1092 2504/1086 
f 540/1132 552/1133 551/1134 
f 2505/1135 2516/1136 2517/1137 
f 541/1097 542/1096 554/1138 
f 2506/1099 2519/1139 2507/1100 
f 554/1138 553/1140 541/1097 
f 2519/1139 2506/1099 2518/1141 
f 556/1142 555/1143 543/1102 
f 2521/1144 2508/1145 2520/1146 
f 543/1102 544/1101 556/1142 
f 2508/1145 2521/1144 2509/1110 
f 556/1142 544/1101 545/1108 
f 2521/1144 2510/1111 2509/1110 
f 545/1108 527/1056 556/1142 
f 2510/1111 2521/1144 2492/1060 
f 526/1057 546/1118 547/1114 
f 2491/1059 2512/1116 2511/1119 
f 547/1114 525/1061 526/1057 
f 2512/1116 2491/1059 2490/1062 
f 500/1004 549/1121 550/1120 
f 2465/1008 2515/1123 2514/1125 
f 550/1120 499/1005 500/1004 
f 2515/1123 2465/1008 2464/1007 
f 557/1147 1719/1148 559/1149 
f 2522/1150 2524/1151 3671/1152 
f 559/1149 558/1153 557/1147 
f 2524/1151 2522/1150 2523/1154 
f 560/1155 1973/1156 1972/1157 
f 2525/1158 3850/1159 3851/1160 
f 1972/1157 561/1161 560/1155 
f 3850/1159 2525/1158 2526/1162 
f 566/1163 565/1164 564/1165 
f 2531/1166 2529/1167 2530/1168 
f 564/1165 567/1169 566/1163 
f 2529/1167 2531/1166 2532/1170 
f 570/1171 569/1172 568/1173 
f 2535/1174 2533/1175 2534/1176 
f 568/1173 571/1177 570/1171 
f 2533/1175 2535/1174 2536/1178 
f 574/1179 573/1180 572/1181 
f 2539/1182 2537/1183 2538/1184 
f 572/1181 575/1185 574/1179 
f 2537/1183 2539/1182 2540/1186 
f 1942/1187 267/501 577/1188 
f 3824/1189 2542/1190 2235/504 
f 577/1188 1940/1191 1942/1187 
f 2542/1190 3824/1189 3822/1192 
f 3/1193 345/666 326/625 
f 3/1193 2294/626 2312/668 
f 326/625 1809/624 3/1193 
f 2294/626 3/1193 1809/624 
f 578/1194 34/3 1798/2 
f 2543/1195 1798/2 2013/4 
f 1798/2 579/1196 578/1194 
f 1798/2 2543/1195 579/1196 
f 581/1197 43/25 580/1198 
f 2545/1199 2544/1200 2021/27 
f 580/1198 582/1201 581/1197 
f 2544/1200 2545/1199 2546/1202 
f 331/636 40/16 583/1203 
f 2298/640 2547/1204 2018/20 
f 583/1203 330/637 331/636 
f 2547/1204 2298/640 2297/639 
f 334/645 346/665 39/17 
f 2301/647 2017/19 2313/667 
f 39/17 337/649 334/645 
f 2017/19 2301/647 2304/650 
f 43/25 44/24 584/1205 
f 2021/27 2548/1206 2022/28 
f 584/1205 580/1198 43/25 
f 2548/1206 2021/27 2544/1200 
f 340/655 47/30 48/29 
f 2307/656 2026/32 2025/34 
f 48/29 338/651 340/655 
f 2026/32 2307/656 2305/652 
f 340/655 339/653 585/1207 
f 2307/656 2549/1208 2306/654 
f 585/1207 47/30 340/655 
f 2549/1208 2307/656 2025/34 
f 167/284 232/433 586/1209 
f 2141/285 2550/1210 2200/434 
f 586/1209 587/1211 167/284 
f 2550/1210 2141/285 2551/1212 
f 344/663 341/659 588/1213 
f 2311/664 2552/1214 2308/661 
f 588/1213 589/1215 344/663 
f 2552/1214 2311/664 2553/1216 
f 229/429 591/1217 590/1218 
f 2197/431 2554/1219 2555/1220 
f 590/1218 592/1221 229/429 
f 2554/1219 2197/431 2556/1222 
f 578/1194 584/1205 44/24 
f 2543/1195 2022/28 2548/1206 
f 44/24 34/3 578/1194 
f 2022/28 2543/1195 2013/4 
f 326/625 345/666 346/665 
f 2294/626 2313/667 2312/668 
f 346/665 334/645 326/625 
f 2313/667 2294/626 2301/647 
f 48/29 37/8 329/629 
f 2026/32 2296/632 2016/12 
f 329/629 338/651 48/29 
f 2296/632 2026/32 2305/652 
f 348/669 169/287 593/1223 
f 2315/671 2557/1224 2143/288 
f 593/1223 594/1225 348/669 
f 2557/1224 2315/671 2558/1226 
f 595/1227 255/481 256/480 
f 2559/1228 2224/484 2223/483 
f 256/480 596/1229 595/1227 
f 2224/484 2559/1228 2560/1230 
f 599/1231 598/1232 597/1233 
f 2563/1234 2561/1235 2562/1236 
f 597/1233 600/1237 599/1231 
f 2561/1235 2563/1234 2564/1238 
f 602/1239 601/1240 258/485 
f 2566/1241 2226/486 2565/1242 
f 258/485 255/481 602/1239 
f 2226/486 2566/1241 2223/483 
f 605/1243 604/1244 603/1245 
f 2569/1246 2567/1247 2568/1248 
f 603/1245 606/1249 605/1243 
f 2567/1247 2569/1246 2570/1250 
f 531/1071 532/1070 534/1074 
f 2496/1066 2499/1078 2497/1072 
f 534/1074 535/1073 531/1071 
f 2499/1078 2496/1066 2500/1076 
f 608/1251 607/1252 303/576 
f 2572/1253 2271/580 2571/1254 
f 303/576 609/1255 608/1251 
f 2271/580 2572/1253 2573/1256 
f 612/1257 611/1258 610/1259 
f 2576/1260 2574/1261 2575/1262 
f 610/1259 613/1263 612/1257 
f 2574/1261 2576/1260 2577/1264 
f 616/1265 615/1266 614/1267 
f 2580/1268 2578/1269 2579/1270 
f 614/1267 617/1271 616/1265 
f 2578/1269 2580/1268 2581/1272 
f 619/1273 618/1274 616/1265 
f 2583/1275 2580/1268 2582/1276 
f 616/1265 617/1271 619/1273 
f 2580/1268 2583/1275 2581/1272 
f 622/1277 621/1278 620/1279 
f 2586/1280 2584/1281 2585/1282 
f 620/1279 623/1283 622/1277 
f 2584/1281 2586/1280 2587/1284 
f 624/1285 2006/1286 2005/1287 
f 2588/1288 3882/1289 3883/1290 
f 2005/1287 625/1291 624/1285 
f 3882/1289 2588/1288 2589/1292 
f 628/1293 627/1294 626/1295 
f 2592/1296 2590/1297 2591/1298 
f 626/1295 629/1299 628/1293 
f 2590/1297 2592/1296 2593/1300 
f 620/1279 621/1278 630/1301 
f 2584/1281 2594/1302 2585/1282 
f 630/1301 631/1303 620/1279 
f 2594/1302 2584/1281 2595/1304 
f 634/1305 633/1306 632/1307 
f 2598/1308 2596/1309 2597/1310 
f 632/1307 635/1311 634/1305 
f 2596/1309 2598/1308 2599/1312 
f 635/1311 632/1307 636/1313 
f 2599/1312 2600/1314 2596/1309 
f 636/1313 637/1315 635/1311 
f 2600/1314 2599/1312 2601/1316 
f 640/1317 639/1318 638/1319 
f 2604/1320 2602/1321 2603/1322 
f 638/1319 641/1323 640/1317 
f 2602/1321 2604/1320 2605/1324 
f 644/1325 643/1326 642/1327 
f 2608/1328 2606/1329 2607/1330 
f 642/1327 645/1331 644/1325 
f 2606/1329 2608/1328 2609/1332 
f 648/1333 647/1334 646/1335 
f 2612/1336 2610/1337 2611/1338 
f 646/1335 649/1339 648/1333 
f 2610/1337 2612/1336 2613/1340 
f 652/1341 651/1342 650/1343 
f 2616/1344 2614/1345 2615/1346 
f 650/1343 653/1347 652/1341 
f 2614/1345 2616/1344 2617/1348 
f 656/1349 655/1350 654/1351 
f 2620/1352 2618/1353 2619/1354 
f 654/1351 657/1355 656/1349 
f 2618/1353 2620/1352 2621/1356 
f 658/1357 661/1358 660/1359 
f 2622/1360 2624/1361 2625/1362 
f 660/1359 659/1363 658/1357 
f 2624/1361 2622/1360 2623/1364 
f 662/1365 1922/1366 664/1367 
f 2626/1368 2628/1369 3804/1370 
f 664/1367 663/1371 662/1365 
f 2628/1369 2626/1368 2627/1372 
f 131/206 116/173 117/179 
f 2106/210 2094/180 2093/176 
f 117/179 130/207 131/206 
f 2094/180 2106/210 2105/209 
f 120/181 2/213 135/219 
f 120/184 2110/220 2/216 
f 135/219 119/182 120/181 
f 2110/220 120/184 2096/186 
f 189/331 186/322 116/173 
f 2163/333 2093/176 2160/326 
f 116/173 131/206 189/331 
f 2093/176 2163/333 2106/210 
f 237/444 238/443 185/323 
f 2205/446 2159/325 2206/445 
f 185/323 190/330 237/444 
f 2159/325 2205/446 2164/334 
f 130/207 117/179 119/182 
f 2105/209 2096/186 2094/180 
f 119/182 135/219 130/207 
f 2096/186 2105/209 2110/220 
f 667/1373 666/1374 665/1375 
f 2631/1376 2629/1377 2630/1378 
f 665/1375 668/1379 667/1373 
f 2629/1377 2631/1376 2632/1380 
f 671/1381 670/1382 669/1383 
f 2635/1384 2633/1385 2634/1386 
f 669/1383 672/1387 671/1381 
f 2633/1385 2635/1384 2636/1388 
f 674/1389 673/1390 297/565 
f 2638/1391 2265/566 2637/1392 
f 297/565 294/561 674/1389 
f 2265/566 2638/1391 2262/563 
f 416/816 676/1393 675/1394 
f 2382/817 2639/1395 2640/1396 
f 675/1394 415/810 416/816 
f 2639/1395 2382/817 2381/813 
f 679/1397 678/1398 677/1399 
f 2643/1400 2641/1401 2642/1402 
f 677/1399 680/1403 679/1397 
f 2641/1401 2643/1400 2644/1404 
f 683/1405 682/1406 681/1407 
f 2647/1408 2645/1409 2646/1410 
f 681/1407 684/1411 683/1405 
f 2645/1409 2647/1408 2648/1412 
f 687/1413 686/1414 685/1415 
f 2651/1416 2649/1417 2650/1418 
f 685/1415 688/1419 687/1413 
f 2649/1417 2651/1416 2652/1420 
f 496/995 497/999 513/1031 
f 2461/996 2478/1032 2462/1034 
f 513/1031 512/1029 496/995 
f 2478/1032 2461/996 2477/1030 
f 501/1003 504/1012 517/1042 
f 2466/1006 2482/1044 2469/1016 
f 517/1042 516/1039 501/1003 
f 2482/1044 2466/1006 2481/1040 
f 689/1421 519/1089 509/1019 
f 2653/1422 2474/1022 2484/1090 
f 509/1019 690/1423 689/1421 
f 2474/1022 2653/1422 2654/1424 
f 540/1091 519/1089 689/1421 
f 2505/1092 2653/1422 2484/1090 
f 689/1421 691/1425 540/1091 
f 2653/1422 2505/1092 2655/1426 
f 514/1427 498/1122 549/1121 
f 2479/1428 2514/1125 2463/1124 
f 549/1121 692/1429 514/1427 
f 2514/1125 2479/1428 2656/1430 
f 552/1133 540/1132 691/1431 
f 2517/1137 2655/1432 2505/1135 
f 691/1431 693/1433 552/1133 
f 2655/1432 2517/1137 2657/1434 
f 692/1429 549/1121 500/1004 
f 2656/1430 2465/1008 2514/1125 
f 500/1004 515/1037 692/1429 
f 2465/1008 2656/1430 2480/1038 
f 696/1435 695/1436 694/1437 
f 2660/1438 2658/1439 2659/1440 
f 694/1437 697/1441 696/1435 
f 2658/1439 2660/1438 2661/1442 
f 700/1443 699/1444 698/1445 
f 2664/1446 2662/1447 2663/1448 
f 698/1445 701/1449 700/1443 
f 2662/1447 2664/1446 2665/1450 
f 704/1451 703/1452 702/1453 
f 2668/1454 2666/1455 2667/1456 
f 702/1453 705/1457 704/1451 
f 2666/1455 2668/1454 2669/1458 
f 708/1459 707/1460 706/1461 
f 2672/1462 2670/1463 2671/1464 
f 706/1461 709/1465 708/1459 
f 2670/1463 2672/1462 2673/1466 
f 654/1351 655/1350 710/1467 
f 2618/1353 2674/1468 2619/1354 
f 710/1467 711/1469 654/1351 
f 2674/1468 2618/1353 2675/1470 
f 714/1471 713/1472 712/1473 
f 2678/1474 2676/1475 2677/1476 
f 712/1473 715/1477 714/1471 
f 2676/1475 2678/1474 2679/1478 
f 649/1339 717/1479 716/1480 
f 2613/1340 2680/1481 2681/1482 
f 716/1480 718/1483 649/1339 
f 2680/1481 2613/1340 2682/1484 
f 642/1327 643/1326 719/1485 
f 2606/1329 2683/1486 2607/1330 
f 719/1485 720/1487 642/1327 
f 2683/1486 2606/1329 2684/1488 
f 723/1489 722/1490 721/1491 
f 2687/1492 2685/1493 2686/1494 
f 721/1491 724/1495 723/1489 
f 2685/1493 2687/1492 2688/1496 
f 726/1497 725/1498 462/917 
f 2690/1499 2427/921 2689/1500 
f 462/917 463/916 726/1497 
f 2427/921 2690/1499 2428/919 
f 725/1498 727/1501 466/924 
f 2689/1500 2431/927 2691/1502 
f 466/924 462/917 725/1498 
f 2431/927 2689/1500 2427/921 
f 727/1501 728/1503 468/928 
f 2691/1502 2433/931 2692/1504 
f 468/928 466/924 727/1501 
f 2433/931 2691/1502 2431/927 
f 728/1503 729/1505 470/932 
f 2692/1504 2435/935 2693/1506 
f 470/932 468/928 728/1503 
f 2435/935 2692/1504 2433/931 
f 729/1505 730/1507 472/936 
f 2693/1506 2437/939 2694/1508 
f 472/936 470/932 729/1505 
f 2437/939 2693/1506 2435/935 
f 730/1507 731/1509 474/940 
f 2694/1508 2439/943 2695/1510 
f 474/940 472/936 730/1507 
f 2439/943 2694/1508 2437/939 
f 476/950 1969/946 1970/1511 
f 2441/951 3848/1512 3847/948 
f 1970/1511 732/1513 476/950 
f 3848/1512 2441/951 2696/1514 
f 230/428 733/1515 591/1217 
f 2198/432 2555/1220 2697/1516 
f 591/1217 229/429 230/428 
f 2555/1220 2198/432 2197/431 
f 181/311 735/1517 734/1518 
f 2155/312 2698/1519 2699/1520 
f 734/1518 180/305 181/311 
f 2698/1519 2155/312 2154/308 
f 736/1521 425/841 234/436 
f 2700/1522 2202/440 2391/843 
f 234/436 235/435 736/1521 
f 2202/440 2700/1522 2203/438 
f 243/451 199/345 333/641 
f 2211/454 2300/642 2173/348 
f 333/641 342/658 243/451 
f 2300/642 2211/454 2309/662 
f 737/1523 1815/1524 1813/902 
f 2701/1525 1813/902 1815/1524 
f 1813/902 456/906 737/1523 
f 1813/902 2701/1525 2421/907 
f 249/467 598/1232 738/1526 
f 2217/468 2702/1527 2562/1236 
f 738/1526 739/1528 249/467 
f 2702/1527 2217/468 2703/1529 
f 262/493 740/1530 376/735 
f 2230/494 2343/736 2704/1531 
f 376/735 261/487 262/493 
f 2343/736 2230/494 2229/490 
f 342/658 333/641 330/637 
f 2309/662 2297/639 2300/642 
f 330/637 341/659 342/658 
f 2297/639 2309/662 2308/661 
f 178/307 179/306 737/1523 
f 2152/309 2701/1525 2153/310 
f 737/1523 456/906 178/307 
f 2701/1525 2152/309 2421/907 
f 374/732 741/1532 260/488 
f 2341/734 2228/492 2705/1533 
f 260/488 261/487 374/732 
f 2228/492 2341/734 2229/490 
f 400/780 398/777 422/833 
f 2366/781 2388/837 2364/779 
f 422/833 423/832 400/780 
f 2388/837 2366/781 2389/835 
f 426/840 742/1534 233/437 
f 2392/842 2201/439 2706/1535 
f 233/437 234/436 426/840 
f 2201/439 2392/842 2202/440 
f 341/659 330/637 583/1203 
f 2308/661 2547/1204 2297/639 
f 583/1203 588/1213 341/659 
f 2547/1204 2308/661 2552/1214 
f 232/433 229/429 592/1221 
f 2200/434 2556/1222 2197/431 
f 592/1221 586/1209 232/433 
f 2556/1222 2200/434 2550/1210 
f 660/1359 744/1536 743/1537 
f 2624/1361 2707/1538 2708/1539 
f 743/1537 659/1363 660/1359 
f 2707/1538 2624/1361 2623/1364 
f 645/1331 642/1327 650/1343 
f 2609/1332 2614/1345 2606/1329 
f 650/1343 651/1342 645/1331 
f 2614/1345 2609/1332 2615/1346 
f 258/485 746/1540 745/1541 
f 2226/486 2709/1542 2710/1543 
f 745/1541 257/479 258/485 
f 2709/1542 2226/486 2225/482 
f 747/1544 738/1526 595/1227 
f 2711/1545 2559/1228 2702/1527 
f 595/1227 596/1229 747/1544 
f 2559/1228 2711/1545 2560/1230 
f 748/1546 378/739 377/737 
f 2712/1547 2344/738 2345/740 
f 377/737 749/1548 748/1546 
f 2344/738 2712/1547 2713/1549 
f 254/477 751/1550 750/1551 
f 2222/478 2714/1552 2715/1553 
f 750/1551 253/471 254/477 
f 2714/1552 2222/478 2221/474 
f 1865/1554 753/1555 752/1556 
f 3749/1557 2716/1558 2717/1559 
f 752/1556 754/1560 1865/1554 
f 2716/1558 3749/1557 2718/1561 
f 756/1562 755/1563 252/472 
f 2720/1564 2220/476 2719/1565 
f 252/472 253/471 756/1562 
f 2220/476 2720/1564 2221/474 
f 758/1566 757/1567 254/477 
f 2722/1568 2222/478 2721/1569 
f 254/477 251/473 758/1566 
f 2222/478 2722/1568 2219/475 
f 759/1570 758/1566 251/473 
f 2723/1571 2219/475 2722/1568 
f 251/724 372/723 759/1572 
f 2219/728 2723/1573 2339/726 
f 755/1574 760/1575 373/729 
f 2719/1576 2340/730 2724/1577 
f 373/729 252/725 755/1574 
f 2340/730 2719/1576 2220/727 
f 378/739 260/488 741/1532 
f 2345/740 2705/1533 2228/492 
f 741/1532 263/497 378/739 
f 2705/1533 2345/740 2231/498 
f 748/1546 259/489 260/488 
f 2712/1547 2228/492 2227/491 
f 260/488 378/739 748/1546 
f 2228/492 2712/1547 2345/740 
f 757/1567 761/1578 751/1550 
f 2721/1569 2715/1553 2725/1579 
f 751/1550 254/477 757/1567 
f 2715/1553 2721/1569 2222/478 
f 756/1562 253/471 750/1551 
f 2720/1564 2714/1552 2221/474 
f 750/1551 762/1580 756/1562 
f 2714/1552 2720/1564 2726/1581 
f 765/1582 764/1583 763/1584 
f 2729/1585 2727/1586 2728/1587 
f 763/1584 766/1588 765/1582 
f 2727/1586 2729/1585 2730/1589 
f 755/1563 768/1590 767/1591 
f 2719/1565 2731/1592 2732/1593 
f 767/1594 760/1575 755/1574 
f 2731/1595 2719/1576 2724/1577 
f 768/1590 755/1563 756/1562 
f 2732/1593 2720/1564 2719/1565 
f 756/1562 762/1580 768/1590 
f 2720/1564 2732/1593 2726/1581 
f 771/1596 770/1597 769/1598 
f 2735/1599 2733/1600 2734/1601 
f 769/1598 772/1602 771/1596 
f 2733/1600 2735/1599 2736/1603 
f 41/15 733/1515 583/1203 
f 2019/18 2547/1204 2697/1516 
f 583/1203 40/16 41/15 
f 2547/1204 2019/18 2018/20 
f 1804/369 4/1604 175/298 
f 1804/369 2149/302 4/1604 
f 175/298 176/297 1804/369 
f 2149/302 1804/369 2150/300 
f 233/437 742/1534 773/1605 
f 2201/439 2737/1606 2706/1535 
f 773/1605 362/699 233/437 
f 2737/1606 2201/439 2329/700 
f 245/461 775/1607 774/1608 
f 2213/463 2738/1609 2739/1610 
f 774/1608 776/1611 245/461 
f 2738/1609 2213/463 2740/1612 
f 163/1613 761/1578 757/1567 
f 2138/1614 2721/1569 2725/1579 
f 757/1567 162/715 163/1613 
f 2721/1569 2138/1614 2137/716 
f 236/441 233/437 184/319 
f 2204/442 2158/320 2201/439 
f 184/319 777/1615 236/441 
f 2158/320 2204/442 2741/1616 
f 357/1617 336/643 332/635 
f 2324/1618 2299/638 2303/646 
f 332/635 200/351 357/1617 
f 2299/638 2324/1618 2174/352 
f 780/1619 779/1620 778/1621 
f 2744/1622 2742/1623 2743/1624 
f 778/1621 781/1625 780/1619 
f 2742/1623 2744/1622 2745/1626 
f 336/643 337/649 331/636 
f 2303/646 2298/640 2304/650 
f 331/636 332/635 336/643 
f 2298/640 2303/646 2299/638 
f 424/838 421/834 417/819 
f 2390/839 2383/823 2387/836 
f 417/819 418/818 424/838 
f 2383/823 2390/839 2384/821 
f 591/1217 581/1197 582/1201 
f 2555/1220 2546/1202 2545/1199 
f 582/1201 590/1218 591/1217 
f 2546/1202 2555/1220 2554/1219 
f 337/649 39/17 40/16 
f 2304/650 2018/20 2017/19 
f 40/16 331/636 337/649 
f 2018/20 2304/650 2298/640 
f 281/529 288/543 289/549 
f 2249/532 2257/550 2256/546 
f 289/549 280/530 281/529 
f 2257/550 2249/532 2248/534 
f 783/1627 782/1628 290/1629 
f 2747/1630 2258/1631 2746/1632 
f 290/1629 784/1633 783/1627 
f 2258/1631 2747/1630 2748/1634 
f 786/1635 785/1636 288/543 
f 2750/1637 2256/546 2749/1638 
f 288/543 281/529 786/1635 
f 2256/546 2750/1637 2249/532 
f 789/1639 788/1640 787/1641 
f 2753/1642 2751/1643 2752/1644 
f 787/1641 790/1645 789/1639 
f 2751/1643 2753/1642 2754/1646 
f 222/405 791/1647 381/741 
f 2191/406 2348/742 2755/1648 
f 381/741 99/142 222/405 
f 2348/742 2191/406 2076/146 
f 50/39 178/307 456/906 
f 2028/41 2421/907 2152/309 
f 456/906 53/43 50/39 
f 2421/907 2028/41 2031/44 
f 60/60 736/1521 398/777 
f 2037/64 2364/779 2700/1522 
f 398/777 59/61 60/60 
f 2364/779 2037/64 2036/63 
f 242/452 343/657 137/222 
f 2210/456 2112/226 2310/660 
f 137/222 138/221 242/452 
f 2112/226 2210/456 2113/224 
f 168/283 231/427 232/433 
f 2142/286 2200/434 2199/430 
f 232/433 167/284 168/283 
f 2200/434 2142/286 2141/285 
f 370/720 226/415 227/419 
f 2337/722 2196/420 2195/417 
f 227/419 792/1649 370/720 
f 2196/420 2337/722 2756/1650 
f 115/174 116/173 186/322 
f 2092/178 2160/326 2093/176 
f 186/322 187/321 115/174 
f 2160/326 2092/178 2161/324 
f 735/1517 793/1651 247/459 
f 2699/1520 2215/462 2757/1652 
f 247/459 734/1518 735/1517 
f 2215/462 2699/1520 2698/1519 
f 343/657 344/663 339/653 
f 2310/660 2306/654 2311/664 
f 339/653 137/222 343/657 
f 2306/654 2310/660 2112/226 
f 187/321 188/327 425/841 
f 2161/324 2391/843 2162/328 
f 425/841 397/774 187/321 
f 2391/843 2161/324 2363/775 
f 401/782 62/65 59/61 
f 2367/783 2036/63 2039/66 
f 59/61 399/776 401/782 
f 2036/63 2367/783 2365/778 
f 53/43 456/906 455/904 
f 2031/44 2420/905 2421/907 
f 455/904 459/1653 53/43 
f 2420/905 2031/44 2424/1654 
f 794/1655 795/1656 517/1042 
f 2758/1657 2482/1044 2759/1658 
f 517/1042 518/1041 794/1655 
f 2482/1044 2758/1657 2483/1043 
f 339/653 344/663 589/1215 
f 2306/654 2553/1216 2311/664 
f 589/1215 585/1207 339/653 
f 2553/1216 2306/654 2549/1208 
f 169/287 167/284 587/1211 
f 2143/288 2551/1212 2141/285 
f 587/1211 593/1223 169/287 
f 2551/1212 2143/288 2557/1224 
f 173/1659 170/1660 796/1661 
f 2147/1662 2760/1663 2144/1664 
f 796/1661 797/1665 173/1659 
f 2760/1663 2147/1662 2761/1666 
f 601/1240 798/1667 746/1540 
f 2565/1242 2710/1543 2762/1668 
f 746/1540 258/485 601/1240 
f 2710/1543 2565/1242 2226/486 
f 190/330 185/323 186/322 
f 2164/334 2160/326 2159/325 
f 186/322 189/331 190/330 
f 2160/326 2164/334 2163/333 
f 799/1669 433/856 385/751 
f 2763/1670 2352/753 2399/857 
f 385/751 800/1671 799/1669 
f 2352/753 2763/1670 2764/1672 
f 437/864 434/860 801/1673 
f 2403/865 2765/1674 2400/862 
f 801/1673 802/1675 437/864 
f 2765/1674 2403/865 2766/1676 
f 439/866 393/765 311/592 
f 2405/869 2279/596 2360/766 
f 311/592 312/591 439/866 
f 2279/596 2405/869 2280/594 
f 485/1677 321/613 395/769 
f 2450/970 2362/770 2289/614 
f 395/769 394/767 485/1677 
f 2362/770 2450/970 2361/768 
f 300/1678 301/1679 803/1680 
f 2268/570 2767/1681 2269/574 
f 803/1680 804/1682 300/1678 
f 2767/1681 2268/570 2768/1683 
f 299/568 806/1684 805/1685 
f 2267/1686 2769/1687 2770/1688 
f 805/1685 298/569 299/568 
f 2769/1687 2267/1686 2266/1689 
f 808/1690 386/750 807/1691 
f 2772/1692 2771/1693 2353/754 
f 807/1691 809/1694 808/1690 
f 2771/1693 2772/1692 2773/1695 
f 1170/1696 799/1669 810/1697 
f 3128/1698 2774/1699 2763/1670 
f 810/1697 1126/1700 1170/1696 
f 2774/1699 3128/1698 3084/1701 
f 435/859 811/1702 306/585 
f 2401/863 2274/587 2775/1703 
f 306/585 434/860 435/859 
f 2274/587 2401/863 2400/862 
f 480/958 315/600 442/873 
f 2445/959 2408/877 2283/604 
f 442/873 443/872 480/958 
f 2408/877 2445/959 2409/875 
f 451/892 448/888 324/615 
f 2417/893 2292/618 2414/890 
f 324/615 325/621 451/892 
f 2292/618 2417/893 2293/622 
f 481/960 812/1704 441/874 
f 2446/961 2407/876 2776/1705 
f 441/874 442/873 481/960 
f 2407/876 2446/961 2408/877 
f 448/888 449/887 310/593 
f 2414/890 2278/595 2415/891 
f 310/593 311/592 448/888 
f 2278/595 2414/890 2279/596 
f 321/613 485/1677 813/1706 
f 2289/614 2777/1707 2450/970 
f 813/1706 320/607 321/613 
f 2777/1707 2289/614 2288/610 
f 312/591 313/597 404/790 
f 2280/594 2370/791 2281/598 
f 404/790 482/962 312/591 
f 2370/791 2280/594 2447/963 
f 486/973 408/800 406/797 
f 2451/974 2372/799 2374/801 
f 406/797 484/966 486/973 
f 2372/799 2451/974 2449/967 
f 458/909 459/908 455/1708 
f 2423/913 2420/1709 2424/911 
f 455/1708 814/1710 458/909 
f 2420/1709 2423/913 2778/1711 
f 458/909 463/916 464/922 
f 2423/913 2429/923 2428/919 
f 464/922 457/910 458/909 
f 2429/923 2423/913 2422/912 
f 814/1710 726/1497 463/916 
f 2778/1711 2428/919 2690/1499 
f 463/916 458/909 814/1710 
f 2428/919 2778/1711 2423/913 
f 776/1611 774/1608 364/703 
f 2740/1612 2331/704 2738/1609 
f 364/703 365/705 776/1611 
f 2331/704 2740/1612 2332/706 
f 86/119 87/118 815/1712 
f 2063/121 2779/1713 2064/122 
f 815/1712 816/1714 86/119 
f 2779/1713 2063/121 2780/1715 
f 819/1716 818/1717 817/1718 
f 2783/1719 2781/1720 2782/1721 
f 817/1718 820/1722 819/1716 
f 2781/1720 2783/1719 2784/1723 
f 89/123 86/119 365/1724 
f 2066/124 2332/1725 2063/121 
f 365/1724 142/1726 89/123 
f 2332/1725 2066/124 2117/1727 
f 90/425 143/235 8/1728 
f 2067/426 8/1728 2118/236 
f 8/1728 228/421 90/425 
f 8/1728 2067/426 228/421 
f 222/405 788/1640 789/1639 
f 2191/406 2753/1642 2752/1644 
f 789/1639 791/1647 222/405 
f 2753/1642 2191/406 2755/1648 
f 345/666 3/1193 1797/1 
f 2312/668 1797/1 3/1193 
f 1797/1 35/5 345/666 
f 1797/1 2312/668 2014/6 
f 43/25 581/1197 41/15 
f 2021/27 2019/18 2545/1199 
f 41/15 42/21 43/25 
f 2019/18 2021/27 2020/22 
f 42/21 39/17 346/665 
f 2020/22 2313/667 2017/19 
f 346/665 45/23 42/21 
f 2313/667 2020/22 2023/26 
f 49/35 46/31 169/287 
f 2027/36 2143/288 2024/33 
f 169/287 348/669 49/35 
f 2143/288 2027/36 2315/671 
f 47/30 585/1207 168/283 
f 2025/34 2142/286 2549/1208 
f 168/283 46/31 47/30 
f 2142/286 2025/34 2024/33 
f 589/1215 588/1213 230/428 
f 2553/1216 2198/432 2552/1214 
f 230/428 231/427 589/1215 
f 2198/432 2553/1216 2199/430 
f 44/24 45/23 35/5 
f 2022/28 2014/6 2023/26 
f 35/5 34/3 44/24 
f 2014/6 2022/28 2013/4 
f 823/1729 822/1730 821/1731 
f 2787/1732 2785/1733 2786/1734 
f 821/1731 594/1225 823/1729 
f 2785/1733 2787/1732 2558/1226 
f 588/1213 583/1203 733/1515 
f 2552/1214 2697/1516 2547/1204 
f 733/1515 230/428 588/1213 
f 2697/1516 2552/1214 2198/432 
f 581/1197 591/1217 733/1515 
f 2545/1199 2697/1516 2555/1220 
f 733/1515 41/15 581/1197 
f 2697/1516 2545/1199 2019/18 
f 585/1207 589/1215 231/427 
f 2549/1208 2199/430 2553/1216 
f 231/427 168/283 585/1207 
f 2199/430 2549/1208 2142/286 
f 54/45 75/1735 22/1736 
f 2032/48 22/1736 2052/1737 
f 22/1736 1801/46 54/45 
f 22/1736 2032/48 1801/46 
f 350/676 397/774 60/60 
f 2317/678 2037/64 2363/775 
f 60/60 61/59 350/676 
f 2037/64 2317/678 2038/62 
f 77/91 403/786 441/874 
f 2054/94 2407/876 2369/1738 
f 441/874 812/1704 77/91 
f 2407/876 2054/94 2776/1705 
f 84/1739 85/820 417/819 
f 2061/1740 2383/823 2062/822 
f 417/819 777/1615 84/1739 
f 2383/823 2061/1740 2741/1616 
f 70/81 67/77 21/828 
f 2047/82 21/830 2044/79 
f 21/828 212/373 70/81 
f 21/830 2047/82 212/376 
f 236/441 421/834 422/833 
f 2204/442 2388/837 2387/836 
f 422/833 235/435 236/441 
f 2388/837 2204/442 2203/438 
f 68/76 69/75 61/59 
f 2045/80 2038/62 2046/78 
f 61/59 62/65 68/76 
f 2038/62 2045/80 2039/66 
f 481/960 442/873 315/600 
f 2446/961 2283/604 2408/877 
f 315/600 316/599 481/960 
f 2283/604 2446/961 2284/602 
f 235/435 422/833 398/777 
f 2203/438 2364/779 2388/837 
f 398/777 736/1521 235/435 
f 2364/779 2203/438 2700/1522 
f 777/1615 417/819 421/834 
f 2741/1616 2387/836 2383/823 
f 421/834 236/441 777/1615 
f 2387/836 2741/1616 2204/442 
f 397/774 425/841 736/1521 
f 2363/775 2700/1522 2391/843 
f 736/1521 60/60 397/774 
f 2700/1522 2363/775 2037/64 
f 824/1741 825/1742 826/1743 
f 2788/1744 2790/1745 2789/1746 
f 826/1743 827/1747 824/1741 
f 2790/1745 2788/1744 2791/1748 
f 482/962 404/790 812/1704 
f 2447/963 2776/1705 2370/791 
f 812/1704 481/960 482/962 
f 2776/1705 2447/963 2446/961 
f 484/966 406/797 828/1749 
f 2449/967 2792/1750 2372/799 
f 828/1749 483/964 484/966 
f 2792/1750 2449/967 2448/965 
f 779/1620 734/1518 247/459 
f 2743/1624 2215/462 2698/1519 
f 247/459 248/465 779/1620 
f 2215/462 2743/1624 2216/466 
f 829/1751 781/1752 778/1753 
f 2793/1754 2742/1755 2745/1756 
f 778/1753 830/1757 829/1751 
f 2742/1755 2793/1754 2794/1758 
f 831/1759 783/1627 784/1633 
f 2795/1760 2748/1634 2747/1630 
f 784/1633 220/1761 831/1759 
f 2748/1634 2795/1760 2189/1762 
f 831/1759 220/1761 176/1763 
f 2795/1760 2150/1764 2189/1762 
f 176/1763 177/1765 831/1759 
f 2150/1764 2795/1760 2151/1766 
f 832/1767 829/1751 830/1757 
f 2796/1768 2794/1758 2793/1754 
f 830/1757 833/1769 832/1767 
f 2794/1758 2796/1768 2797/1770 
f 245/461 776/1611 816/1771 
f 2213/463 2780/1772 2740/1612 
f 816/1771 248/465 245/461 
f 2780/1772 2213/463 2216/466 
f 143/235 140/231 1816/1773 
f 2118/236 1816/1773 2115/233 
f 1816/1773 8/1728 143/235 
f 1816/1773 2118/236 8/1728 
f 180/305 734/1518 779/1620 
f 2154/308 2743/1624 2698/1519 
f 779/1620 780/1619 180/305 
f 2743/1624 2154/308 2744/1622 
f 216/389 217/388 56/53 
f 2186/391 56/55 217/392 
f 56/53 57/52 216/389 
f 56/55 2186/391 2034/56 
f 816/1771 778/1621 779/1620 
f 2780/1772 2743/1624 2742/1623 
f 779/1620 248/465 816/1771 
f 2743/1624 2780/1772 2216/466 
f 452/896 453/895 1806/387 
f 2418/898 1806/390 453/899 
f 1806/387 218/393 452/896 
f 1806/390 2418/898 2187/394 
f 226/415 370/720 371/719 
f 2195/417 2338/721 2337/722 
f 371/719 349/673 226/415 
f 2338/721 2195/417 2316/674 
f 792/1649 50/39 51/38 
f 2756/1650 2029/42 2028/41 
f 51/38 370/720 792/1649 
f 2029/42 2756/1650 2337/722 
f 816/1714 815/1712 830/1757 
f 2780/1715 2794/1758 2779/1713 
f 830/1757 778/1753 816/1714 
f 2794/1758 2780/1715 2742/1755 
f 781/1625 177/303 174/299 
f 2745/1626 2148/301 2151/304 
f 174/299 780/1619 781/1625 
f 2148/301 2745/1626 2744/1622 
f 177/1765 781/1752 829/1751 
f 2151/1766 2793/1754 2745/1756 
f 829/1751 831/1759 177/1765 
f 2793/1754 2151/1766 2795/1760 
f 834/1774 782/1628 783/1627 
f 2798/1775 2747/1630 2746/1632 
f 783/1627 832/1767 834/1774 
f 2747/1630 2798/1775 2796/1768 
f 108/157 109/163 787/1641 
f 2085/160 2751/1643 2086/164 
f 787/1641 835/1776 108/157 
f 2751/1643 2085/160 2799/1777 
f 838/1778 837/1779 836/1780 
f 2802/1781 2800/1782 2801/1783 
f 836/1780 839/1784 838/1778 
f 2800/1782 2802/1781 2803/1785 
f 840/1786 842/1787 1220/1788 
f 2804/1789 3173/1790 2806/1791 
f 1220/1788 841/1792 840/1786 
f 3173/1790 2804/1789 2805/1793 
f 835/1776 787/1641 788/1640 
f 2799/1777 2752/1644 2751/1643 
f 788/1640 843/1794 835/1776 
f 2752/1644 2799/1777 2807/1795 
f 844/1796 95/134 839/1784 
f 2808/1797 2803/1785 2072/138 
f 839/1784 836/1780 844/1796 
f 2803/1785 2808/1797 2800/1782 
f 846/1798 845/1799 558/1153 
f 2810/1800 2523/1154 2809/1801 
f 558/1153 559/1149 846/1798 
f 2523/1154 2810/1800 2524/1151 
f 74/1802 71/314 183/313 
f 2051/1803 2157/316 2048/318 
f 183/313 113/171 74/1802 
f 2157/316 2051/1803 2090/172 
f 353/1804 74/1802 113/171 
f 2320/1805 2090/172 2051/1803 
f 113/171 110/167 353/1804 
f 2090/172 2320/1805 2087/169 
f 84/1739 777/1615 184/319 
f 2061/1740 2158/320 2741/1616 
f 184/319 182/315 84/1739 
f 2158/320 2061/1740 2156/317 
f 405/794 83/110 84/109 
f 2371/795 2061/112 2060/114 
f 84/109 182/792 405/794 
f 2061/112 2371/795 2156/793 
f 483/964 828/1749 450/886 
f 2448/965 2416/889 2792/1750 
f 450/886 451/892 483/964 
f 2416/889 2448/965 2417/893 
f 479/956 483/964 451/892 
f 2444/957 2417/893 2448/965 
f 451/892 325/621 479/956 
f 2417/893 2444/957 2293/622 
f 308/583 479/956 325/621 
f 2276/586 2293/622 2444/957 
f 325/621 322/617 308/583 
f 2293/622 2276/586 2290/619 
f 307/584 308/583 322/617 
f 2275/588 2290/619 2276/586 
f 322/617 432/854 307/584 
f 2290/619 2275/588 2398/855 
f 674/1389 436/858 437/864 
f 2638/1391 2403/865 2402/861 
f 437/864 430/851 674/1389 
f 2403/865 2638/1391 2396/853 
f 295/560 804/1682 847/1806 
f 2263/564 2811/1807 2768/1683 
f 847/1806 294/561 295/560 
f 2811/1807 2263/564 2262/563 
f 567/1169 849/1808 848/1809 
f 2532/1170 2812/1810 2813/1811 
f 848/1809 566/1163 567/1169 
f 2812/1810 2532/1170 2531/1166 
f 565/1164 851/1812 850/1813 
f 2530/1168 2814/1814 2815/1815 
f 850/1813 564/1165 565/1164 
f 2814/1814 2530/1168 2529/1167 
f 851/1812 565/1164 1975/1816 
f 2815/1815 3853/1817 2530/1168 
f 1975/1816 1974/1818 851/1812 
f 3853/1817 2815/1815 3852/1819 
f 569/1172 855/1820 854/1821 
f 2534/1176 2818/1822 2819/1823 
f 854/1821 568/1173 569/1172 
f 2818/1822 2534/1176 2533/1175 
f 571/1177 848/1809 849/1808 
f 2536/1178 2813/1811 2812/1810 
f 849/1808 570/1171 571/1177 
f 2813/1811 2536/1178 2535/1174 
f 848/1809 571/1177 1977/1824 
f 2812/1810 3855/1825 2536/1178 
f 1977/1824 1976/1826 848/1809 
f 3855/1825 2812/1810 3854/1827 
f 819/1716 850/1813 851/1812 
f 2783/1719 2815/1815 2814/1814 
f 851/1812 818/1717 819/1716 
f 2815/1815 2783/1719 2782/1721 
f 820/1722 557/1147 850/1813 
f 2784/1723 2814/1814 2522/1150 
f 850/1813 819/1716 820/1722 
f 2814/1814 2784/1723 2783/1719 
f 858/1828 861/1829 1979/1830 
f 2822/1831 3857/1832 2825/1833 
f 1979/1830 1978/1834 858/1828 
f 3857/1832 2822/1831 3856/1835 
f 863/1836 855/1820 862/1837 
f 2827/1838 2826/1839 2819/1823 
f 862/1837 572/1181 863/1836 
f 2826/1839 2827/1838 2537/1183 
f 864/1840 854/1821 855/1820 
f 2828/1841 2819/1823 2818/1822 
f 855/1820 863/1836 864/1840 
f 2819/1823 2828/1841 2827/1838 
f 854/1821 864/1840 1981/1842 
f 2818/1822 3859/1843 2828/1841 
f 1981/1842 1980/1844 854/1821 
f 3859/1843 2818/1822 3858/1845 
f 869/1846 868/1847 867/1848 
f 2833/1849 2831/1850 2832/1851 
f 867/1848 870/1852 869/1846 
f 2831/1850 2833/1849 2834/1853 
f 873/1854 872/1855 871/1856 
f 2837/1857 2835/1858 2836/1859 
f 871/1856 874/1860 873/1854 
f 2835/1858 2837/1857 2838/1861 
f 877/1862 876/1863 875/1864 
f 2841/1865 2839/1866 2840/1867 
f 875/1864 878/1868 877/1862 
f 2839/1866 2841/1865 2842/1869 
f 874/1860 871/1856 868/1847 
f 2838/1861 2832/1851 2835/1858 
f 868/1847 869/1846 874/1860 
f 2832/1851 2838/1861 2833/1849 
f 881/1870 880/1871 879/1872 
f 2845/1873 2843/1874 2844/1875 
f 879/1872 882/1876 881/1870 
f 2843/1874 2845/1873 2846/1877 
f 884/1878 883/1879 872/1880 
f 2848/1881 2836/1882 2847/1883 
f 872/1855 873/1854 884/1884 
f 2836/1859 2848/1885 2837/1857 
f 887/1886 886/1887 885/1888 
f 2851/1889 2849/1890 2850/1891 
f 885/1888 888/1892 887/1886 
f 2849/1890 2851/1889 2852/1893 
f 891/1894 890/1895 889/1896 
f 2855/1897 2853/1898 2854/1899 
f 889/1896 892/1900 891/1894 
f 2853/1898 2855/1897 2856/1901 
f 885/1888 894/1902 893/1903 
f 2849/1890 2857/1904 2858/1905 
f 893/1903 888/1892 885/1888 
f 2857/1904 2849/1890 2852/1893 
f 651/1342 652/1341 895/1906 
f 2615/1346 2859/1907 2616/1344 
f 895/1906 745/1541 651/1342 
f 2859/1907 2615/1346 2709/1542 
f 753/1555 1865/1554 896/1908 
f 2717/1559 2860/1909 3749/1557 
f 896/1908 897/1910 753/1555 
f 2860/1909 2717/1559 2861/1911 
f 900/1912 899/1913 898/1914 
f 2864/1915 2862/1916 2863/1917 
f 898/1914 901/1918 900/1912 
f 2862/1916 2864/1915 2865/1919 
f 897/1910 896/1908 899/1913 
f 2861/1911 2863/1917 2860/1909 
f 899/1913 900/1912 897/1910 
f 2863/1917 2861/1911 2864/1915 
f 264/496 903/1920 902/1921 
f 2232/499 2866/1922 2867/1923 
f 902/1921 377/737 264/496 
f 2866/1922 2232/499 2344/738 
f 377/737 902/1921 904/1924 
f 2344/738 2868/1925 2866/1922 
f 904/1924 749/1548 377/737 
f 2868/1925 2344/738 2713/1549 
f 905/1926 902/1921 903/1920 
f 2869/1927 2867/1923 2866/1922 
f 903/1920 906/1928 905/1926 
f 2867/1923 2869/1927 2870/1929 
f 907/1930 904/1924 902/1921 
f 2871/1931 2866/1922 2868/1925 
f 902/1921 905/1926 907/1930 
f 2866/1922 2871/1931 2869/1927 
f 908/1932 749/1548 904/1924 
f 2872/1933 2868/1925 2713/1549 
f 904/1924 907/1930 908/1932 
f 2868/1925 2872/1933 2871/1931 
f 763/1584 748/1546 749/1548 
f 2727/1586 2713/1549 2712/1547 
f 749/1548 908/1932 763/1584 
f 2713/1549 2727/1586 2872/1933 
f 764/1583 259/489 748/1546 
f 2728/1587 2712/1547 2227/491 
f 748/1546 763/1584 764/1583 
f 2712/1547 2728/1587 2727/1586 
f 909/1934 262/493 259/489 
f 2873/1935 2227/491 2230/494 
f 259/489 764/1583 909/1934 
f 2227/491 2873/1935 2728/1587 
f 752/1556 751/1550 761/1578 
f 2716/1558 2725/1579 2715/1553 
f 761/1578 910/1936 752/1556 
f 2725/1579 2716/1558 2874/1937 
f 753/1555 750/1551 751/1550 
f 2717/1559 2715/1553 2714/1552 
f 751/1550 752/1556 753/1555 
f 2715/1553 2717/1559 2716/1558 
f 897/1910 762/1580 750/1551 
f 2861/1911 2714/1552 2726/1581 
f 750/1551 753/1555 897/1910 
f 2714/1552 2861/1911 2717/1559 
f 900/1912 768/1590 762/1580 
f 2864/1915 2726/1581 2732/1593 
f 762/1580 897/1910 900/1912 
f 2726/1581 2864/1915 2861/1911 
f 901/1918 767/1591 768/1590 
f 2865/1919 2732/1593 2731/1592 
f 768/1590 900/1912 901/1918 
f 2732/1593 2865/1919 2864/1915 
f 911/1938 1817/1939 767/1591 
f 911/1938 2731/1592 1817/1939 
f 767/1591 901/1918 911/1938 
f 2731/1592 911/1938 2865/1919 
f 914/1940 913/1941 912/1942 
f 2877/1943 2875/1944 2876/1945 
f 912/1942 915/1946 914/1940 
f 2875/1944 2877/1943 2878/1947 
f 918/1948 917/1949 916/1950 
f 2881/1951 2879/1952 2880/1953 
f 916/1950 1866/1954 918/1948 
f 2879/1952 2881/1951 3750/1955 
f 920/1956 919/1957 1867/1958 
f 2883/1959 3751/1960 2882/1961 
f 1867/1958 921/1962 920/1956 
f 3751/1960 2883/1959 2884/1963 
f 923/1964 922/1965 915/1946 
f 2886/1966 2878/1947 2885/1967 
f 915/1946 912/1942 923/1964 
f 2878/1947 2886/1966 2875/1944 
f 925/1968 924/1969 922/1965 
f 2888/1970 2885/1967 2887/1971 
f 922/1965 923/1964 925/1968 
f 2885/1967 2888/1970 2886/1966 
f 928/1972 927/1973 926/1974 
f 2891/1975 2889/1976 2890/1977 
f 926/1974 929/1978 928/1972 
f 2889/1976 2891/1975 2892/1979 
f 931/1980 930/1981 920/1956 
f 2894/1982 2883/1959 2893/1983 
f 920/1956 921/1962 931/1980 
f 2883/1959 2894/1982 2884/1963 
f 927/1973 772/1602 769/1598 
f 2890/1977 2733/1600 2736/1603 
f 769/1598 926/1974 927/1973 
f 2733/1600 2890/1977 2889/1976 
f 172/289 772/1602 927/1973 
f 2146/292 2890/1977 2736/1603 
f 927/1973 914/1940 172/289 
f 2890/1977 2146/292 2877/1943 
f 922/1965 932/1984 171/290 
f 2885/1967 2145/294 2895/1985 
f 171/290 915/1946 922/1965 
f 2145/294 2885/1967 2878/1947 
f 924/1969 933/1986 932/1984 
f 2887/1971 2895/1985 2896/1987 
f 932/1984 922/1965 924/1969 
f 2895/1985 2887/1971 2885/1967 
f 917/1988 738/1526 747/1544 
f 2880/1989 2711/1545 2702/1527 
f 747/1544 916/1990 917/1988 
f 2711/1545 2880/1989 2879/1991 
f 934/1992 740/1530 262/493 
f 2897/1993 2230/494 2704/1531 
f 262/493 909/1934 934/1992 
f 2230/494 2897/1993 2873/1935 
f 935/1994 910/1936 761/1578 
f 2898/1995 2725/1579 2874/1937 
f 761/1578 739/1996 935/1994 
f 2725/1579 2898/1995 2703/1997 
f 1868/1998 910/1936 935/1994 
f 3752/1999 2898/1995 2874/1937 
f 935/1994 936/2000 1868/1998 
f 2898/1995 3752/1999 2899/2001 
f 918/1948 936/2000 935/1994 
f 2881/1951 2898/1995 2899/2001 
f 935/1994 917/1949 918/1948 
f 2898/1995 2881/1951 2880/1953 
f 917/1949 935/1994 739/1996 
f 2880/1953 2703/1997 2898/1995 
f 739/1528 738/1526 917/1988 
f 2703/1529 2880/1989 2702/1527 
f 766/1588 763/1584 908/1932 
f 2730/1589 2872/1933 2727/1586 
f 908/1932 937/2002 766/1588 
f 2872/1933 2730/1589 2900/2003 
f 754/1560 752/1556 910/1936 
f 2718/1561 2874/1937 2716/1558 
f 910/1936 1868/1998 754/1560 
f 2874/1937 2718/1561 3752/1999 
f 937/2002 908/1932 907/1930 
f 2900/2003 2871/1931 2872/1933 
f 907/1930 938/2004 937/2002 
f 2871/1931 2900/2003 2901/2005 
f 1869/2006 905/1926 906/1928 
f 3753/2007 2870/1929 2869/1927 
f 906/1928 939/2008 1869/2006 
f 2870/1929 3753/2007 2902/2009 
f 938/2004 907/1930 905/1926 
f 2901/2005 2869/1927 2871/1931 
f 905/1926 1869/2006 938/2004 
f 2869/1927 2901/2005 3753/2007 
f 942/2010 941/2011 940/2012 
f 2905/2013 2903/2014 2904/2015 
f 940/2012 943/2016 942/2010 
f 2903/2014 2905/2013 2906/2017 
f 946/2018 945/2019 944/2020 
f 2909/2021 2907/2022 2908/2023 
f 944/2020 947/2024 946/2018 
f 2907/2022 2909/2021 2910/2025 
f 949/2026 948/2027 934/1992 
f 2912/2028 2897/1993 2911/2029 
f 934/1992 950/2030 949/2026 
f 2897/1993 2912/2028 2913/2031 
f 943/2016 940/2012 951/2032 
f 2906/2017 2914/2033 2903/2014 
f 951/2032 952/2034 943/2016 
f 2914/2033 2906/2017 2915/2035 
f 954/2036 953/2037 948/2027 
f 2917/2038 2911/2029 2916/2039 
f 948/2027 949/2026 954/2036 
f 2911/2029 2917/2038 2912/2028 
f 952/2034 951/2032 955/2040 
f 2915/2035 2918/2041 2914/2033 
f 955/2040 956/2042 952/2034 
f 2918/2041 2915/2035 2919/2043 
f 957/2044 909/1934 764/1583 
f 2920/2045 2728/1587 2873/1935 
f 764/1583 765/1582 957/2044 
f 2728/1587 2920/2045 2729/1585 
f 934/1992 909/1934 957/2044 
f 2897/1993 2920/2045 2873/1935 
f 957/2044 950/2030 934/1992 
f 2920/2045 2897/1993 2913/2031 
f 126/199 127/198 958/2046 
f 2101/201 2921/2047 2102/202 
f 958/2046 239/447 126/199 
f 2921/2047 2101/201 2207/448 
f 959/2048 123/190 124/189 
f 2922/2049 2099/192 2098/194 
f 124/189 363/701 959/2048 
f 2099/192 2922/2049 2330/702 
f 124/189 125/195 958/2046 
f 2099/192 2921/2047 2100/196 
f 958/2046 127/198 124/189 
f 2921/2047 2099/192 2102/202 
f 962/2050 961/2051 960/2052 
f 2924/2053 960/2052 2923/2054 
f 960/2052 23/2055 962/2050 
f 960/2052 2924/2053 23/2055 
f 125/195 122/191 963/2056 
f 2100/196 2925/2057 2097/193 
f 963/2056 964/2058 125/195 
f 2925/2057 2100/196 2926/2059 
f 122/191 17/380 9/2060 
f 2097/193 9/2060 17/380 
f 9/2060 963/2056 122/191 
f 9/2060 2097/193 2925/2057 
f 958/2046 125/195 964/2058 
f 2921/2047 2926/2059 2100/196 
f 964/2058 773/1605 958/2046 
f 2926/2059 2921/2047 2737/1606 
f 773/1605 742/1534 239/447 
f 2737/1606 2207/448 2706/1535 
f 239/447 958/2046 773/1605 
f 2207/448 2737/1606 2921/2047 
f 426/840 238/443 239/447 
f 2392/842 2207/448 2206/445 
f 239/447 742/1534 426/840 
f 2207/448 2392/842 2706/1535 
f 188/327 185/323 238/443 
f 2162/328 2206/445 2159/325 
f 238/443 426/840 188/327 
f 2206/445 2162/328 2392/842 
f 964/2058 963/2056 111/166 
f 2926/2059 2088/170 2925/2057 
f 111/166 112/165 964/2058 
f 2088/170 2926/2059 2089/168 
f 963/2056 9/2060 965/2061 
f 2925/2057 965/2061 9/2060 
f 965/2061 111/166 963/2056 
f 965/2061 2925/2057 2088/170 
f 773/1605 964/2058 112/165 
f 2737/1606 2089/168 2926/2059 
f 112/165 362/699 773/1605 
f 2089/168 2737/1606 2329/700 
f 233/437 362/699 183/313 
f 2201/439 2157/316 2329/700 
f 183/313 184/319 233/437 
f 2157/316 2201/439 2158/320 
f 966/2062 138/221 139/227 
f 2927/2063 2114/228 2113/224 
f 139/227 366/708 966/2062 
f 2114/228 2927/2063 2333/709 
f 146/237 147/243 215/381 
f 2121/240 2185/383 2122/244 
f 215/381 367/707 146/237 
f 2185/383 2121/240 2334/710 
f 333/641 199/345 200/351 
f 2300/642 2174/352 2173/348 
f 200/351 332/635 333/641 
f 2174/352 2300/642 2299/638 
f 19/631 214/382 147/243 
f 19/633 2122/244 214/384 
f 147/243 144/239 19/631 
f 2122/244 19/633 2119/241 
f 342/658 343/657 242/452 
f 2309/662 2210/456 2310/660 
f 242/452 243/451 342/658 
f 2210/456 2309/662 2211/454 
f 145/238 146/237 139/227 
f 2120/242 2114/228 2121/240 
f 139/227 136/223 145/238 
f 2114/228 2120/242 2111/225 
f 199/345 243/451 244/457 
f 2173/348 2212/458 2211/454 
f 244/457 198/346 199/345 
f 2212/458 2173/348 2172/350 
f 356/2064 357/1617 200/351 
f 2323/2065 2174/352 2324/1618 
f 200/351 197/347 356/2064 
f 2174/352 2323/2065 2171/349 
f 241/453 242/452 138/221 
f 2209/455 2113/224 2210/456 
f 138/221 966/2062 241/453 
f 2113/224 2209/455 2927/2063 
f 968/2066 967/2067 295/560 
f 2929/2068 2263/564 2928/2069 
f 295/560 296/559 968/2066 
f 2263/564 2929/2068 2264/562 
f 477/952 969/2070 391/757 
f 2442/953 2358/760 2930/2071 
f 391/757 392/763 477/952 
f 2358/760 2442/953 2359/764 
f 395/769 321/613 318/609 
f 2362/770 2286/611 2289/614 
f 318/609 478/954 395/769 
f 2286/611 2362/770 2443/955 
f 804/1682 803/1680 970/2072 
f 2768/1683 2931/2073 2767/1681 
f 970/2072 847/1806 804/1682 
f 2931/2073 2768/1683 2811/1807 
f 813/1706 80/107 354/685 
f 2777/1707 2321/687 2057/102 
f 354/685 320/607 813/1706 
f 2321/687 2777/1707 2288/610 
f 357/1617 81/2074 335/644 
f 2324/1618 2302/648 2058/2075 
f 335/644 336/643 357/1617 
f 2302/648 2324/1618 2303/646 
f 293/2076 971/2077 383/746 
f 2261/2078 2350/748 2932/2079 
f 383/746 384/745 293/2076 
f 2350/748 2261/2078 2351/747 
f 382/743 972/2080 102/151 
f 2349/744 2079/153 2933/2081 
f 102/151 98/143 382/743 
f 2079/153 2349/744 2075/145 
f 102/151 972/2080 973/2082 
f 2079/153 2934/2083 2933/2081 
f 973/2082 105/155 102/151 
f 2934/2083 2079/153 2082/156 
f 224/413 974/2084 384/2085 
f 2193/414 2351/2086 2935/2087 
f 384/2085 106/407 224/413 
f 2351/2086 2193/414 2083/410 
f 383/746 790/1645 787/1641 
f 2350/748 2751/1643 2754/1646 
f 787/1641 109/163 383/746 
f 2751/1643 2350/748 2086/164 
f 222/405 221/403 843/1794 
f 2191/406 2807/1795 2190/404 
f 843/1794 788/1640 222/405 
f 2807/1795 2191/406 2752/1644 
f 837/1779 838/1778 276/2088 
f 2801/1783 2244/2089 2802/1781 
f 276/2088 975/2090 837/1779 
f 2244/2089 2801/1783 2936/2091 
f 38/7 20/630 329/629 
f 38/10 2296/632 20/634 
f 329/629 37/8 38/7 
f 2296/632 38/10 2016/12 
f 347/670 24/2092 1799/13 
f 2314/672 1799/14 24/2093 
f 1799/13 36/9 347/670 
f 1799/14 2314/672 2015/11 
f 821/1731 822/1730 1818/2094 
f 2785/1733 1818/2095 2786/1734 
f 1818/2094 1819/2096 821/1731 
f 1818/2095 2785/1733 1819/2097 
f 1820/2098 1821/2099 460/914 
f 1820/2100 2425/915 1821/2101 
f 460/914 457/910 1820/2098 
f 2425/915 1820/2100 2422/912 
f 1814/2102 1822/2103 814/1710 
f 1814/2102 2778/1711 1822/2103 
f 814/1710 455/1708 1814/2102 
f 2778/1711 1814/2102 2420/1709 
f 976/2104 1820/2098 457/910 
f 976/2105 2422/912 1820/2100 
f 457/910 464/922 976/2104 
f 2422/912 976/2105 2429/923 
f 814/1710 1822/2103 1823/2106 
f 2778/1711 1823/2106 1822/2103 
f 1823/2106 726/1497 814/1710 
f 1823/2106 2778/1711 2690/1499 
f 1824/2107 976/2104 464/922 
f 1824/2108 2429/923 976/2105 
f 464/922 461/918 1824/2107 
f 2429/923 1824/2108 2426/920 
f 726/1497 1823/2106 5/2109 
f 2690/1499 5/2109 1823/2106 
f 5/2109 725/1498 726/1497 
f 5/2109 2690/1499 2689/1500 
f 1/2110 1824/2107 461/918 
f 1/2111 2426/920 1824/2108 
f 461/918 465/925 1/2110 
f 2426/920 1/2111 2430/926 
f 725/1498 5/2109 1825/2112 
f 2689/1500 1825/2112 5/2109 
f 1825/2112 727/1501 725/1498 
f 1825/2112 2689/1500 2691/1502 
f 977/2113 1/2110 465/925 
f 977/2114 2430/926 1/2111 
f 465/925 467/929 977/2113 
f 2430/926 977/2114 2432/930 
f 727/1501 1825/2112 1826/2115 
f 2691/1502 1826/2115 1825/2112 
f 1826/2115 728/1503 727/1501 
f 1826/2115 2691/1502 2692/1504 
f 469/933 10/2116 977/2113 
f 2434/934 977/2114 10/2117 
f 977/2113 467/929 469/933 
f 977/2114 2434/934 2432/930 
f 728/1503 1826/2115 978/2118 
f 2692/1504 978/2118 1826/2115 
f 978/2118 729/1505 728/1503 
f 978/2118 2692/1504 2693/1506 
f 471/937 1827/2119 10/2116 
f 2436/938 10/2117 1827/2120 
f 10/2116 469/933 471/937 
f 10/2117 2436/938 2434/934 
f 729/1505 978/2118 1828/2121 
f 2693/1506 1828/2121 978/2118 
f 1828/2121 730/1507 729/1505 
f 1828/2121 2693/1506 2694/1508 
f 473/941 11/2122 1827/2119 
f 2438/942 1827/2120 11/2123 
f 1827/2119 471/937 473/941 
f 1827/2120 2438/942 2436/938 
f 730/1507 1828/2121 25/2124 
f 2694/1508 25/2124 1828/2121 
f 25/2124 731/1509 730/1507 
f 25/2124 2694/1508 2695/1510 
f 473/941 1964/2125 1961/2126 
f 2438/942 1961/2127 3844/2128 
f 1961/2126 11/2122 473/941 
f 1961/2127 2438/942 11/2123 
f 732/1513 1970/1511 1968/2129 
f 2696/1514 1968/2129 3848/1512 
f 1968/2129 1829/2130 732/1513 
f 1968/2129 2696/1514 1829/2130 
f 201/353 689/1421 690/1423 
f 2175/356 2654/1424 2653/1422 
f 690/1423 204/354 201/353 
f 2654/1424 2175/356 2178/358 
f 541/1093 691/1425 689/1421 
f 2506/1094 2653/1422 2655/1426 
f 689/1421 201/353 541/1093 
f 2653/1422 2506/1094 2175/356 
f 693/1433 691/1431 541/1097 
f 2657/1434 2506/1099 2655/1432 
f 541/1097 553/1140 693/1433 
f 2506/1099 2657/1434 2518/1141 
f 490/997 491/1000 497/999 
f 2455/998 2462/1034 2456/2131 
f 497/999 496/995 490/997 
f 2462/1034 2455/998 2461/996 
f 502/1009 503/1013 504/1012 
f 2467/1010 2469/1016 2468/1015 
f 504/1012 501/1003 502/1009 
f 2469/1016 2467/1010 2466/1006 
f 157/262 758/1566 759/1570 
f 2132/266 2723/1571 2722/1568 
f 759/1570 156/263 157/262 
f 2723/1571 2132/266 2131/265 
f 739/1996 761/1578 163/1613 
f 2703/1997 2138/1614 2725/1579 
f 163/275 249/467 739/1528 
f 2138/276 2703/1529 2217/468 
f 757/1567 758/1566 157/262 
f 2721/1569 2132/266 2722/1568 
f 157/262 162/715 757/1567 
f 2132/266 2721/1569 2137/716 
f 595/1227 738/1526 598/1232 
f 2559/1228 2562/1236 2702/1527 
f 598/1232 599/1231 595/1227 
f 2562/1236 2559/1228 2563/1234 
f 980/2132 979/2133 601/1240 
f 2938/2134 2565/1242 2937/2135 
f 601/1240 602/1239 980/2132 
f 2565/1242 2938/2134 2566/1241 
f 644/1325 647/1334 648/1333 
f 2608/1328 2612/1336 2611/1338 
f 648/1333 643/1326 644/1325 
f 2612/1336 2608/1328 2607/1330 
f 250/469 597/1233 598/1232 
f 2218/470 2562/1236 2561/1235 
f 598/1232 249/467 250/469 
f 2562/1236 2218/470 2217/468 
f 601/1240 979/2133 981/2136 
f 2565/1242 2939/2137 2937/2135 
f 981/2136 798/1667 601/1240 
f 2939/2137 2565/1242 2762/1668 
f 878/1868 875/1864 604/1244 
f 2842/1869 2568/1248 2839/1866 
f 604/1244 605/1243 878/1868 
f 2568/1248 2842/1869 2569/1246 
f 606/1249 603/1245 206/362 
f 2570/1250 2180/366 2567/1247 
f 206/362 207/361 606/1249 
f 2180/366 2570/1250 2181/364 
f 931/1980 769/1598 770/1597 
f 2894/1982 2734/1601 2733/1600 
f 770/1597 982/2138 931/1980 
f 2734/1601 2894/1982 2940/2139 
f 602/1239 599/1231 600/1237 
f 2566/1241 2564/1238 2563/1234 
f 600/1237 980/2132 602/1239 
f 2564/1238 2566/1241 2938/2134 
f 985/2140 984/2141 983/2142 
f 2943/2143 2941/2144 2942/2145 
f 983/2142 986/2146 985/2140 
f 2941/2144 2943/2143 2944/2147 
f 988/2148 987/2149 770/1597 
f 2946/2150 2734/1601 2945/2151 
f 770/1597 771/1596 988/2148 
f 2734/1601 2946/2150 2735/1599 
f 602/1239 255/481 595/1227 
f 2566/1241 2559/1228 2223/483 
f 595/1227 599/1231 602/1239 
f 2559/1228 2566/1241 2563/1234 
f 709/1465 990/2152 989/2153 
f 2673/1466 2947/2154 2948/2155 
f 989/2153 708/1459 709/1465 
f 2947/2154 2673/1466 2672/1462 
f 990/2152 992/2156 991/2157 
f 2948/2155 2949/2158 2950/2159 
f 991/2157 989/2153 990/2152 
f 2949/2158 2948/2155 2947/2154 
f 657/1355 994/2160 993/2161 
f 2621/1356 2951/2162 2952/2163 
f 993/2161 656/1349 657/1355 
f 2951/2162 2621/1356 2620/1352 
f 997/2164 996/2165 995/2166 
f 2955/2167 2953/2168 2954/2169 
f 995/2166 998/2170 997/2164 
f 2953/2168 2955/2167 2956/2171 
f 647/1334 981/2136 999/2172 
f 2611/1338 2957/2173 2939/2137 
f 999/2172 646/1335 647/1334 
f 2957/2173 2611/1338 2610/1337 
f 798/1667 981/2136 647/1334 
f 2762/1668 2611/1338 2939/2137 
f 647/1334 644/1325 798/1667 
f 2611/1338 2762/1668 2608/1328 
f 645/1331 746/1540 798/1667 
f 2609/1332 2762/1668 2710/1543 
f 798/1667 644/1325 645/1331 
f 2762/1668 2609/1332 2608/1328 
f 746/1540 645/1331 651/1342 
f 2710/1543 2615/1346 2609/1332 
f 651/1342 745/1541 746/1540 
f 2615/1346 2710/1543 2709/1542 
f 1000/2174 889/1896 890/1895 
f 2958/2175 2854/1899 2853/1898 
f 890/1895 1001/2176 1000/2174 
f 2854/1899 2958/2175 2959/2177 
f 1003/2178 1002/2179 888/1892 
f 2961/2180 2852/1893 2960/2181 
f 888/1892 893/1903 1003/2178 
f 2852/1893 2961/2180 2857/1904 
f 1005/2182 1004/2183 1003/2178 
f 2963/2184 2961/2180 2962/2185 
f 1003/2178 893/1903 1005/2182 
f 2961/2180 2963/2184 2857/1904 
f 1008/2186 709/1465 706/1461 
f 2966/2187 2670/1463 2673/1466 
f 706/1461 1009/2188 1008/2186 
f 2670/1463 2966/2187 2967/2189 
f 1011/2190 1010/2191 894/1902 
f 2969/2192 2858/1905 2968/2193 
f 894/1902 991/2157 1011/2190 
f 2858/1905 2969/2192 2949/2158 
f 1008/2186 1012/2194 990/2152 
f 2966/2187 2948/2155 2970/2195 
f 990/2152 709/1465 1008/2186 
f 2948/2155 2966/2187 2673/1466 
f 989/2153 885/1888 886/1887 
f 2947/2154 2850/1891 2849/1890 
f 886/1887 708/1459 989/2153 
f 2850/1891 2947/2154 2672/1462 
f 990/2152 1012/2194 1013/2196 
f 2948/2155 2971/2197 2970/2195 
f 1013/2196 992/2156 990/2152 
f 2971/2197 2948/2155 2950/2159 
f 991/2157 894/1902 885/1888 
f 2949/2158 2849/1890 2858/1905 
f 885/1888 989/2153 991/2157 
f 2849/1890 2949/2158 2947/2154 
f 166/277 1014/2198 1013/2196 
f 2140/280 2971/2197 2972/2199 
f 1013/2196 993/2161 166/277 
f 2971/2197 2140/280 2951/2162 
f 656/1349 1012/2194 1008/2186 
f 2620/1352 2966/2187 2970/2195 
f 1008/2186 655/1350 656/1349 
f 2966/2187 2620/1352 2619/1354 
f 722/1490 995/2166 657/1355 
f 2686/1494 2621/1356 2953/2168 
f 657/1355 654/1351 722/1490 
f 2621/1356 2686/1494 2618/1353 
f 722/1490 654/1351 711/1469 
f 2686/1494 2675/1470 2618/1353 
f 711/1469 721/1491 722/1490 
f 2675/1470 2686/1494 2685/1493 
f 1017/2200 1016/2201 1015/2202 
f 2975/2203 2973/2204 2974/2205 
f 1015/2202 1018/2206 1017/2200 
f 2973/2204 2975/2203 2976/2207 
f 710/1467 655/1350 1008/2186 
f 2674/1468 2966/2187 2619/1354 
f 1008/2186 1009/2188 710/1467 
f 2966/2187 2674/1468 2967/2189 
f 995/2166 996/2165 994/2160 
f 2953/2168 2952/2163 2954/2169 
f 994/2160 657/1355 995/2166 
f 2952/2163 2953/2168 2621/1356 
f 993/2161 1013/2196 1012/2194 
f 2951/2162 2970/2195 2971/2197 
f 1012/2194 656/1349 993/2161 
f 2970/2195 2951/2162 2620/1352 
f 1019/2208 891/1894 892/1900 
f 2977/2209 2856/1901 2855/1897 
f 892/1900 1020/2210 1019/2208 
f 2856/1901 2977/2209 2978/2211 
f 1018/2206 1022/2212 1021/2213 
f 2976/2207 2979/2214 2980/2215 
f 1021/2213 1023/2216 1018/2206 
f 2979/2214 2976/2207 2981/2217 
f 1025/2218 698/1445 1024/2219 
f 2983/2220 2982/2221 2662/1447 
f 1024/2219 1026/2222 1025/2218 
f 2982/2221 2983/2220 2984/2223 
f 1028/2224 1027/2225 1017/2200 
f 2986/2226 2975/2203 2985/2227 
f 1017/2200 1029/2228 1028/2224 
f 2975/2203 2986/2226 2987/2229 
f 1022/2212 712/1473 1030/2230 
f 2980/2215 2988/2231 2676/1475 
f 1030/2230 1021/2213 1022/2212 
f 2988/2231 2980/2215 2979/2214 
f 1002/2179 1032/2232 1031/2233 
f 2960/2181 2989/2234 2990/2235 
f 1031/2233 1033/2236 1002/2179 
f 2989/2234 2960/2181 2991/2237 
f 1035/2238 1034/2239 1001/2176 
f 2993/2240 2959/2177 2992/2241 
f 1001/2176 1036/2242 1035/2238 
f 2959/2177 2993/2240 2994/2243 
f 1002/2179 1003/2178 1037/2244 
f 2960/2181 2995/2245 2961/2180 
f 1037/2244 1032/2232 1002/2179 
f 2995/2245 2960/2181 2990/2235 
f 984/2246 932/1984 933/1986 
f 2942/2145 2896/2247 2895/2248 
f 933/2249 983/2142 984/2141 
f 2896/2247 2942/2145 2941/2144 
f 1866/1954 916/1950 924/1969 
f 3750/1955 2887/1971 2879/1952 
f 924/1969 925/1968 1866/1954 
f 2887/1971 3750/1955 2888/1970 
f 916/1990 747/1544 933/2249 
f 2879/1991 2896/2247 2711/1545 
f 933/1986 924/1969 916/1950 
f 2896/1987 2879/1952 2887/1971 
f 1039/2250 1038/2251 953/2037 
f 2997/2252 2916/2039 2996/2253 
f 953/2037 954/2036 1039/2250 
f 2916/2039 2997/2252 2917/2038 
f 596/1229 256/480 986/2146 
f 2560/1230 2944/2147 2224/484 
f 986/2146 983/2142 596/1229 
f 2944/2147 2560/1230 2941/2144 
f 1870/2254 661/1358 658/1357 
f 3754/2255 2622/1360 2625/1362 
f 658/1357 1879/2256 1870/2254 
f 2622/1360 3754/2255 3762/2257 
f 796/1661 170/1660 984/2141 
f 2760/1663 2942/2145 2144/1664 
f 984/2141 985/2140 796/1661 
f 2942/2145 2760/1663 2943/2143 
f 945/2019 946/2018 1038/2251 
f 2908/2023 2996/2253 2909/2021 
f 1038/2251 1039/2250 945/2019 
f 2996/2253 2908/2023 2997/2252 
f 170/291 171/290 932/1984 
f 2144/293 2895/1985 2145/294 
f 932/1984 984/2246 170/291 
f 2895/2248 2144/1664 2942/2145 
f 1830/2258 1831/2259 153/254 
f 1830/2258 2128/258 1831/2259 
f 153/254 154/253 1830/2258 
f 2128/258 1830/2258 2129/256 
f 993/2161 994/2160 165/278 
f 2951/2162 2139/281 2952/2163 
f 165/278 166/277 993/2161 
f 2139/281 2951/2162 2140/280 
f 6/2260 372/723 373/729 
f 6/2260 2340/730 2339/726 
f 373/729 1832/2261 6/2260 
f 2340/730 6/2260 1832/2261 
f 658/1357 659/1363 1041/2262 
f 2622/1360 2999/2263 2623/1364 
f 1041/2262 1040/2264 658/1357 
f 2999/2263 2622/1360 2998/2265 
f 1832/2261 373/729 760/1575 
f 1832/2261 2724/1577 2340/730 
f 760/1575 27/2266 1832/2261 
f 2724/1577 1832/2261 27/2266 
f 1879/2256 658/1357 1040/2264 
f 3762/2257 2998/2265 2622/1360 
f 1040/2264 1880/2267 1879/2256 
f 2998/2265 3762/2257 3763/2268 
f 1042/2269 1043/2270 743/1537 
f 3000/2271 2707/1538 3001/2272 
f 743/1537 1037/2244 1042/2269 
f 2707/1538 3000/2271 2995/2245 
f 1045/2273 1044/2274 880/1871 
f 3003/2275 2844/1875 3002/2276 
f 880/1871 881/1870 1045/2273 
f 2844/1875 3003/2275 2845/1873 
f 893/1903 894/1902 1010/2191 
f 2857/1904 2968/2193 2858/1905 
f 1010/2191 1005/2182 893/1903 
f 2968/2193 2857/1904 2963/2184 
f 1834/2277 906/1928 903/1920 
f 1834/2277 2867/1923 2870/1929 
f 903/1920 1833/2278 1834/2277 
f 2867/1923 1834/2277 1833/2278 
f 1834/2277 12/2279 939/2008 
f 1834/2277 2902/2009 12/2279 
f 939/2008 906/1928 1834/2277 
f 2902/2009 1834/2277 2870/1929 
f 991/2157 992/2156 1046/2280 
f 2949/2158 3004/2281 2950/2159 
f 1046/2280 1011/2190 991/2157 
f 3004/2281 2949/2158 2969/2192 
f 1005/2182 13/2282 28/2283 
f 2963/2184 28/2283 13/2282 
f 28/2283 1004/2183 1005/2182 
f 28/2283 2963/2184 2962/2185 
f 992/2156 1013/2196 1014/2198 
f 2950/2159 2972/2199 2971/2197 
f 1014/2198 1046/2280 992/2156 
f 2972/2199 2950/2159 3004/2281 
f 994/2160 996/2165 1047/2284 
f 2952/2163 3005/2285 2954/2169 
f 1047/2284 165/278 994/2160 
f 3005/2285 2952/2163 2139/281 
f 16/282 1835/2286 1014/2198 
f 16/282 2972/2199 1835/2286 
f 1014/2198 166/277 16/282 
f 2972/2199 16/282 2140/280 
f 1037/2244 1003/2178 1004/2183 
f 2995/2245 2962/2185 2961/2180 
f 1004/2183 1042/2269 1037/2244 
f 2962/2185 2995/2245 3000/2271 
f 1050/2287 1049/2288 1048/2289 
f 3008/2290 3006/2291 3007/2292 
f 1048/2289 1051/2293 1050/2287 
f 3006/2291 3008/2290 3009/2294 
f 929/1978 926/1974 921/1962 
f 2892/1979 2884/1963 2889/1976 
f 921/1962 1867/1958 929/1978 
f 2884/1963 2892/1979 3751/1960 
f 921/1962 926/1974 769/1598 
f 2884/1963 2733/1600 2889/1976 
f 769/1598 931/1980 921/1962 
f 2733/1600 2884/1963 2894/1982 
f 987/2149 1052/2295 982/2138 
f 2945/2151 2940/2139 3010/2296 
f 982/2138 770/1597 987/2149 
f 2940/2139 2945/2151 2734/1601 
f 876/1863 877/1862 1053/2297 
f 2840/1867 3011/2298 2841/1865 
f 1053/2297 1054/2299 876/1863 
f 3011/2298 2840/1867 3012/2300 
f 1057/2301 1056/2302 1055/2303 
f 3015/2304 3013/2305 3014/2306 
f 1055/2303 1058/2307 1057/2301 
f 3013/2305 3015/2304 3016/2308 
f 797/1665 796/1661 1059/2309 
f 2761/1666 3017/2310 2760/1663 
f 1059/2309 1055/2303 797/1665 
f 3017/2310 2761/1666 3013/2305 
f 1059/2309 796/1661 985/2140 
f 3017/2310 2943/2143 2760/1663 
f 985/2140 1060/2311 1059/2309 
f 2943/2143 3017/2310 3018/2312 
f 1061/2313 1059/2309 1060/2311 
f 3019/2314 3018/2312 3017/2310 
f 1060/2311 1062/2315 1061/2313 
f 3018/2312 3019/2314 3020/2316 
f 1057/2301 1064/2317 1063/2318 
f 3015/2304 3021/2319 3022/2320 
f 1063/2318 1065/2321 1057/2301 
f 3021/2319 3015/2304 3023/2322 
f 400/780 241/453 966/2062 
f 2366/781 2927/2063 2209/455 
f 966/2062 399/776 400/780 
f 2927/2063 2366/781 2365/778 
f 367/707 215/381 420/826 
f 2334/710 2386/829 2185/383 
f 420/826 402/784 367/707 
f 2386/829 2334/710 2368/785 
f 319/608 355/684 407/796 
f 2287/612 2373/798 2322/688 
f 407/796 408/800 319/608 
f 2373/798 2287/612 2374/801 
f 419/824 356/2064 197/347 
f 2385/825 2171/349 2323/2065 
f 197/347 418/818 419/824 
f 2171/349 2385/825 2384/821 
f 424/838 198/346 244/457 
f 2390/839 2212/458 2172/350 
f 244/457 423/832 424/838 
f 2212/458 2390/839 2389/835 
f 436/858 847/1806 970/2072 
f 2402/861 2931/2073 2811/1807 
f 970/2072 435/859 436/858 
f 2931/2073 2402/861 2401/863 
f 367/707 402/784 401/782 
f 2334/710 2367/783 2368/785 
f 401/782 366/708 367/707 
f 2367/783 2334/710 2333/709 
f 484/966 445/882 446/881 
f 2449/967 2412/885 2411/884 
f 446/881 486/973 484/966 
f 2412/885 2449/967 2451/974 
f 423/832 244/457 241/453 
f 2389/835 2209/455 2212/458 
f 241/453 400/780 423/832 
f 2209/455 2389/835 2366/781 
f 418/818 197/347 198/346 
f 2384/821 2172/350 2171/349 
f 198/346 424/838 418/818 
f 2172/350 2384/821 2390/839 
f 399/776 966/2062 366/708 
f 2365/778 2333/709 2927/2063 
f 366/708 401/782 399/776 
f 2333/709 2365/778 2367/783 
f 355/684 356/683 419/2323 
f 2322/688 2385/2324 2323/686 
f 419/2323 407/796 355/684 
f 2385/2324 2322/688 2373/798 
f 969/2070 477/952 447/880 
f 2930/2071 2413/883 2442/953 
f 447/880 811/1702 969/2070 
f 2413/883 2930/2071 2775/1703 
f 318/609 319/608 408/800 
f 2286/611 2374/801 2287/612 
f 408/800 486/973 318/609 
f 2374/801 2286/611 2451/974 
f 57/52 64/68 349/673 
f 2034/56 2316/674 2041/72 
f 349/673 216/389 57/52 
f 2316/674 2034/56 2186/391 
f 133/211 130/207 135/219 
f 2108/212 2110/220 2105/209 
f 135/219 134/215 133/211 
f 2110/220 2108/212 2109/217 
f 822/1730 823/1729 63/69 
f 2786/1734 2040/71 2787/1732 
f 63/69 58/51 822/1730 
f 2040/71 2786/1734 2035/54 
f 1066/2325 548/2326 369/713 
f 3024/2327 2336/714 2513/2328 
f 369/713 368/711 1066/2325 
f 2336/714 3024/2327 2335/712 
f 218/393 371/719 52/37 
f 2187/394 2030/40 2338/721 
f 52/37 452/896 218/393 
f 2030/40 2187/394 2418/898 
f 491/2329 490/981 487/977 
f 2456/2330 2452/979 2455/982 
f 487/977 155/2331 491/2329 
f 2452/979 2456/2330 2130/2332 
f 499/1005 550/1120 529/1065 
f 2464/2333 2494/1067 2515/2334 
f 529/1065 530/1064 499/1005 
f 2494/1067 2464/2333 2495/1068 
f 548/1112 546/1118 545/1108 
f 2513/1115 2510/1111 2511/1119 
f 545/1108 369/1107 548/1112 
f 2510/1111 2513/1115 2336/1109 
f 546/1118 526/1057 527/1056 
f 2511/1119 2492/1060 2491/1059 
f 527/1056 545/1108 546/1118 
f 2492/1060 2511/1119 2510/1111 
f 722/1490 723/1489 998/2170 
f 2686/1494 2956/2171 2687/1492 
f 998/2170 995/2166 722/1490 
f 2956/2171 2686/1494 2953/2168 
f 64/68 57/52 58/51 
f 2041/72 2035/54 2034/56 
f 58/51 63/69 64/68 
f 2035/54 2041/72 2040/71 
f 37/8 48/29 49/35 
f 2016/12 2027/36 2026/32 
f 49/35 36/9 37/8 
f 2027/36 2016/12 2015/11 
f 349/673 371/719 218/393 
f 2316/674 2187/394 2338/721 
f 218/393 216/389 349/673 
f 2187/394 2316/674 2186/391 
f 1068/2335 1067/2336 646/1335 
f 3026/2337 2610/1337 3025/2338 
f 646/1335 999/2172 1068/2335 
f 2610/1337 3026/2337 2957/2173 
f 1069/2339 696/1435 697/1441 
f 3027/2340 2661/1442 2660/1438 
f 697/1441 1070/2341 1069/2339 
f 2661/1442 3027/2340 3028/2342 
f 699/1444 1071/2343 1024/2219 
f 2663/1448 2982/2221 3029/2344 
f 1024/2219 698/1445 699/1444 
f 2982/2221 2663/1448 2662/1447 
f 1072/2345 702/1453 703/1452 
f 3030/2346 2667/1456 2666/1455 
f 703/1452 1073/2347 1072/2345 
f 2667/1456 3030/2346 3031/2348 
f 1074/2349 1030/2230 712/1473 
f 3032/2350 2676/1475 2988/2231 
f 712/1473 713/1472 1074/2349 
f 2676/1475 3032/2350 2677/1476 
f 1023/2216 1029/2228 1017/2200 
f 2981/2217 2975/2203 2987/2229 
f 1017/2200 1018/2206 1023/2216 
f 2975/2203 2981/2217 2976/2207 
f 1076/2351 1075/2352 1027/2225 
f 3034/2353 2985/2227 3033/2354 
f 1027/2225 1077/2355 1076/2351 
f 2985/2227 3034/2353 3035/2356 
f 1018/2206 1015/2202 1078/2357 
f 2976/2207 3036/2358 2973/2204 
f 1078/2357 1022/2212 1018/2206 
f 3036/2358 2976/2207 2980/2215 
f 1025/2218 1079/2359 701/1449 
f 2983/2220 2665/1450 3037/2360 
f 701/1449 698/1445 1025/2218 
f 2665/1450 2983/2220 2662/1447 
f 1027/2225 1075/2352 1016/2201 
f 2985/2227 2974/2205 3033/2354 
f 1016/2201 1017/2200 1027/2225 
f 2974/2205 2985/2227 2975/2203 
f 1022/2212 1078/2357 715/1477 
f 2980/2215 2679/1478 3036/2358 
f 715/1477 712/1473 1022/2212 
f 2679/1478 2980/2215 2676/1475 
f 1081/2361 1080/2362 705/1457 
f 3039/2363 2669/1458 3038/2364 
f 705/1457 702/1453 1081/2361 
f 2669/1458 3039/2363 2666/1455 
f 695/1436 1083/2365 1082/2366 
f 2659/1440 3040/2367 3041/2368 
f 1082/2366 694/1437 695/1436 
f 3040/2367 2659/1440 2658/1439 
f 1078/2357 1015/2202 1084/2369 
f 3036/2358 3042/2370 2973/2204 
f 1084/2369 1085/2371 1078/2357 
f 3042/2370 3036/2358 3043/2372 
f 1087/2373 1086/2374 1075/2352 
f 3045/2375 3033/2354 3044/2376 
f 1075/2352 1076/2351 1087/2373 
f 3033/2354 3045/2375 3034/2353 
f 705/1457 1089/2377 1088/2378 
f 2669/1458 3046/2379 3047/2380 
f 1088/2378 704/1451 705/1457 
f 3046/2379 2669/1458 2668/1454 
f 1080/2362 1090/2381 1089/2377 
f 3038/2364 3047/2380 3048/2382 
f 1089/2377 705/1457 1080/2362 
f 3047/2380 3038/2364 2669/1458 
f 1092/2383 700/1443 1091/2384 
f 3050/2385 3049/2386 2664/1446 
f 1091/2384 1093/2387 1092/2383 
f 3049/2386 3050/2385 3051/2388 
f 1079/2359 1095/2389 1094/2390 
f 3037/2360 3052/2391 3053/2392 
f 1094/2390 701/1449 1079/2359 
f 3052/2391 3037/2360 2665/1450 
f 694/1437 1082/2366 1095/2389 
f 2658/1439 3053/2392 3040/2367 
f 1095/2389 1079/2359 694/1437 
f 3053/2392 2658/1439 3037/2360 
f 704/1451 1088/2378 1096/2393 
f 2668/1454 3054/2394 3046/2379 
f 1096/2393 1097/2395 704/1451 
f 3054/2394 2668/1454 3055/2396 
f 1086/2374 1098/2397 1016/2201 
f 3044/2376 2974/2205 3056/2398 
f 1016/2201 1075/2352 1086/2374 
f 2974/2205 3044/2376 3033/2354 
f 1016/2201 1098/2397 1084/2369 
f 2974/2205 3042/2370 3056/2398 
f 1084/2369 1015/2202 1016/2201 
f 3042/2370 2974/2205 2973/2204 
f 1085/2371 1099/2399 715/1477 
f 3043/2372 2679/1478 3057/2400 
f 715/1477 1078/2357 1085/2371 
f 2679/1478 3043/2372 3036/2358 
f 714/1471 715/1477 1099/2399 
f 2678/1474 3057/2400 2679/1478 
f 1099/2399 1100/2401 714/1471 
f 3057/2400 2678/1474 3058/2402 
f 1102/2403 1101/2404 503/1013 
f 3060/2405 2468/1015 3059/2406 
f 503/1013 502/1009 1102/2403 
f 2468/1015 3060/2405 2467/1010 
f 1103/2407 1102/2403 502/1009 
f 3061/2408 2467/1010 3060/2405 
f 502/1009 499/1005 1103/2407 
f 2467/1010 3061/2408 2464/1007 
f 1104/2409 1103/2407 499/1005 
f 3062/2410 2464/1007 3061/2408 
f 499/1005 530/1064 1104/2409 
f 2464/1007 3062/2410 2495/2411 
f 1105/2412 1104/2409 530/1064 
f 3063/2413 2495/2411 3062/2410 
f 530/1064 531/1063 1105/2412 
f 2495/2411 3063/2413 2496/2414 
f 535/2415 1106/2416 1105/2412 
f 2500/2417 3063/2413 3064/2418 
f 1105/2412 531/1063 535/2415 
f 3063/2413 2500/2417 2496/2414 
f 551/1134 552/1133 506/1017 
f 2516/1136 2471/1018 2517/1137 
f 506/1017 1106/2416 551/1134 
f 2471/1018 2516/1136 3064/2418 
f 1101/2404 1107/2419 506/1017 
f 3059/2406 2471/1018 3065/2420 
f 506/1017 503/1013 1101/2404 
f 2471/1018 3059/2406 2468/1015 
f 219/396 92/125 93/131 
f 2188/400 2070/132 2069/128 
f 93/131 209/397 219/396 
f 2070/132 2188/400 2183/399 
f 223/409 104/149 105/155 
f 2192/411 2082/156 2081/152 
f 105/155 224/413 223/409 
f 2082/156 2192/411 2193/414 
f 269/510 277/521 278/527 
f 2237/512 2246/528 2245/524 
f 278/527 271/513 269/510 
f 2246/528 2237/512 2239/514 
f 291/552 292/551 285/541 
f 2259/556 2253/542 2260/554 
f 285/541 283/538 291/552 
f 2253/542 2259/556 2251/540 
f 1108/2421 572/1181 862/1837 
f 3066/2422 2826/1839 2537/1183 
f 862/1837 1109/2423 1108/2421 
f 2826/1839 3066/2422 3067/2424 
f 974/2084 224/413 105/155 
f 2935/2087 2082/156 2193/414 
f 105/155 973/2082 974/2084 
f 2082/156 2935/2087 2934/2083 
f 18/422 210/372 209/370 
f 18/422 2183/371 210/372 
f 209/370 93/423 18/422 
f 2183/371 18/422 2070/424 
f 1111/2425 1110/2426 475/944 
f 3069/2427 2440/947 3068/2428 
f 475/944 476/950 1111/2425 
f 2440/947 3069/2427 2441/951 
f 1112/2429 1111/2425 476/950 
f 3070/2430 2441/951 3069/2427 
f 476/950 732/1513 1112/2429 
f 2441/951 3070/2430 2696/1514 
f 1110/2426 1836/2431 26/2432 
f 3068/2428 26/2433 1836/2434 
f 26/2432 475/944 1110/2426 
f 26/2433 3068/2428 2440/947 
f 1112/2429 732/1513 1829/2130 
f 3070/2430 1829/2130 2696/1514 
f 1829/2130 1837/2435 1112/2429 
f 1829/2130 3070/2430 1837/2435 
f 29/2436 1111/2425 1112/2429 
f 29/2436 3070/2430 3069/2427 
f 1112/2429 1837/2435 29/2436 
f 3070/2430 29/2436 1837/2435 
f 29/2436 1836/2431 1110/2426 
f 29/2436 3068/2428 1836/2434 
f 1110/2426 1111/2425 29/2436 
f 3068/2428 29/2436 3069/2427 
f 1058/2307 1055/2303 1059/2309 
f 3016/2308 3017/2310 3013/2305 
f 1059/2309 1061/2313 1058/2307 
f 3017/2310 3016/2308 3019/2314 
f 1114/2437 1113/2438 887/1886 
f 3072/2439 2851/1889 3071/2440 
f 887/1886 1033/2236 1114/2437 
f 2851/1889 3072/2439 2991/2237 
f 1115/2441 1031/2233 1032/2232 
f 3073/2442 2990/2235 2989/2234 
f 1032/2232 744/1536 1115/2441 
f 2990/2235 3073/2442 2708/1539 
f 1033/2236 1031/2233 1116/2443 
f 2991/2237 3074/2444 2989/2234 
f 1116/2443 1114/2437 1033/2236 
f 3074/2444 2991/2237 3072/2439 
f 1033/2236 887/1886 888/1892 
f 2991/2237 2852/1893 2851/1889 
f 888/1892 1002/2179 1033/2236 
f 2852/1893 2991/2237 2960/2181 
f 930/1981 931/1980 982/2138 
f 2893/1983 2940/2139 2894/1982 
f 982/2138 1117/2445 930/1981 
f 2940/2139 2893/1983 3075/2446 
f 1053/2297 882/1876 879/1872 
f 3011/2298 2843/1874 2846/1877 
f 879/1872 1054/2299 1053/2297 
f 2843/1874 3011/2298 3012/2300 
f 1067/2336 1068/2335 997/2164 
f 3025/2338 2955/2167 3026/2337 
f 997/2164 998/2170 1067/2336 
f 2955/2167 3025/2338 2956/2171 
f 723/1489 717/1479 1067/2336 
f 2687/1492 3025/2338 2681/1482 
f 1067/2336 998/2170 723/1489 
f 3025/2338 2687/1492 2956/2171 
f 717/1479 649/1339 646/1335 
f 2681/1482 2610/1337 2613/1340 
f 646/1335 1067/2336 717/1479 
f 2610/1337 2681/1482 3025/2338 
f 724/1495 1074/2349 1069/2339 
f 2688/1496 3027/2340 3032/2350 
f 1069/2339 716/1480 724/1495 
f 3027/2340 2688/1496 2680/1481 
f 713/1472 714/1471 695/1436 
f 2677/1476 2659/1440 2678/1474 
f 695/1436 696/1435 713/1472 
f 2659/1440 2677/1476 2660/1438 
f 714/1471 1100/2401 1083/2365 
f 2678/1474 3041/2368 3058/2402 
f 1083/2365 695/1436 714/1471 
f 3041/2368 2678/1474 2659/1440 
f 844/1796 843/1794 221/403 
f 2808/1797 2190/404 2807/1795 
f 221/403 274/519 844/1796 
f 2190/404 2808/1797 2242/520 
f 97/139 557/1147 558/1153 
f 2074/140 2523/1154 2522/1150 
f 558/1153 96/133 97/139 
f 2523/1154 2074/140 2073/136 
f 103/150 265/503 266/502 
f 2080/154 2234/506 2233/505 
f 266/502 101/147 103/150 
f 2234/506 2080/154 2078/148 
f 103/150 104/149 1118/2447 
f 2080/154 3076/2448 2081/152 
f 1118/2447 265/503 103/150 
f 3076/2448 2080/154 2233/505 
f 862/1837 855/1820 270/509 
f 2826/1839 2238/511 2819/1823 
f 270/509 271/513 862/1837 
f 2238/511 2826/1839 2239/514 
f 576/2449 850/1813 557/1147 
f 2541/2450 2522/1150 2814/1814 
f 557/1147 97/139 576/2449 
f 2522/1150 2541/2450 2074/140 
f 221/403 100/141 273/515 
f 2190/404 2241/517 2077/144 
f 273/515 274/519 221/403 
f 2241/517 2190/404 2242/520 
f 223/409 107/408 975/2451 
f 2192/411 2936/2452 2084/412 
f 975/2451 1119/2453 223/409 
f 2936/2452 2192/411 3077/2454 
f 275/523 1120/2455 1109/2423 
f 2243/525 3067/2424 3078/2456 
f 1109/2423 278/527 275/523 
f 3067/2424 2243/525 2246/528 
f 101/147 266/502 273/515 
f 2078/148 2241/517 2234/506 
f 273/515 100/141 101/147 
f 2241/517 2078/148 2077/144 
f 1940/1191 567/1169 564/1165 
f 3822/1192 2529/1167 2532/1170 
f 564/1165 1941/2457 1940/1191 
f 2529/1167 3822/1192 3823/2458 
f 841/1792 1122/2459 1121/2460 
f 2805/1793 3079/2461 3080/2462 
f 1121/2460 840/1786 841/1792 
f 3079/2461 2805/1793 2804/1789 
f 835/1776 836/1780 837/1779 
f 2799/1777 2801/1783 2800/1782 
f 837/1779 108/157 835/1776 
f 2801/1783 2799/1777 2085/160 
f 96/133 558/1153 840/1786 
f 2073/136 2804/1789 2523/1154 
f 840/1786 1121/2460 96/133 
f 2804/1789 2073/136 3079/2461 
f 835/1776 843/1794 844/1796 
f 2799/1777 2808/1797 2807/1795 
f 844/1796 836/1780 835/1776 
f 2808/1797 2799/1777 2800/1782 
f 275/2463 1122/2459 841/1792 
f 2243/2464 2805/1793 3080/2462 
f 841/1792 1120/2465 275/2463 
f 2805/1793 2243/2464 3078/2466 
f 975/2090 107/158 108/157 
f 2936/2091 2085/160 2084/162 
f 108/157 837/1779 975/2090 
f 2085/160 2936/2091 2801/1783 
f 1938/2467 270/509 855/1820 
f 3820/2468 2819/1823 2238/511 
f 855/1820 569/1172 1938/2467 
f 2819/1823 3820/2468 2534/1176 
f 104/149 223/409 1119/2453 
f 2081/152 3077/2454 2192/411 
f 1119/2453 1118/2447 104/149 
f 3077/2454 2081/152 3076/2448 
f 1109/2423 862/1837 271/513 
f 3067/2424 2239/514 2826/1839 
f 271/513 278/527 1109/2423 
f 2239/514 3067/2424 2246/528 
f 310/593 449/887 72/84 
f 2278/595 2049/88 2415/891 
f 72/84 73/83 310/593 
f 2049/88 2278/595 2050/86 
f 812/1704 404/790 76/92 
f 2776/1705 2053/96 2370/791 
f 76/92 77/91 812/1704 
f 2053/96 2776/1705 2054/94 
f 80/99 813/2469 444/878 
f 2057/102 2410/2470 2777/1707 
f 444/878 79/100 80/99 
f 2410/2470 2057/102 2056/104 
f 83/110 828/1749 406/797 
f 2060/114 2372/799 2792/1750 
f 406/797 82/111 83/110 
f 2372/799 2060/114 2059/113 
f 352/680 313/597 310/593 
f 2319/682 2278/595 2281/598 
f 310/593 73/83 352/680 
f 2278/595 2319/682 2050/86 
f 319/608 320/607 354/685 
f 2287/612 2321/687 2288/610 
f 354/685 355/684 319/608 
f 2321/687 2287/612 2322/688 
f 444/878 441/874 403/786 
f 2410/879 2369/1738 2407/876 
f 403/786 79/100 444/878 
f 2369/789 2410/2470 2056/104 
f 449/887 450/886 405/794 
f 2415/891 2371/795 2416/889 
f 405/794 72/84 449/887 
f 2371/795 2415/891 2049/88 
f 352/680 353/679 75/93 
f 2319/682 2052/95 2320/681 
f 75/93 76/92 352/680 
f 2052/95 2319/682 2053/96 
f 407/796 419/2323 85/115 
f 2373/798 2062/116 2385/2324 
f 85/115 82/111 407/796 
f 2062/116 2373/798 2059/113 
f 54/97 55/787 403/786 
f 2032/98 2369/1738 2033/2471 
f 403/786 77/91 54/97 
f 2369/1738 2032/98 2054/94 
f 450/886 828/1749 83/110 
f 2416/889 2060/114 2792/1750 
f 83/110 405/794 450/886 
f 2060/114 2416/889 2371/795 
f 81/106 357/689 354/685 
f 2058/108 2321/687 2324/690 
f 354/685 80/107 81/106 
f 2321/687 2058/108 2057/102 
f 1249/2472 1927/2473 1926/2474 
f 3201/2475 3808/2476 3809/2477 
f 1926/2474 1258/2478 1249/2472 
f 3808/2476 3201/2475 3210/2479 
f 967/2067 300/1678 804/1682 
f 2928/2069 2768/1683 2268/570 
f 804/1682 295/560 967/2067 
f 2768/1683 2928/2069 2263/564 
f 414/811 1929/2480 1928/2481 
f 2380/815 3810/2482 3811/2483 
f 1928/2481 413/812 414/811 
f 3810/2482 2380/815 2379/814 
f 304/575 430/851 437/864 
f 2272/578 2403/865 2396/853 
f 437/864 802/1675 304/575 
f 2403/865 2272/578 2766/1676 
f 299/568 300/567 967/2484 
f 2267/572 2928/2069 2268/570 
f 967/2484 1125/2485 299/568 
f 2928/2069 2267/572 3083/2486 
f 294/561 847/1806 436/858 
f 2262/563 2402/861 2811/1807 
f 436/858 674/1389 294/561 
f 2402/861 2262/563 2638/1391 
f 304/575 802/1675 1126/1700 
f 2272/578 3084/1701 2766/1676 
f 1126/1700 1127/2487 304/575 
f 3084/1701 2272/578 3085/2488 
f 1128/2489 1129/2490 2010/2491 
f 3086/2492 3887/2493 3087/2494 
f 2010/2491 2009/2495 1128/2489 
f 3887/2493 3086/2492 3886/2496 
f 95/134 844/1796 274/519 
f 2072/138 2242/520 2808/1797 
f 274/519 94/135 95/134 
f 2242/520 2072/138 2071/137 
f 267/501 268/507 270/509 
f 2235/504 2238/511 2236/508 
f 270/509 577/1188 267/501 
f 2238/511 2235/504 2542/1190 
f 265/503 1118/2447 269/510 
f 2233/505 2237/512 3076/2448 
f 269/510 268/507 265/503 
f 2237/512 2233/505 2236/508 
f 272/516 576/2449 97/139 
f 2240/518 2074/140 2541/2450 
f 97/139 94/135 272/516 
f 2074/140 2240/518 2071/137 
f 1119/2453 975/2451 276/522 
f 3077/2454 2244/526 2936/2452 
f 276/522 277/521 1119/2453 
f 2244/526 3077/2454 2245/524 
f 266/502 267/501 272/516 
f 2234/506 2240/518 2235/504 
f 272/516 273/515 266/502 
f 2240/518 2234/506 2241/517 
f 1122/2459 838/1778 839/1784 
f 3080/2462 2803/1785 2802/1781 
f 839/1784 1121/2460 1122/2459 
f 2803/1785 3080/2462 3079/2461 
f 95/134 96/133 1121/2460 
f 2072/138 3079/2461 2073/136 
f 1121/2460 839/1784 95/134 
f 3079/2461 2072/138 2803/1785 
f 1122/2459 275/2463 276/2088 
f 3080/2462 2244/2089 2243/2464 
f 276/2088 838/1778 1122/2459 
f 2244/2089 3080/2462 2802/1781 
f 1118/2447 1119/2453 277/521 
f 3076/2448 2245/524 3077/2454 
f 277/521 269/510 1118/2447 
f 2245/524 3076/2448 2237/512 
f 848/1809 1976/1826 1982/2497 
f 2812/1810 3860/2498 3854/1827 
f 1982/2497 566/1163 848/1809 
f 3860/2498 2812/1810 2531/1166 
f 854/1821 1980/1844 1983/2499 
f 2818/1822 3861/2500 3858/1845 
f 1983/2499 568/1173 854/1821 
f 3861/2500 2818/1822 2533/1175 
f 851/1812 1974/1818 1984/2501 
f 2815/1815 3862/2502 3852/1819 
f 1984/2501 818/1717 851/1812 
f 3862/2502 2815/1815 2782/1721 
f 1830/2503 154/2504 1133/2505 
f 1830/2506 3091/2507 2129/2508 
f 1133/2505 1838/2509 1830/2503 
f 3091/2507 1830/2506 1838/2510 
f 155/2331 487/977 1133/2505 
f 2130/2332 3091/2507 2452/979 
f 1133/2505 154/2504 155/2331 
f 3091/2507 2130/2332 2129/2508 
f 807/1691 440/870 317/605 
f 2771/1693 2285/606 2406/871 
f 317/605 1134/2511 807/1691 
f 2285/606 2771/1693 3092/2512 
f 427/846 1134/2511 317/605 
f 2393/848 2285/606 3092/2512 
f 317/605 314/601 427/846 
f 2285/606 2393/848 2282/603 
f 1136/2513 1135/2514 809/1694 
f 3094/2515 2773/1695 3093/2516 
f 809/1694 1137/2517 1136/2513 
f 2773/1695 3094/2515 3095/2518 
f 494/2519 1138/2520 488/976 
f 2459/2521 2453/980 3096/2522 
f 488/976 489/975 494/2519 
f 2453/980 2459/2521 2454/978 
f 487/977 488/976 1139/2523 
f 2452/979 3097/2524 2453/980 
f 1139/2523 1133/2505 487/977 
f 3097/2524 2452/979 3091/2507 
f 937/2002 1865/1554 754/1560 
f 2900/2003 2718/1561 3749/1557 
f 754/1560 766/1588 937/2002 
f 2718/1561 2900/2003 2730/1589 
f 1868/1998 765/1582 766/1588 
f 3752/1999 2730/1589 2729/1585 
f 766/1588 754/1560 1868/1998 
f 2730/1589 3752/1999 2718/1561 
f 938/2004 896/1908 1865/1554 
f 2901/2005 3749/1557 2860/1909 
f 1865/1554 937/2002 938/2004 
f 3749/1557 2901/2005 2900/2003 
f 939/2008 898/1914 899/1913 
f 2902/2009 2863/1917 2862/1916 
f 899/1913 1869/2006 939/2008 
f 2863/1917 2902/2009 3753/2007 
f 1869/2006 899/1913 896/1908 
f 3753/2007 2860/1909 2863/1917 
f 896/1908 938/2004 1869/2006 
f 2860/1909 3753/2007 2901/2005 
f 913/1941 944/2020 945/2019 
f 2876/1945 2908/2023 2907/2022 
f 945/2019 912/1942 913/1941 
f 2908/2023 2876/1945 2875/1944 
f 950/2030 918/1948 1866/1954 
f 2913/2031 3750/1955 2881/1951 
f 1866/1954 949/2026 950/2030 
f 3750/1955 2913/2031 2912/2028 
f 1039/2250 923/1964 912/1942 
f 2997/2252 2875/1944 2886/1966 
f 912/1942 945/2019 1039/2250 
f 2875/1944 2997/2252 2908/2023 
f 954/2036 925/1968 923/1964 
f 2917/2038 2886/1966 2888/1970 
f 923/1964 1039/2250 954/2036 
f 2886/1966 2917/2038 2997/2252 
f 956/2042 928/1972 929/1978 
f 2919/2043 2892/1979 2891/1975 
f 929/1978 952/2034 956/2042 
f 2892/1979 2919/2043 2915/2035 
f 765/1582 1868/1998 936/2000 
f 2729/1585 2899/2001 3752/1999 
f 936/2000 957/2044 765/1582 
f 2899/2001 2729/1585 2920/2045 
f 957/2044 936/2000 918/1948 
f 2920/2045 2881/1951 2899/2001 
f 918/1948 950/2030 957/2044 
f 2881/1951 2920/2045 2913/2031 
f 919/1957 942/2010 943/2016 
f 2882/1961 2906/2017 2905/2013 
f 943/2016 1867/1958 919/1957 
f 2906/2017 2882/1961 3751/1960 
f 1867/1958 943/2016 952/2034 
f 3751/1960 2915/2035 2906/2017 
f 952/2034 929/1978 1867/1958 
f 2915/2035 3751/1960 2892/1979 
f 925/1968 954/2036 949/2026 
f 2888/1970 2912/2028 2917/2038 
f 949/2026 1866/1954 925/1968 
f 2912/2028 2888/1970 3750/1955 
f 12/2279 30/2525 898/1914 
f 12/2279 2862/1916 30/2525 
f 898/1914 939/2008 12/2279 
f 2862/1916 12/2279 2902/2009 
f 208/367 205/363 883/1879 
f 2182/368 2847/1883 2179/365 
f 883/1879 884/1878 208/367 
f 2847/1883 2182/368 2848/1881 
f 1142/2526 1141/2527 1140/2528 
f 3100/2529 3098/2530 3099/2531 
f 1140/2528 1143/2532 1142/2526 
f 3098/2530 3100/2529 3101/2533 
f 1145/2534 1144/2535 961/2051 
f 3103/2536 2923/2054 3102/2537 
f 961/2051 962/2050 1145/2534 
f 2923/2054 3103/2536 2924/2053 
f 1148/2538 1147/2539 1146/2540 
f 3106/2541 3104/2542 3105/2543 
f 1146/2540 1149/2544 1148/2538 
f 3104/2542 3106/2541 3107/2545 
f 1152/2546 1151/2547 1150/2548 
f 3110/2549 3108/2550 3109/2551 
f 1150/2552 1141/2527 1152/2553 
f 3108/2554 3110/2555 3099/2531 
f 1149/2544 1146/2540 1144/2535 
f 3107/2545 3102/2537 3104/2542 
f 1144/2535 1145/2534 1149/2544 
f 3102/2537 3107/2545 3103/2536 
f 1140/2528 1153/2556 1147/2539 
f 3098/2530 3105/2543 3111/2557 
f 1147/2539 1148/2538 1140/2528 
f 3105/2543 3098/2530 3106/2541 
f 1141/2527 1150/2552 1153/2556 
f 3099/2531 3111/2557 3108/2554 
f 1153/2556 1140/2528 1141/2527 
f 3111/2557 3099/2531 3098/2530 
f 1154/2558 507/1023 536/2559 
f 3112/2560 2501/2561 2472/1024 
f 536/1079 533/1075 1154/2562 
f 2501/1080 3112/2563 2498/1077 
f 962/2050 1156/2564 1155/2565 
f 2924/2053 3113/2566 3114/2567 
f 1155/2565 1145/2534 962/2050 
f 3113/2566 2924/2053 3103/2536 
f 1158/2568 1157/2569 1148/2538 
f 3116/2570 3106/2541 3115/2571 
f 1148/2538 1149/2544 1158/2568 
f 3106/2541 3116/2570 3107/2545 
f 1141/2527 1142/2526 1159/2572 
f 3099/2531 3117/2573 3100/2529 
f 1159/2572 1152/2553 1141/2527 
f 3117/2573 3099/2531 3110/2555 
f 1148/2538 1157/2569 1143/2532 
f 3106/2541 3101/2533 3115/2571 
f 1143/2532 1140/2528 1148/2538 
f 3101/2533 3106/2541 3098/2530 
f 1145/2534 1155/2565 1158/2568 
f 3103/2536 3116/2570 3113/2566 
f 1158/2568 1149/2544 1145/2534 
f 3116/2570 3103/2536 3107/2545 
f 191/329 1142/2526 1143/2532 
f 2165/332 3101/2533 3100/2529 
f 1143/2532 240/449 191/329 
f 3101/2533 2165/332 2208/450 
f 1154/2574 1138/2520 494/2519 
f 3112/2575 2459/2521 3096/2522 
f 494/987 507/1023 1154/2558 
f 2459/990 3112/2560 2472/1024 
f 87/118 88/117 280/530 
f 2064/122 2248/534 2065/120 
f 280/530 289/549 87/118 
f 2248/534 2064/122 2257/550 
f 1160/2576 279/531 91/126 
f 3118/2577 2068/130 2247/533 
f 91/126 92/125 1160/2576 
f 2068/130 3118/2577 2069/128 
f 220/395 784/2578 1161/2579 
f 2189/398 3119/2580 2748/2581 
f 1161/2579 219/396 220/395 
f 3119/2580 2189/398 2188/400 
f 280/530 88/117 91/126 
f 2248/534 2068/130 2065/120 
f 91/126 279/531 280/530 
f 2068/130 2248/534 2247/533 
f 830/1757 815/1712 286/545 
f 2794/1758 2254/547 2779/1713 
f 286/545 833/1769 830/1757 
f 2254/547 2794/1758 2797/1770 
f 831/1759 829/1751 832/1767 
f 2795/1760 2796/1768 2793/1754 
f 832/1767 783/1627 831/1759 
f 2796/1768 2795/1760 2747/1630 
f 1161/2579 1160/2576 92/125 
f 3119/2580 2069/128 3118/2577 
f 92/125 219/396 1161/2579 
f 2069/128 3119/2580 2188/400 
f 225/416 65/67 66/73 
f 2194/418 2043/74 2042/70 
f 66/73 196/343 225/416 
f 2043/74 2194/418 2170/344 
f 117/179 114/175 118/183 
f 2094/180 2095/185 2091/177 
f 118/183 119/182 117/179 
f 2095/185 2094/180 2096/186 
f 68/76 402/784 420/826 
f 2045/80 2386/829 2368/785 
f 420/826 67/77 68/76 
f 2386/829 2045/80 2044/79 
f 351/675 69/75 70/81 
f 2318/677 2047/82 2046/78 
f 70/81 213/377 351/675 
f 2047/82 2318/677 2184/378 
f 179/306 180/305 780/1619 
f 2153/310 2744/1622 2154/308 
f 780/1619 174/299 179/306 
f 2744/1622 2153/310 2148/301 
f 175/298 737/1523 179/306 
f 2149/302 2153/310 2701/1525 
f 179/306 174/299 175/298 
f 2153/310 2149/302 2148/301 
f 1815/1524 737/1523 175/298 
f 1815/1524 2149/302 2701/1525 
f 175/298 4/1604 1815/1524 
f 2149/302 1815/1524 4/1604 
f 181/311 178/307 50/39 
f 2155/312 2028/41 2152/309 
f 50/39 792/1649 181/311 
f 2028/41 2155/312 2756/1650 
f 735/1517 181/311 792/1649 
f 2699/1520 2756/1650 2155/312 
f 792/1649 227/419 735/1517 
f 2756/1650 2699/1520 2196/420 
f 793/1651 735/1517 227/419 
f 2757/1652 2196/420 2699/1520 
f 227/419 225/416 793/1651 
f 2196/420 2757/1652 2194/418 
f 772/1602 172/289 173/295 
f 2736/1603 2147/296 2146/292 
f 173/295 771/1596 772/1602 
f 2147/296 2736/1603 2735/1599 
f 771/2582 173/1659 797/1665 
f 2735/2583 2761/1666 2147/1662 
f 797/1665 988/2584 771/2582 
f 2761/1666 2735/2583 2946/2585 
f 171/290 172/289 914/1940 
f 2145/294 2877/1943 2146/292 
f 914/1940 915/1946 171/290 
f 2877/1943 2145/294 2878/1947 
f 928/1972 913/1941 914/1940 
f 2891/1975 2877/1943 2876/1945 
f 914/1940 927/1973 928/1972 
f 2877/1943 2891/1975 2890/1977 
f 956/2042 944/2020 913/1941 
f 2919/2043 2876/1945 2907/2022 
f 913/1941 928/1972 956/2042 
f 2876/1945 2919/2043 2891/1975 
f 955/2040 947/2024 944/2020 
f 2918/2041 2907/2022 2910/2025 
f 944/2020 956/2042 955/2040 
f 2907/2022 2918/2041 2919/2043 
f 1154/2562 533/1075 1151/2547 
f 3112/2563 3109/2551 2498/1077 
f 1151/2547 1152/2546 1154/2562 
f 3109/2551 3112/2563 3110/2549 
f 1138/2520 1154/2574 1152/2553 
f 3096/2522 3110/2555 3112/2575 
f 1152/2553 1159/2572 1138/2520 
f 3110/2555 3096/2522 3117/2573 
f 706/1461 707/1460 1162/2586 
f 2670/1463 3120/2587 2671/1464 
f 1162/2586 1028/2224 706/1461 
f 3120/2587 2670/1463 2986/2226 
f 1163/2588 718/1483 1070/2341 
f 3121/2589 3028/2342 2682/1484 
f 1070/2341 1026/2222 1163/2588 
f 3028/2342 3121/2589 2984/2223 
f 694/1437 1079/2359 1025/2218 
f 2658/1439 2983/2220 3037/2360 
f 1025/2218 697/1441 694/1437 
f 2983/2220 2658/1439 2661/1442 
f 1164/2590 703/1452 704/1451 
f 3122/2591 2668/1454 2667/1456 
f 704/1451 1097/2395 1164/2590 
f 2668/1454 3122/2591 3055/2396 
f 1166/2592 1165/2593 891/1894 
f 3124/2594 2855/1897 3123/2595 
f 891/1894 1019/2208 1166/2592 
f 2855/1897 3124/2594 2977/2209 
f 1001/2176 890/1895 1167/2596 
f 2959/2177 3125/2597 2854/1899 
f 1167/2596 1036/2242 1001/2176 
f 3125/2597 2959/2177 2994/2243 
f 1168/2598 1035/2238 1116/2443 
f 3126/2599 3074/2444 2993/2240 
f 1116/2443 1169/2600 1168/2598 
f 3074/2444 3126/2599 3127/2601 
f 1170/1696 1126/1700 802/1675 
f 3128/1698 2766/1676 3084/1701 
f 802/1675 801/1673 1170/1696 
f 2766/1676 3128/1698 2765/1674 
f 1171/2602 1007/2603 1923/2604 
f 3129/2605 3805/2606 2965/2607 
f 1923/2604 1172/2608 1171/2602 
f 3805/2606 3129/2605 3130/2609 
f 132/205 1138/2520 1159/2572 
f 2107/208 3117/2573 3096/2522 
f 1159/2572 192/335 132/205 
f 3117/2573 2107/208 2166/336 
f 91/126 88/117 89/123 
f 2068/130 2066/124 2065/120 
f 89/123 90/127 91/126 
f 2066/124 2068/130 2067/129 
f 101/147 98/143 102/151 
f 2078/148 2079/153 2075/145 
f 102/151 103/150 101/147 
f 2079/153 2078/148 2080/154 
f 480/958 394/969 389/2610 
f 2445/971 2356/761 2361/768 
f 389/2610 429/844 480/958 
f 2356/761 2445/971 2395/2611 
f 428/845 390/2612 301/573 
f 2394/2613 2269/574 2357/762 
f 301/573 298/569 428/845 
f 2269/574 2394/2613 2266/571 
f 444/878 813/2469 485/968 
f 2410/2470 2450/970 2777/1707 
f 485/968 443/872 444/878 
f 2450/970 2410/2470 2409/972 
f 328/627 335/644 81/2074 
f 2295/628 2058/2075 2302/648 
f 81/2074 78/772 328/627 
f 2058/2075 2295/628 2055/773 
f 89/123 142/1726 143/2614 
f 2066/124 2118/2615 2117/1727 
f 143/2614 90/127 89/123 
f 2118/2615 2066/124 2067/129 
f 1821/2616 1812/894 454/900 
f 1821/2617 2419/901 1812/897 
f 454/900 460/2618 1821/2616 
f 2419/901 1821/2617 2425/2619 
f 460/2618 454/900 53/43 
f 2425/2619 2031/44 2419/901 
f 53/43 459/1653 460/2618 
f 2031/44 2425/2619 2424/1654 
f 52/37 53/43 454/900 
f 2030/40 2419/901 2031/44 
f 454/900 452/896 52/37 
f 2419/901 2030/40 2418/898 
f 825/1742 805/1685 806/1684 
f 2789/1746 2770/1688 2769/1687 
f 806/1684 826/1743 825/1742 
f 2770/1688 2789/1746 2790/1745 
f 1136/2513 1137/2517 824/1741 
f 3094/2515 2788/1744 3095/2518 
f 824/1741 827/1747 1136/2513 
f 2788/1744 3094/2515 2791/1748 
f 1158/2568 128/197 129/203 
f 3116/2570 2104/204 2103/200 
f 129/203 1157/2569 1158/2568 
f 2104/204 3116/2570 3115/2571 
f 132/205 133/211 488/976 
f 2107/208 2453/980 2108/212 
f 488/976 1138/2520 132/205 
f 2453/980 2107/208 3096/2522 
f 1803/214 1839/2620 1139/2523 
f 1803/218 3097/2524 1839/2621 
f 1139/2523 134/215 1803/214 
f 3097/2524 1803/218 2109/217 
f 1142/2526 191/329 192/335 
f 3100/2529 2166/336 2165/332 
f 192/335 1159/2572 1142/2526 
f 2166/336 3100/2529 3117/2573 
f 1840/2622 1173/2623 959/2048 
f 1840/2622 2922/2049 1173/2623 
f 959/2048 1156/2564 1840/2622 
f 2922/2049 1840/2622 3114/2567 
f 1157/2569 129/203 240/449 
f 3115/2571 2208/450 2104/204 
f 240/449 1143/2532 1157/2569 
f 2208/450 3115/2571 3101/2533 
f 1155/2565 363/701 128/197 
f 3113/2566 2103/200 2330/702 
f 128/197 1158/2568 1155/2565 
f 2103/200 3113/2566 3116/2570 
f 1156/2564 959/2048 363/701 
f 3114/2567 2330/702 2922/2049 
f 363/701 1155/2565 1156/2564 
f 2330/702 3114/2567 3113/2566 
f 488/976 133/211 134/215 
f 2453/980 2109/217 2108/212 
f 134/215 1139/2523 488/976 
f 2109/217 2453/980 3097/2524 
f 190/330 191/329 240/449 
f 2164/334 2208/450 2165/332 
f 240/449 237/444 190/330 
f 2208/450 2164/334 2205/446 
f 131/206 132/205 192/335 
f 2106/210 2166/336 2107/208 
f 192/335 189/331 131/206 
f 2166/336 2106/210 2163/333 
f 1151/2547 207/361 208/367 
f 3109/2551 2182/368 2181/364 
f 208/367 1150/2548 1151/2547 
f 2182/368 3109/2551 3108/2550 
f 597/1233 205/363 206/362 
f 2561/1235 2180/366 2179/365 
f 206/362 600/1237 597/1233 
f 2180/366 2561/1235 2564/1238 
f 534/1074 605/1243 606/1249 
f 2499/1078 2570/1250 2569/1246 
f 606/1249 533/1075 534/1074 
f 2570/1250 2499/1078 2498/1077 
f 980/2132 603/1245 604/1244 
f 2938/2134 2568/1248 2567/1247 
f 604/1244 979/2133 980/2132 
f 2568/1248 2938/2134 2937/2135 
f 1144/2535 869/1846 870/1852 
f 3102/2537 2834/1853 2833/1849 
f 870/1852 961/2051 1144/2535 
f 2834/1853 3102/2537 2923/2054 
f 159/2624 867/1848 868/1847 
f 2134/2625 2832/1851 2831/1850 
f 868/1847 158/2626 159/2624 
f 2832/1851 2134/2625 2133/2627 
f 1147/2539 873/1854 874/1860 
f 3105/2543 2838/1861 2837/1857 
f 874/1860 1146/2540 1147/2539 
f 2838/1861 3105/2543 3104/2542 
f 161/2628 871/1856 872/1855 
f 2136/2629 2836/1859 2835/1858 
f 872/1855 160/2630 161/2628 
f 2836/1859 2136/2629 2135/2631 
f 529/1069 877/1862 878/1868 
f 2494/1067 2842/1869 2841/1865 
f 878/1868 532/1070 529/1069 
f 2842/1869 2494/1067 2497/1072 
f 981/2136 875/1864 876/1863 
f 2939/2137 2840/1867 2839/1866 
f 876/1863 999/2172 981/2136 
f 2840/1867 2939/2137 2957/2173 
f 1831/2259 31/2632 1045/2273 
f 1831/2259 3003/2275 31/2632 
f 1045/2273 153/254 1831/2259 
f 3003/2275 1831/2259 2128/258 
f 1146/2540 874/1860 869/1846 
f 3104/2542 2833/1849 2838/1861 
f 869/1846 1144/2535 1146/2540 
f 2833/1849 3104/2542 3102/2537 
f 158/2626 868/1847 871/1856 
f 2133/2627 2835/1858 2832/1851 
f 871/1856 161/2628 158/2626 
f 2835/1858 2133/2627 2136/2629 
f 881/1870 882/1876 492/983 
f 2845/1873 2457/985 2846/1877 
f 492/983 152/255 881/1870 
f 2457/985 2845/1873 2127/257 
f 997/2164 879/1872 880/1871 
f 2955/2167 2844/1875 2843/1874 
f 880/1871 996/2165 997/2164 
f 2844/1875 2955/2167 2954/2169 
f 1153/2556 884/1884 873/1854 
f 3111/2557 2837/1857 2848/1885 
f 873/1854 1147/2539 1153/2556 
f 2837/1857 3111/2557 3105/2543 
f 160/271 872/1880 883/1879 
f 2135/273 2847/1883 2836/1882 
f 883/1879 250/469 160/271 
f 2847/1883 2135/273 2218/470 
f 532/1070 878/1868 605/1243 
f 2497/1072 2569/1246 2842/1869 
f 605/1243 534/1074 532/1070 
f 2569/1246 2497/1072 2499/1078 
f 979/2133 604/1244 875/1864 
f 2937/2135 2839/1866 2568/1248 
f 875/1864 981/2136 979/2133 
f 2839/1866 2937/2135 2939/2137 
f 533/1075 606/1249 207/361 
f 2498/1077 2181/364 2570/1250 
f 207/361 1151/2547 533/1075 
f 2181/364 2498/1077 3109/2551 
f 600/1237 206/362 603/1245 
f 2564/1238 2567/1247 2180/366 
f 603/1245 980/2132 600/1237 
f 2567/1247 2564/1238 2938/2134 
f 153/254 1045/2273 881/1870 
f 2128/258 2845/1873 3003/2275 
f 881/1870 152/255 153/254 
f 2845/1873 2128/258 2127/257 
f 996/2165 880/1871 1044/2274 
f 2954/2169 3002/2276 2844/1875 
f 1044/2274 1047/2284 996/2165 
f 3002/2276 2954/2169 3005/2285 
f 999/2172 876/1863 1054/2299 
f 2957/2173 3012/2300 2840/1867 
f 1054/2299 1068/2335 999/2172 
f 3012/2300 2957/2173 3026/2337 
f 1053/2297 877/1862 529/1069 
f 3011/2298 2494/1067 2841/1865 
f 529/1069 550/2633 1053/2297 
f 2494/1067 3011/2298 2515/2334 
f 1068/2335 1054/2299 879/1872 
f 3026/2337 2843/1874 3012/2300 
f 879/1872 997/2164 1068/2335 
f 2843/1874 3026/2337 2955/2167 
f 882/1876 1053/2297 550/2633 
f 2846/1877 2515/2334 3011/2298 
f 550/2633 492/983 882/1876 
f 2515/2334 2846/1877 2457/985 
f 1150/2548 208/367 884/1878 
f 3108/2550 2848/1881 2182/368 
f 884/1884 1153/2556 1150/2552 
f 2848/1885 3108/2554 3111/2557 
f 250/469 883/1879 205/363 
f 2218/470 2179/365 2847/1883 
f 205/363 597/1233 250/469 
f 2179/365 2218/470 2561/1235 
f 661/1358 1870/2254 1905/2634 
f 2625/1362 3788/2635 3754/2255 
f 1905/2634 1174/2636 661/1358 
f 3788/2635 2625/1362 3131/2637 
f 256/480 257/479 1175/2638 
f 2224/484 3132/2639 2225/482 
f 1175/2638 986/2146 256/480 
f 3132/2639 2224/484 2944/2147 
f 747/1544 596/1229 983/2142 
f 2711/1545 2941/2144 2560/1230 
f 983/2142 933/2249 747/1544 
f 2941/2144 2711/1545 2896/2247 
f 257/479 745/1541 895/1906 
f 2225/482 2859/1907 2709/1542 
f 895/1906 1175/2638 257/479 
f 2859/1907 2225/482 3132/2639 
f 28/2283 1176/2640 1042/2269 
f 28/2283 3000/2271 1176/2640 
f 1042/2269 1004/2183 28/2283 
f 3000/2271 28/2283 2962/2185 
f 123/190 959/2048 1173/2623 
f 2098/194 1173/2623 2922/2049 
f 1173/2623 7/379 123/190 
f 1173/2623 2098/194 7/379 
f 211/374 121/187 118/183 
f 211/375 2095/185 121/188 
f 118/183 213/377 211/374 
f 2095/185 211/375 2184/378 
f 165/278 1047/2284 1841/2641 
f 2139/281 1841/2641 3005/2285 
f 1841/2641 164/279 165/278 
f 1841/2641 2139/281 164/279 
f 1807/500 263/497 741/1532 
f 1807/500 2705/1533 2231/498 
f 741/1532 1177/2642 1807/500 
f 2705/1533 1807/500 1177/2642 
f 911/1938 901/1918 898/1914 
f 911/1938 2862/1916 2865/1919 
f 898/1914 30/2525 911/1938 
f 2862/1916 911/1938 30/2525 
f 1808/495 1833/2278 903/1920 
f 1808/495 2867/1923 1833/2278 
f 903/1920 264/496 1808/495 
f 2867/1923 1808/495 2232/499 
f 1843/2643 374/732 375/731 
f 1843/2643 2342/733 2341/734 
f 375/731 1842/2644 1843/2643 
f 2342/733 1843/2643 3748/2645 
f 32/2646 156/2647 759/1572 
f 32/2646 2723/1573 2131/2648 
f 759/1572 1844/2649 32/2646 
f 2723/1573 32/2646 1844/2649 
f 1841/2641 1047/2284 1044/2274 
f 1841/2641 3002/2276 3005/2285 
f 1044/2274 1845/2650 1841/2641 
f 3002/2276 1841/2641 1845/2650 
f 960/2052 961/2051 870/1852 
f 960/2052 2834/1853 2923/2054 
f 870/1852 14/2651 960/2052 
f 2834/1853 960/2052 14/2651 
f 1040/2264 1041/2262 1846/2652 
f 2998/2265 1846/2652 2999/2263 
f 1846/2652 1847/2653 1040/2264 
f 1846/2652 2998/2265 1847/2653 
f 1847/2653 1871/2654 1880/2267 
f 1847/2653 3763/2268 1871/2654 
f 1880/2267 1040/2264 1847/2653 
f 3763/2268 1847/2653 2998/2265 
f 327/623 328/627 78/772 
f 327/623 2055/773 2295/628 
f 78/772 396/771 327/623 
f 2055/773 327/623 396/771 
f 741/1532 374/732 1843/2643 
f 2705/1533 1843/2643 2341/734 
f 1843/2643 1177/2642 741/1532 
f 1843/2643 2705/1533 1177/2642 
f 22/1736 75/1735 353/1804 
f 22/1736 2320/1805 2052/1737 
f 353/1804 1848/2655 22/1736 
f 2320/1805 22/1736 1848/2655 
f 759/1572 372/723 6/2260 
f 2723/1573 6/2260 2339/726 
f 6/2260 1844/2649 759/1572 
f 6/2260 2723/1573 1844/2649 
f 1811/827 420/826 215/381 
f 1811/831 2185/383 2386/829 
f 215/381 1805/385 1811/827 
f 2185/383 1811/831 1805/386 
f 1849/2656 919/1957 920/1956 
f 1849/2656 2883/1959 2882/1961 
f 920/1956 15/2657 1849/2656 
f 2883/1959 1849/2656 15/2657 
f 1178/2658 1172/2608 1861/2659 
f 3133/2660 1861/2659 3130/2609 
f 1861/2659 1862/2661 1178/2658 
f 1861/2659 3133/2660 1862/2661 
f 1156/2564 962/2050 23/2055 
f 3114/2567 23/2055 2924/2053 
f 23/2055 1840/2622 1156/2564 
f 23/2055 3114/2567 1840/2622 
f 1906/2662 1181/2663 1180/2664 
f 3789/2665 3134/2666 3135/2667 
f 1180/2664 1905/2634 1906/2662 
f 3134/2666 3789/2665 3788/2635 
f 1872/2668 1864/2669 1861/2659 
f 3755/2670 1861/2659 1864/2669 
f 1861/2659 1172/2608 1872/2668 
f 1861/2659 3755/2670 3130/2609 
f 1923/2604 1875/2671 1872/2668 
f 3805/2606 3755/2670 3758/2672 
f 1872/2668 1172/2608 1923/2604 
f 3755/2670 3805/2606 3130/2609 
f 987/2673 988/2584 1056/2302 
f 2945/2674 3014/2306 2946/2585 
f 1056/2302 1052/2675 987/2673 
f 3014/2306 2945/2674 3010/2676 
f 1031/2233 1115/2441 1169/2600 
f 2989/2234 3127/2601 3073/2442 
f 1169/2600 1116/2443 1031/2233 
f 3127/2601 2989/2234 3074/2444 
f 1035/2238 1168/2598 1182/2677 
f 2993/2240 3136/2678 3126/2599 
f 1182/2677 1034/2239 1035/2238 
f 3136/2678 2993/2240 2992/2241 
f 1037/2244 743/1537 744/1536 
f 2995/2245 2708/1539 2707/1538 
f 744/1536 1032/2232 1037/2244 
f 2708/1539 2995/2245 2990/2235 
f 1183/2679 1115/2441 744/1536 
f 3137/2680 2708/1539 3073/2442 
f 744/1536 660/1359 1183/2679 
f 2708/1539 3137/2680 2624/1361 
f 1175/2638 1060/2311 985/2140 
f 3132/2639 2943/2143 3018/2312 
f 985/2140 986/2146 1175/2638 
f 2943/2143 3132/2639 2944/2147 
f 1062/2315 1060/2311 1175/2638 
f 3020/2316 3132/2639 3018/2312 
f 1175/2638 1184/2681 1062/2315 
f 3132/2639 3020/2316 3138/2682 
f 1185/2683 1922/1366 1924/2684 
f 3139/2685 3806/2686 3804/1370 
f 1924/2684 1064/2317 1185/2683 
f 3806/2686 3139/2685 3022/2320 
f 1006/2687 1063/2318 1064/2317 
f 2964/2688 3022/2320 3021/2319 
f 1064/2317 1924/2684 1006/2687 
f 3022/2320 2964/2688 3806/2686 
f 1007/2603 1171/2602 1063/2318 
f 2965/2607 3021/2319 3129/2605 
f 1063/2318 1006/2687 1007/2603 
f 3021/2319 2965/2607 2964/2688 
f 1061/2313 1186/2689 1185/2683 
f 3019/2314 3139/2685 3140/2690 
f 1185/2683 1058/2307 1061/2313 
f 3139/2685 3019/2314 3016/2308 
f 1187/2691 982/2138 1052/2295 
f 3141/2692 3010/2296 2940/2139 
f 1052/2675 1065/2321 1187/2693 
f 3010/2676 3141/2694 3023/2322 
f 1056/2302 988/2584 797/1665 
f 3014/2306 2761/1666 2946/2585 
f 797/1665 1055/2303 1056/2302 
f 2761/1666 3014/2306 3013/2305 
f 1056/2302 1057/2301 1065/2321 
f 3014/2306 3023/2322 3015/2304 
f 1065/2321 1052/2675 1056/2302 
f 3023/2322 3014/2306 3010/2676 
f 1171/2602 1187/2693 1065/2321 
f 3129/2605 3023/2322 3141/2694 
f 1065/2321 1063/2318 1171/2602 
f 3023/2322 3129/2605 3021/2319 
f 1057/2301 1058/2307 1185/2683 
f 3015/2304 3139/2685 3016/2308 
f 1185/2683 1064/2317 1057/2301 
f 3139/2685 3015/2304 3022/2320 
f 1186/2689 1061/2313 1062/2315 
f 3140/2690 3020/2316 3019/2314 
f 1062/2315 1182/2677 1186/2689 
f 3020/2316 3140/2690 3136/2678 
f 1000/2174 1184/2681 1175/2638 
f 2958/2175 3132/2639 3138/2682 
f 1175/2638 895/1906 1000/2174 
f 3132/2639 2958/2175 2859/1907 
f 892/1900 889/1896 652/1341 
f 2856/1901 2616/1344 2853/1898 
f 652/1341 653/1347 892/1900 
f 2616/1344 2856/1901 2617/1348 
f 889/1896 1000/2174 895/1906 
f 2853/1898 2859/1907 2958/2175 
f 895/1906 652/1341 889/1896 
f 2859/1907 2853/1898 2616/1344 
f 1023/2216 1021/2213 711/1469 
f 2981/2217 2675/1470 2979/2214 
f 711/1469 710/1467 1023/2216 
f 2675/1470 2981/2217 2674/1468 
f 1026/2222 1024/2219 719/1485 
f 2984/2223 2683/1486 2982/2221 
f 719/1485 1163/2588 1026/2222 
f 2683/1486 2984/2223 3121/2589 
f 706/1461 1028/2224 1029/2228 
f 2670/1463 2987/2229 2986/2226 
f 1029/2228 1009/2188 706/1461 
f 2987/2229 2670/1463 2967/2189 
f 1021/2213 1030/2230 721/1491 
f 2979/2214 2685/1493 2988/2231 
f 721/1491 711/1469 1021/2213 
f 2685/1493 2979/2214 2675/1470 
f 1049/2288 1188/2695 1081/2361 
f 3007/2292 3039/2363 3142/2696 
f 1081/2361 1048/2289 1049/2288 
f 3039/2363 3007/2292 3006/2291 
f 716/1480 1069/2339 1070/2341 
f 2680/1481 3028/2342 3027/2340 
f 1070/2341 718/1483 716/1480 
f 3028/2342 2680/1481 2682/1484 
f 1049/2288 1050/2287 720/1487 
f 3007/2292 2684/1488 3008/2290 
f 720/1487 1071/2343 1049/2288 
f 2684/1488 3007/2292 3029/2344 
f 1020/2210 1072/2345 1073/2347 
f 2978/2211 3031/2348 3030/2346 
f 1073/2347 1019/2208 1020/2210 
f 3031/2348 2978/2211 2977/2209 
f 1030/2230 1074/2349 724/1495 
f 2988/2231 2688/1496 3032/2350 
f 724/1495 721/1491 1030/2230 
f 2688/1496 2988/2231 2685/1493 
f 1029/2228 1023/2216 710/1467 
f 2987/2229 2674/1468 2981/2217 
f 710/1467 1009/2188 1029/2228 
f 2674/1468 2987/2229 2967/2189 
f 713/1472 696/1435 1069/2339 
f 2677/1476 3027/2340 2660/1438 
f 1069/2339 1074/2349 713/1472 
f 3027/2340 2677/1476 3032/2350 
f 1162/2586 1190/2697 1189/2698 
f 3120/2587 3143/2699 3144/2700 
f 1189/2698 1077/2355 1162/2586 
f 3143/2699 3120/2587 3035/2356 
f 1026/2222 1070/2341 697/1441 
f 2984/2223 2661/1442 3028/2342 
f 697/1441 1025/2218 1026/2222 
f 2661/1442 2984/2223 2983/2220 
f 1191/2701 1166/2592 1019/2208 
f 3145/2702 2977/2209 3124/2594 
f 1019/2208 1073/2347 1191/2701 
f 2977/2209 3145/2702 3031/2348 
f 1035/2238 1036/2242 1114/2437 
f 2993/2240 3072/2439 2994/2243 
f 1114/2437 1116/2443 1035/2238 
f 3072/2439 2993/2240 3074/2444 
f 1189/2698 1190/2697 1192/2703 
f 3143/2699 3146/2704 3144/2700 
f 1192/2703 1193/2705 1189/2698 
f 3146/2704 3143/2699 3147/2706 
f 1114/2437 1036/2242 1167/2596 
f 3072/2439 3125/2597 2994/2243 
f 1167/2596 1113/2438 1114/2437 
f 3125/2597 3072/2439 3071/2440 
f 1113/2438 1167/2596 1165/2593 
f 3071/2440 3123/2595 3125/2597 
f 1165/2593 1194/2707 1113/2438 
f 3123/2595 3071/2440 3148/2708 
f 1000/2174 1001/2176 1034/2239 
f 2958/2175 2992/2241 2959/2177 
f 1034/2239 1184/2681 1000/2174 
f 2992/2241 2958/2175 3138/2682 
f 1034/2239 1182/2677 1062/2315 
f 2992/2241 3020/2316 3136/2678 
f 1062/2315 1184/2681 1034/2239 
f 3020/2316 2992/2241 3138/2682 
f 1195/2709 941/2011 942/2010 
f 1195/2709 2905/2013 2904/2015 
f 942/2010 1850/2710 1195/2709 
f 2905/2013 1195/2709 1850/2710 
f 1850/2710 942/2010 919/1957 
f 1850/2710 2882/1961 2905/2013 
f 919/1957 1849/2656 1850/2710 
f 2882/1961 1850/2710 1849/2656 
f 1196/2711 675/1394 676/1393 
f 3149/2712 2640/1396 2639/1395 
f 676/1393 1197/2713 1196/2711 
f 2640/1396 3149/2712 3150/2714 
f 619/1273 1199/2715 1198/2716 
f 2583/1275 3151/2717 3152/2718 
f 1198/2716 618/1274 619/1273 
f 3151/2717 2583/1275 2582/1276 
f 623/1283 1201/2719 1200/2720 
f 2587/1284 3153/2721 3154/2722 
f 1200/2720 622/1277 623/1283 
f 3153/2721 2587/1284 2586/1280 
f 634/1305 1203/2723 1202/2724 
f 2598/1308 3155/2725 3156/2726 
f 1202/2724 633/1306 634/1305 
f 3155/2725 2598/1308 2597/1310 
f 1205/2727 1204/2728 667/1373 
f 3158/2729 2631/1376 3157/2730 
f 667/1373 668/1379 1205/2727 
f 2631/1376 3158/2729 2632/1380 
f 610/1259 611/1258 678/1398 
f 2574/1261 2642/1402 2575/1262 
f 678/1398 679/1397 610/1259 
f 2642/1402 2574/1261 2643/1400 
f 626/1295 627/1294 682/1406 
f 2590/1297 2646/1410 2591/1298 
f 682/1406 683/1405 626/1295 
f 2646/1410 2590/1297 2647/1408 
f 359/692 1207/2731 1206/2732 
f 2326/696 3159/2733 3160/2734 
f 1206/2732 358/693 359/692 
f 3159/2733 2326/696 2325/695 
f 672/1387 669/1383 410/803 
f 2636/1388 2376/807 2633/1385 
f 410/803 411/802 672/1387 
f 2376/807 2636/1388 2377/805 
f 638/1319 639/1318 687/1413 
f 2602/1321 2651/1416 2603/1322 
f 687/1413 688/1419 638/1319 
f 2651/1416 2602/1321 2652/1420 
f 574/1179 575/1185 1986/2735 
f 2539/1182 3864/2736 2540/1186 
f 1986/2735 1985/2737 574/1179 
f 3864/2736 2539/1182 3863/2738 
f 859/2739 1211/2740 1987/2741 
f 2823/2742 3865/2743 3164/2744 
f 1987/2741 1978/1834 859/2739 
f 3865/2743 2823/2742 3856/1835 
f 1135/2514 1136/2513 1212/2745 
f 3093/2516 3165/2746 3094/2515 
f 1212/2745 1213/2747 1135/2514 
f 3165/2746 3093/2516 3166/2748 
f 573/1180 864/1840 863/1836 
f 2538/1184 2827/1838 2828/1841 
f 863/1836 572/1181 573/1180 
f 2827/1838 2538/1184 2537/1183 
f 1719/1148 1931/2749 1930/2750 
f 3671/1152 3812/2751 3813/2752 
f 1930/2750 559/1149 1719/1148 
f 3812/2751 3671/1152 2524/1151 
f 1216/2753 1989/2754 2000/2755 
f 3169/2756 3878/2757 3867/2758 
f 2000/2755 1217/2759 1216/2753 
f 3878/2757 3169/2756 3170/2760 
f 1218/2761 1991/2762 1990/2763 
f 3171/2764 3868/2765 3869/2766 
f 1990/2763 1219/2767 1218/2761 
f 3868/2765 3171/2764 3172/2768 
f 841/1792 1936/2769 1937/2770 
f 2805/1793 3819/2771 3818/2772 
f 1937/2770 1120/2465 841/1792 
f 3819/2771 2805/1793 3078/2466 
f 1109/2423 1120/2455 1211/2740 
f 3067/2424 3164/2744 3078/2456 
f 1211/2740 859/2739 1109/2423 
f 3164/2744 3067/2424 2823/2742 
f 560/1155 561/1161 820/1722 
f 2525/1158 2784/1723 2526/1162 
f 820/1722 817/1718 560/1155 
f 2784/1723 2525/1158 2781/1720 
f 1108/2421 1109/2423 859/2739 
f 3066/2422 2823/2742 3067/2424 
f 859/2739 860/2773 1108/2421 
f 2823/2742 3066/2422 2824/2774 
f 1221/2775 834/1774 832/1767 
f 3174/2776 2796/1768 2798/1775 
f 832/1767 833/1769 1221/2775 
f 2796/1768 3174/2776 2797/1770 
f 287/544 1221/2775 833/1769 
f 2255/548 2797/1770 3174/2776 
f 833/1769 286/545 287/544 
f 2797/1770 2255/548 2254/547 
f 1222/2777 775/1607 245/461 
f 3175/2778 2213/463 2739/1610 
f 245/461 246/460 1222/2777 
f 2213/463 3175/2778 2214/464 
f 1816/1773 140/231 578/1194 
f 1816/1773 2543/1195 2115/233 
f 578/1194 579/1196 1816/1773 
f 2543/1195 1816/1773 579/1196 
f 580/1198 364/703 774/1608 
f 2544/1200 2738/1609 2331/704 
f 774/1608 582/1201 580/1198 
f 2738/1609 2544/1200 2546/1202 
f 141/230 364/703 580/1198 
f 2116/234 2544/1200 2331/704 
f 580/1198 584/1205 141/230 
f 2544/1200 2116/234 2548/1206 
f 194/338 195/337 587/1211 
f 2168/342 2551/1212 2169/340 
f 587/1211 586/1209 194/338 
f 2551/1212 2168/342 2550/1210 
f 775/1607 1222/2777 592/1221 
f 2739/1610 2556/1222 3175/2778 
f 592/1221 590/1218 775/1607 
f 2556/1222 2739/1610 2554/1219 
f 140/231 141/230 584/1205 
f 2115/233 2548/1206 2116/234 
f 584/1205 578/1194 140/231 
f 2548/1206 2115/233 2543/1195 
f 1223/2779 823/1729 594/1225 
f 3176/2780 2558/1226 2787/1732 
f 594/1225 593/1223 1223/2779 
f 2558/1226 3176/2780 2557/1224 
f 1222/2777 194/338 586/1209 
f 3175/2778 2550/1210 2168/342 
f 586/1209 592/1221 1222/2777 
f 2550/1210 3175/2778 2556/1222 
f 774/1608 775/1607 590/1218 
f 2738/1609 2554/1219 2739/1610 
f 590/1218 582/1201 774/1608 
f 2554/1219 2738/1609 2546/1202 
f 195/337 1223/2779 593/1223 
f 2169/340 2557/1224 3176/2780 
f 593/1223 587/1211 195/337 
f 2557/1224 2169/340 2551/1212 
f 347/670 348/669 594/1225 
f 2314/672 2558/1226 2315/671 
f 594/1225 821/1731 347/670 
f 2558/1226 2314/672 2785/1733 
f 24/2092 347/670 821/1731 
f 24/2093 2785/1733 2314/672 
f 821/1731 1819/2096 24/2092 
f 2785/1733 24/2093 1819/2097 
f 225/416 196/343 193/339 
f 2194/418 2167/341 2170/344 
f 193/339 793/1651 225/416 
f 2167/341 2194/418 2757/1652 
f 793/1651 193/339 246/460 
f 2757/1652 2214/464 2167/341 
f 246/460 247/459 793/1651 
f 2214/464 2757/1652 2215/462 
f 86/119 816/1714 776/2781 
f 2063/121 2740/2782 2780/1715 
f 776/2781 365/1724 86/119 
f 2740/2782 2063/121 2332/1725 
f 58/51 1802/57 1818/2094 
f 2035/54 1818/2095 1802/58 
f 1818/2094 822/1730 58/51 
f 1818/2095 2035/54 2786/1734 
f 66/73 63/69 823/1729 
f 2043/74 2787/1732 2040/71 
f 823/1729 1223/2779 66/73 
f 2787/1732 2043/74 3176/2780 
f 246/460 193/339 194/338 
f 2214/464 2168/342 2167/341 
f 194/338 1222/2777 246/460 
f 2168/342 2214/464 3175/2778 
f 196/343 66/73 1223/2779 
f 2170/344 3176/2780 2043/74 
f 1223/2779 195/337 196/343 
f 3176/2780 2170/344 2169/340 
f 815/1712 87/118 289/549 
f 2779/1713 2257/550 2064/122 
f 289/549 286/545 815/1712 
f 2257/550 2779/1713 2254/547 
f 282/535 284/537 786/1635 
f 2250/536 2750/1637 2252/539 
f 786/1635 281/529 282/535 
f 2750/1637 2250/536 2249/532 
f 282/535 279/531 1160/2576 
f 2250/536 3118/2577 2247/533 
f 1160/2576 283/538 282/535 
f 3118/2577 2250/536 2251/540 
f 785/1636 1224/2783 287/544 
f 2749/1638 2255/548 3177/2784 
f 287/544 288/543 785/1636 
f 2255/548 2749/1638 2256/546 
f 291/552 1161/2579 784/2578 
f 2259/556 2748/2581 3119/2580 
f 784/2578 290/553 291/552 
f 2748/2581 2259/556 2258/555 
f 971/2077 293/2076 290/1629 
f 2932/2079 2258/1631 2261/2078 
f 290/1629 782/1628 971/2077 
f 2258/1631 2932/2079 2746/1632 
f 1225/2785 971/2077 782/1628 
f 3178/2786 2746/1632 2932/2079 
f 782/1628 834/1774 1225/2785 
f 2746/1632 3178/2786 2798/1775 
f 283/538 1160/2576 1161/2579 
f 2251/540 3119/2580 3118/2577 
f 1161/2579 291/552 283/538 
f 3119/2580 2251/540 2259/556 
f 1221/2775 1226/2787 1225/2785 
f 3174/2776 3178/2786 3179/2788 
f 1225/2785 834/1774 1221/2775 
f 3178/2786 3174/2776 2798/1775 
f 1224/2783 1226/2787 1221/2775 
f 3177/2784 3174/2776 3179/2788 
f 1221/2775 287/544 1224/2783 
f 3174/2776 3177/2784 2255/548 
f 382/743 381/741 785/1636 
f 2349/744 2749/1638 2348/742 
f 785/1636 786/1635 382/743 
f 2749/1638 2349/744 2750/1637 
f 285/541 973/2082 972/2080 
f 2253/542 2933/2081 2934/2083 
f 972/2080 284/537 285/541 
f 2933/2081 2253/542 2252/539 
f 293/557 384/2085 974/2084 
f 2261/558 2935/2087 2351/2086 
f 974/2084 292/551 293/557 
f 2935/2087 2261/558 2260/554 
f 381/741 791/1647 1224/2783 
f 2348/742 3177/2784 2755/1648 
f 1224/2783 785/1636 381/741 
f 3177/2784 2348/742 2749/1638 
f 789/1639 790/1645 1225/2785 
f 2753/1642 3178/2786 2754/1646 
f 1225/2785 1226/2787 789/1639 
f 3178/2786 2753/1642 3179/2788 
f 790/1645 383/746 971/2077 
f 2754/1646 2932/2079 2350/748 
f 971/2077 1225/2785 790/1645 
f 2932/2079 2754/1646 3178/2786 
f 292/551 974/2084 973/2082 
f 2260/554 2934/2083 2935/2087 
f 973/2082 285/541 292/551 
f 2934/2083 2260/554 2253/542 
f 284/537 972/2080 382/743 
f 2252/539 2349/744 2933/2081 
f 382/743 786/1635 284/537 
f 2349/744 2252/539 2750/1637 
f 791/1647 789/1639 1226/2787 
f 2755/1648 3179/2788 2753/1642 
f 1226/2787 1224/2783 791/1647 
f 3179/2788 2755/1648 3177/2784 
f 1194/2707 707/1460 708/1459 
f 3148/2708 2672/1462 2671/1464 
f 708/1459 886/1887 1194/2707 
f 2672/1462 3148/2708 2850/1891 
f 1190/2697 1162/2586 707/1460 
f 3144/2700 2671/1464 3120/2587 
f 707/1460 1194/2707 1190/2697 
f 2671/1464 3144/2700 3148/2708 
f 1113/2438 1194/2707 886/1887 
f 3071/2440 2850/1891 3148/2708 
f 886/1887 887/1886 1113/2438 
f 2850/1891 3071/2440 2851/1889 
f 890/1895 891/1894 1165/2593 
f 2854/1899 3123/2595 2855/1897 
f 1165/2593 1167/2596 890/1895 
f 3123/2595 2854/1899 3125/2597 
f 1192/2703 1190/2697 1194/2707 
f 3146/2704 3148/2708 3144/2700 
f 1194/2707 1165/2593 1192/2703 
f 3148/2708 3146/2704 3123/2595 
f 1227/2789 1189/2698 1193/2705 
f 3180/2790 3147/2706 3143/2699 
f 1193/2705 1228/2791 1227/2789 
f 3147/2706 3180/2790 3181/2792 
f 1191/2701 1164/2590 1193/2705 
f 3145/2702 3147/2706 3122/2591 
f 1193/2705 1192/2703 1191/2701 
f 3147/2706 3145/2702 3146/2704 
f 1227/2789 1076/2351 1077/2355 
f 3180/2790 3035/2356 3034/2353 
f 1077/2355 1189/2698 1227/2789 
f 3035/2356 3180/2790 3143/2699 
f 1228/2791 1087/2373 1076/2351 
f 3181/2792 3034/2353 3045/2375 
f 1076/2351 1227/2789 1228/2791 
f 3034/2353 3181/2792 3180/2790 
f 1028/2224 1162/2586 1077/2355 
f 2986/2226 3035/2356 3120/2587 
f 1077/2355 1027/2225 1028/2224 
f 3035/2356 2986/2226 2985/2227 
f 512/1029 513/1031 523/1052 
f 2477/1030 2488/1053 2478/1032 
f 523/1052 522/1049 512/1029 
f 2488/1053 2477/1030 2487/1050 
f 795/1656 528/1055 516/1039 
f 2759/1658 2481/1040 2493/1058 
f 516/1039 517/1042 795/1656 
f 2481/1040 2759/1658 2482/1044 
f 203/355 520/1046 149/246 
f 2177/357 2124/250 2485/1047 
f 149/246 1229/2793 203/355 
f 2124/250 2177/357 3182/2794 
f 1101/2404 1104/2409 1105/2412 
f 3059/2406 3063/2413 3062/2410 
f 1105/2412 1107/2419 1101/2404 
f 3063/2413 3059/2406 3065/2420 
f 1104/2409 1101/2404 1102/2403 
f 3062/2410 3060/2405 3059/2406 
f 1102/2403 1103/2407 1104/2409 
f 3060/2405 3062/2410 3061/2408 
f 767/1594 1817/2795 27/2266 
f 2731/1595 27/2266 1817/2795 
f 27/2266 760/1575 767/1594 
f 27/2266 2731/1595 2724/1577 
f 1045/2273 31/2632 1845/2650 
f 3003/2275 1845/2650 31/2632 
f 1845/2650 1044/2274 1045/2273 
f 1845/2650 3003/2275 3002/2276 
f 1164/2590 1097/2395 1228/2791 
f 3122/2591 3181/2792 3055/2396 
f 1228/2791 1193/2705 1164/2590 
f 3181/2792 3122/2591 3147/2706 
f 1166/2592 1191/2701 1192/2703 
f 3124/2594 3146/2704 3145/2702 
f 1192/2703 1165/2593 1166/2592 
f 3146/2704 3124/2594 3123/2595 
f 1164/2590 1191/2701 1073/2347 
f 3122/2591 3031/2348 3145/2702 
f 1073/2347 703/1452 1164/2590 
f 3031/2348 3122/2591 2667/1456 
f 361/697 1231/2796 1230/2797 
f 2328/698 3183/2798 3184/2799 
f 1230/2797 360/691 361/697 
f 3183/2798 2328/698 2327/694 
f 1233/2800 1232/2801 412/808 
f 3186/2802 2378/809 3185/2803 
f 412/808 409/804 1233/2800 
f 2378/809 3186/2802 2375/806 
f 1234/2804 1196/2711 1197/2713 
f 3187/2805 3150/2714 3149/2712 
f 1197/2713 1235/2806 1234/2804 
f 3150/2714 3187/2805 3188/2807 
f 1236/2808 1204/2728 1205/2727 
f 3189/2809 3158/2729 3157/2730 
f 1205/2727 1237/2810 1236/2808 
f 3158/2729 3189/2809 3190/2811 
f 1992/2812 1981/1842 864/1840 
f 3870/2813 2828/1841 3859/1843 
f 864/1840 573/1180 1992/2812 
f 2828/1841 3870/2813 2538/1184 
f 1993/2814 1984/2501 1132/2815 
f 3871/2816 3090/2817 3862/2502 
f 1132/2815 1239/2818 1993/2814 
f 3090/2817 3871/2816 3192/2819 
f 566/1163 1982/2497 1975/1816 
f 2531/1166 3853/1817 3860/2498 
f 1975/1816 565/1164 566/1163 
f 3853/1817 2531/1166 2530/1168 
f 571/1177 568/1173 1983/2499 
f 2536/1178 3861/2500 2533/1175 
f 1983/2499 1977/1824 571/1177 
f 3861/2500 2536/1178 3855/1825 
f 1183/2679 1240/2820 1169/2600 
f 3137/2680 3127/2601 3193/2821 
f 1169/2600 1115/2441 1183/2679 
f 3127/2601 3137/2680 3073/2442 
f 664/1367 1168/2598 1169/2600 
f 2628/1369 3127/2601 3126/2599 
f 1169/2600 1240/2820 664/1367 
f 3127/2601 2628/1369 3193/2821 
f 1186/2689 1182/2677 1168/2598 
f 3140/2690 3126/2599 3136/2678 
f 1168/2598 664/1367 1186/2689 
f 3126/2599 3140/2690 2628/1369 
f 1186/2689 664/1367 1922/1366 
f 3140/2690 3804/1370 2628/1369 
f 1922/1366 1185/2683 1186/2689 
f 3804/1370 3140/2690 3139/2685 
f 538/1087 537/1083 1794/1130 
f 2503/1088 3745/1131 2502/1085 
f 1794/1130 1795/2822 538/1087 
f 3745/1131 2503/1088 3746/2823 
f 507/1023 1796/1020 1795/2822 
f 2472/1024 3746/2823 3747/1021 
f 1795/2822 536/2559 507/1023 
f 3746/2823 2472/1024 2501/2561 
f 552/1133 693/1433 505/1011 
f 2517/1137 2470/1014 2657/1434 
f 505/1011 506/1017 552/1133 
f 2470/1014 2517/1137 2471/1018 
f 553/1140 518/1041 505/1011 
f 2518/1141 2470/1014 2483/1043 
f 505/1011 693/1433 553/1140 
f 2470/1014 2518/1141 2657/1434 
f 495/993 511/1027 204/354 
f 2460/994 2178/358 2476/1028 
f 204/354 690/1423 495/993 
f 2178/358 2460/994 2654/1424 
f 1229/2793 1241/2824 202/359 
f 3182/2794 2176/360 3194/2825 
f 202/359 203/355 1229/2793 
f 2176/360 3182/2794 2177/357 
f 202/1095 1241/2826 1242/2827 
f 2176/1098 3195/2828 3194/2829 
f 1242/2827 542/1096 202/1095 
f 3195/2828 2176/1098 2507/1100 
f 542/1096 1242/2827 1243/2830 
f 2507/1100 3196/2831 3195/2828 
f 1243/2830 554/1138 542/1096 
f 3196/2831 2507/1100 2519/1139 
f 1241/2824 1229/2793 149/246 
f 3194/2825 2124/250 3182/2794 
f 149/246 150/245 1241/2824 
f 2124/250 3194/2825 2125/248 
f 543/1102 1242/2827 1241/2826 
f 2508/1145 3194/2829 3195/2828 
f 1241/2826 150/1103 543/1102 
f 3194/2825 2508/1105 2125/248 
f 555/1143 1243/2830 1242/2827 
f 2520/1146 3195/2828 3196/2831 
f 1242/2827 543/1102 555/1143 
f 3195/2828 2520/1146 2508/1145 
f 523/1052 524/1051 548/2326 
f 2488/1053 2513/2328 2489/1054 
f 548/2326 1066/2325 523/1052 
f 2513/2328 2488/1053 3024/2327 
f 514/1427 692/1429 547/1114 
f 2479/1428 2512/1116 2656/1430 
f 547/1114 524/1113 514/1427 
f 2512/1116 2479/1428 2489/1117 
f 692/1429 515/1037 525/1061 
f 2656/1430 2490/1062 2480/1038 
f 525/1061 547/1114 692/1429 
f 2490/1062 2656/1430 2512/1116 
f 1187/2693 1171/2602 1172/2608 
f 3141/2694 3130/2609 3129/2605 
f 1172/2608 1178/2658 1187/2693 
f 3130/2609 3141/2694 3133/2660 
f 982/2138 1187/2691 1178/2832 
f 2940/2139 3133/2833 3141/2692 
f 1178/2832 1117/2445 982/2138 
f 3133/2833 2940/2139 3075/2446 
f 718/1483 1163/2588 648/1333 
f 2682/1484 2612/1336 3121/2589 
f 648/1333 649/1339 718/1483 
f 2612/1336 2682/1484 2613/1340 
f 1163/2588 719/1485 643/1326 
f 3121/2589 2607/1330 2683/1486 
f 643/1326 648/1333 1163/2588 
f 2607/1330 3121/2589 2612/1336 
f 717/1479 723/1489 724/1495 
f 2681/1482 2688/1496 2687/1492 
f 724/1495 716/1480 717/1479 
f 2688/1496 2681/1482 2680/1481 
f 700/1443 1092/2383 1188/2695 
f 2664/1446 3142/2696 3050/2385 
f 1188/2695 699/1444 700/1443 
f 3142/2696 2664/1446 2663/1448 
f 1188/2695 1049/2288 1071/2343 
f 3142/2696 3029/2344 3007/2292 
f 1071/2343 699/1444 1188/2695 
f 3029/2344 3142/2696 2663/1448 
f 700/1443 701/1449 1094/2390 
f 2664/1446 3052/2391 2665/1450 
f 1094/2390 1091/2384 700/1443 
f 3052/2391 2664/1446 3049/2386 
f 720/1487 719/1485 1024/2219 
f 2684/1488 2982/2221 2683/1486 
f 1024/2219 1071/2343 720/1487 
f 2982/2221 2684/1488 3029/2344 
f 720/1487 1050/2287 650/1343 
f 2684/1488 2614/1345 3008/2290 
f 650/1343 642/1327 720/1487 
f 2614/1345 2684/1488 2606/1329 
f 1092/2383 1080/2362 1081/2361 
f 3050/2385 3039/2363 3038/2364 
f 1081/2361 1188/2695 1092/2383 
f 3039/2363 3050/2385 3142/2696 
f 1050/2287 1051/2293 653/1347 
f 3008/2290 2617/1348 3009/2294 
f 653/1347 650/1343 1050/2287 
f 2617/1348 3008/2290 2614/1345 
f 1072/2345 1020/2210 1051/2293 
f 3030/2346 3009/2294 2978/2211 
f 1051/2293 1048/2289 1072/2345 
f 3009/2294 3030/2346 3006/2291 
f 1092/2383 1093/2387 1090/2381 
f 3050/2385 3048/2382 3051/2388 
f 1090/2381 1080/2362 1092/2383 
f 3048/2382 3050/2385 3038/2364 
f 702/1453 1072/2345 1048/2289 
f 2666/1455 3006/2291 3030/2346 
f 1048/2289 1081/2361 702/1453 
f 3006/2291 2666/1455 3039/2363 
f 1020/2210 892/1900 653/1347 
f 2978/2211 2617/1348 2856/1901 
f 653/1347 1051/2293 1020/2210 
f 2617/1348 2978/2211 3009/2294 
f 1097/2395 1096/2393 1087/2373 
f 3055/2396 3045/2375 3054/2394 
f 1087/2373 1228/2791 1097/2395 
f 3045/2375 3055/2396 3181/2792 
f 1176/2640 1244/2834 1043/2270 
f 1176/2640 3001/2272 1244/2834 
f 1043/2270 1042/2269 1176/2640 
f 3001/2272 1176/2640 3000/2271 
f 1139/2523 1839/2620 1838/2509 
f 3097/2524 1838/2510 1839/2621 
f 1838/2509 1133/2505 1139/2523 
f 1838/2510 3097/2524 3091/2507 
f 156/2647 32/2646 1851/2835 
f 2131/2648 1851/2835 32/2646 
f 1851/2835 159/2624 156/2647 
f 1851/2835 2131/2648 2134/2625 
f 867/1848 1852/2836 14/2651 
f 2831/1850 14/2651 1852/2836 
f 14/2651 870/1852 867/1848 
f 14/2651 2831/1850 2834/1853 
f 159/2624 1851/2835 1852/2836 
f 2134/2625 1852/2836 1851/2835 
f 1852/2836 867/1848 159/2624 
f 1852/2836 2134/2625 2831/1850 
f 1046/2280 1014/2198 1835/2286 
f 3004/2281 1835/2286 2972/2199 
f 1835/2286 1853/2837 1046/2280 
f 1835/2286 3004/2281 1853/2837 
f 1046/2280 1853/2837 1854/2838 
f 3004/2281 1854/2838 1853/2837 
f 1854/2838 1011/2190 1046/2280 
f 1854/2838 3004/2281 2969/2192 
f 1010/2191 1011/2190 1854/2838 
f 2968/2193 1854/2838 2969/2192 
f 1854/2838 33/2839 1010/2191 
f 1854/2838 2968/2193 33/2839 
f 1005/2182 1010/2191 33/2839 
f 2963/2184 33/2839 2968/2193 
f 33/2839 13/2282 1005/2182 
f 33/2839 2963/2184 13/2282 
f 110/167 1855/2840 1848/2655 
f 2087/169 1848/2655 1855/2840 
f 1848/2655 353/1804 110/167 
f 1848/2655 2087/169 2320/1805 
f 110/167 111/166 965/2061 
f 2087/169 965/2061 2088/170 
f 965/2061 1855/2840 110/167 
f 965/2061 2087/169 1855/2840 
f 623/1283 620/1279 638/1319 
f 2587/1284 2602/1321 2584/1281 
f 638/1319 688/1419 623/1283 
f 2602/1321 2587/1284 2652/1420 
f 620/1279 631/1303 641/1323 
f 2584/1281 2605/1324 2595/1304 
f 641/1323 638/1319 620/1279 
f 2605/1324 2584/1281 2602/1321 
f 1245/2841 1201/2719 685/1415 
f 3197/2842 2649/1417 3154/2722 
f 685/1415 1246/2843 1245/2841 
f 2649/1417 3197/2842 3198/2844 
f 1201/2719 623/1283 688/1419 
f 3154/2722 2652/1420 2587/1284 
f 688/1419 685/1415 1201/2719 
f 2652/1420 3154/2722 2649/1417 
f 617/1271 614/1267 629/1299 
f 2581/1272 2593/1300 2578/1269 
f 629/1299 626/1295 617/1271 
f 2593/1300 2581/1272 2590/1297 
f 626/1295 683/1405 619/1273 
f 2590/1297 2583/1275 2647/1408 
f 619/1273 617/1271 626/1295 
f 2583/1275 2590/1297 2581/1272 
f 1247/2845 1199/2715 684/1411 
f 3199/2846 2648/1412 3152/2718 
f 684/1411 1248/2847 1247/2845 
f 2648/1412 3199/2846 3200/2848 
f 683/1405 684/1411 1199/2715 
f 2647/1408 3152/2718 2648/1412 
f 1199/2715 619/1273 683/1405 
f 3152/2718 2647/1408 2583/1275 
f 1249/2472 808/1690 2011/2849 
f 3201/2475 3888/2850 2772/1692 
f 2011/2849 1128/2489 1249/2472 
f 3888/2850 3201/2475 3086/2492 
f 635/1311 637/1315 613/1263 
f 2599/1312 2577/1264 2601/1316 
f 613/1263 610/1259 635/1311 
f 2577/1264 2599/1312 2574/1261 
f 634/1305 635/1311 610/1259 
f 2598/1308 2574/1261 2599/1312 
f 610/1259 679/1397 634/1305 
f 2574/1261 2598/1308 2643/1400 
f 1203/2723 634/1305 679/1397 
f 3156/2726 2643/1400 2598/1308 
f 679/1397 680/1403 1203/2723 
f 2643/1400 3156/2726 2644/1404 
f 1250/2851 1249/2472 1128/2489 
f 3202/2852 3086/2492 3201/2475 
f 1128/2489 1251/2853 1250/2851 
f 3086/2492 3202/2852 3203/2854 
f 1253/2855 810/1697 1252/2856 
f 3205/2857 3204/2858 2774/1699 
f 1252/2856 1254/2859 1253/2855 
f 3204/2858 3205/2857 3206/2860 
f 1255/2861 609/1255 303/576 
f 3207/2862 2271/580 2573/1256 
f 303/576 1256/2863 1255/2861 
f 2271/580 3207/2862 3208/2864 
f 1258/2478 1257/2865 2007/2866 
f 3210/2479 3884/2867 3209/2868 
f 2007/2866 800/1671 1258/2478 
f 3884/2867 3210/2479 2764/1672 
f 1259/2869 1257/2865 1258/2478 
f 3211/2870 3210/2479 3209/2868 
f 1258/2478 1260/2871 1259/2869 
f 3210/2479 3211/2870 3212/2872 
f 808/1690 1249/2472 1258/2478 
f 2772/1692 3210/2479 3201/2475 
f 1258/2478 800/1671 808/1690 
f 3210/2479 2772/1692 2764/1672 
f 431/850 673/1390 674/1389 
f 2397/852 2638/1391 2637/1392 
f 674/1389 430/851 431/850 
f 2638/1391 2397/852 2396/853 
f 1213/2747 1212/2745 1261/2873 
f 3166/2748 3213/2874 3165/2746 
f 1261/2873 1262/2875 1213/2747 
f 3213/2874 3166/2748 3214/2876 
f 1262/2877 1264/2878 1263/2879 
f 3214/2876 3215/2880 3216/2881 
f 1263/2882 1213/2747 1262/2875 
f 3215/2880 3214/2876 3166/2748 
f 1256/2863 303/576 304/575 
f 3208/2864 2272/578 2271/580 
f 304/575 1127/2487 1256/2863 
f 2272/578 3208/2864 3085/2488 
f 1246/2843 685/1415 686/1414 
f 3198/2844 2650/1418 2649/1417 
f 686/1414 1253/2855 1246/2843 
f 2650/1418 3198/2844 3205/2857 
f 1248/2847 684/1411 681/1407 
f 3200/2848 2645/1409 2648/1412 
f 681/1407 1259/2869 1248/2847 
f 2645/1409 3200/2848 3211/2870 
f 1265/2883 680/1403 677/1399 
f 3217/2884 2641/1401 2644/1404 
f 677/1399 1250/2851 1265/2883 
f 2641/1401 3217/2884 3202/2852 
f 1266/2885 1265/2883 1250/2851 
f 3218/2886 3202/2852 3217/2884 
f 1250/2851 1251/2853 1266/2885 
f 3202/2852 3218/2886 3203/2854 
f 1245/2841 1254/2859 1200/2720 
f 3197/2842 3153/2721 3206/2860 
f 1200/2720 1201/2719 1245/2841 
f 3153/2721 3197/2842 3154/2722 
f 1247/2845 1260/2871 1198/2716 
f 3199/2846 3151/2717 3212/2872 
f 1198/2716 1199/2715 1247/2845 
f 3151/2717 3199/2846 3152/2718 
f 1266/2885 1251/2853 1202/2724 
f 3218/2886 3155/2725 3203/2854 
f 1202/2724 1203/2723 1266/2885 
f 3155/2725 3218/2886 3156/2726 
f 1268/2887 1267/2888 1263/2882 
f 3220/2889 3215/2880 3219/2890 
f 1263/2879 1264/2878 1268/2891 
f 3215/2880 3220/2889 3216/2881 
f 1267/2888 1270/2892 1269/2893 
f 3219/2890 3221/2894 3222/2895 
f 1269/2893 1263/2882 1267/2888 
f 3221/2894 3219/2890 3215/2880 
f 1125/2485 967/2484 968/2896 
f 3083/2486 2929/2068 2928/2069 
f 968/2896 1271/2897 1125/2485 
f 2929/2068 3083/2486 3223/2898 
f 307/584 801/1673 434/860 
f 2275/588 2400/862 2765/1674 
f 434/860 306/585 307/584 
f 2400/862 2275/588 2274/587 
f 386/750 808/1690 800/1671 
f 2353/754 2764/1672 2772/1692 
f 800/1671 385/751 386/750 
f 2764/1672 2353/754 2352/753 
f 391/757 803/1680 301/1679 
f 2358/760 2269/574 2767/1681 
f 301/1679 390/758 391/757 
f 2269/574 2358/760 2357/762 
f 428/845 298/569 805/1685 
f 2394/849 2769/1687 2266/1689 
f 805/1685 427/846 428/845 
f 2769/1687 2394/849 2393/848 
f 433/856 799/1669 1170/1696 
f 2399/857 3128/1698 2763/1670 
f 1170/1696 432/854 433/856 
f 3128/1698 2399/857 2398/855 
f 433/856 323/616 388/755 
f 2399/857 2355/756 2291/620 
f 388/755 385/751 433/856 
f 2355/756 2399/857 2352/753 
f 386/750 387/749 440/870 
f 2353/754 2406/871 2354/752 
f 440/870 807/1691 386/750 
f 2406/871 2353/754 2771/1693 
f 811/1702 447/880 309/589 
f 2775/1703 2277/590 2413/883 
f 309/589 306/585 811/1702 
f 2277/590 2775/1703 2274/587 
f 432/854 1170/1696 801/1673 
f 2398/855 2765/1674 3128/1698 
f 801/1673 307/584 432/854 
f 2765/1674 2398/855 2275/588 
f 969/2070 970/2072 803/1680 
f 2930/2071 2767/1681 2931/2073 
f 803/1680 391/757 969/2070 
f 2767/1681 2930/2071 2358/760 
f 811/1702 435/859 970/2072 
f 2775/1703 2931/2073 2401/863 
f 970/2072 969/2070 811/1702 
f 2931/2073 2775/1703 2930/2071 
f 429/844 389/2610 390/2612 
f 2395/2611 2357/762 2356/761 
f 390/2612 428/845 429/844 
f 2357/762 2395/2611 2394/2613 
f 1134/2511 1137/2517 809/1694 
f 3092/2512 2773/1695 3095/2518 
f 809/1694 807/1691 1134/2511 
f 2773/1695 3092/2512 2771/1693 
f 1272/2899 1129/2490 1135/2514 
f 3224/2900 3093/2516 3087/2494 
f 1135/2514 1213/2747 1272/2899 
f 3093/2516 3224/2900 3166/2748 
f 1213/2747 1263/2882 1269/2893 
f 3166/2748 3221/2894 3215/2880 
f 1269/2893 1272/2899 1213/2747 
f 3221/2894 3166/2748 3224/2900 
f 621/1278 622/1277 359/692 
f 2585/1282 2326/696 2586/1280 
f 359/692 360/691 621/1278 
f 2326/696 2585/1282 2327/694 
f 682/1406 627/1294 361/697 
f 2646/1410 2328/698 2591/1298 
f 361/697 358/693 682/1406 
f 2328/698 2646/1410 2325/695 
f 632/1307 633/1306 411/802 
f 2596/1309 2377/805 2597/1310 
f 411/802 412/808 632/1307 
f 2377/805 2596/1309 2378/809 
f 1237/2810 1205/2727 611/1258 
f 3190/2811 2575/1262 3158/2729 
f 611/1258 612/1257 1237/2810 
f 2575/1262 3190/2811 2576/1260 
f 1204/2728 1236/2808 615/1266 
f 3157/2730 2579/1270 3189/2809 
f 615/1266 616/1265 1204/2728 
f 2579/1270 3157/2730 2580/1268 
f 667/1373 1204/2728 616/1265 
f 2631/1376 2580/1268 3157/2730 
f 616/1265 618/1274 667/1373 
f 2580/1268 2631/1376 2582/1276 
f 1259/2869 681/1407 1206/2732 
f 3211/2870 3159/2733 2645/1409 
f 1206/2732 625/1291 1259/2869 
f 3159/2733 3211/2870 2589/1292 
f 1231/2796 361/697 627/1294 
f 3184/2799 2591/1298 2328/698 
f 627/1294 628/1293 1231/2796 
f 2591/1298 3184/2799 2592/1296 
f 360/691 1230/2797 630/1301 
f 2327/694 2594/1302 3183/2798 
f 630/1301 621/1278 360/691 
f 2594/1302 2327/694 2585/1282 
f 412/808 1232/2801 636/1313 
f 2378/809 2600/1314 3185/2803 
f 636/1313 632/1307 412/808 
f 2600/1314 2378/809 2596/1309 
f 677/1399 678/1398 668/1379 
f 2641/1401 2632/1380 2642/1402 
f 668/1379 665/1375 677/1399 
f 2632/1380 2641/1401 2629/1377 
f 666/1374 667/1373 618/1274 
f 2630/1378 2582/1276 2631/1376 
f 618/1274 1198/2716 666/1374 
f 2582/1276 2630/1378 3151/2717 
f 1202/2724 1251/2853 671/1381 
f 3155/2725 2635/1384 3203/2854 
f 671/1381 672/1387 1202/2724 
f 2635/1384 3155/2725 2636/1388 
f 1200/2720 1254/2859 624/1285 
f 3153/2721 2588/1288 3206/2860 
f 624/1285 1207/2731 1200/2720 
f 2588/1288 3153/2721 3160/2734 
f 681/1407 682/1406 358/693 
f 2645/1409 2325/695 2646/1410 
f 358/693 1206/2732 681/1407 
f 2325/695 2645/1409 3159/2733 
f 1198/2716 1260/2871 1123/2901 
f 3151/2717 3081/2902 3212/2872 
f 1123/2901 666/1374 1198/2716 
f 3081/2902 3151/2717 2630/1378 
f 1250/2851 677/1399 665/1375 
f 3202/2852 2629/1377 2641/1401 
f 665/1375 1124/2903 1250/2851 
f 2629/1377 3202/2852 3082/2904 
f 622/1277 1200/2720 1207/2731 
f 2586/1280 3160/2734 3153/2721 
f 1207/2731 359/692 622/1277 
f 3160/2734 2586/1280 2326/696 
f 633/1306 1202/2724 672/1387 
f 2597/1310 2636/1388 3155/2725 
f 672/1387 411/802 633/1306 
f 2636/1388 2597/1310 2377/805 
f 678/1398 611/1258 1205/2727 
f 2642/1402 3158/2729 2575/1262 
f 1205/2727 668/1379 678/1398 
f 3158/2729 2642/1402 2632/1380 
f 413/812 1253/2855 686/1414 
f 2379/814 2650/1418 3205/2857 
f 686/1414 416/816 413/812 
f 2650/1418 2379/814 2382/817 
f 1235/2806 1197/2713 639/1318 
f 3188/2807 2603/1322 3150/2714 
f 639/1318 640/1317 1235/2806 
f 2603/1322 3188/2807 2604/1320 
f 686/1414 687/1413 676/1393 
f 2650/1418 2640/1396 2651/1416 
f 676/1393 416/816 686/1414 
f 2640/1396 2650/1418 2382/817 
f 687/1413 639/1318 1197/2713 
f 2651/1416 3150/2714 2603/1322 
f 1197/2713 676/1393 687/1413 
f 3150/2714 2651/1416 2640/1396 
f 1256/2863 1127/2487 414/811 
f 3208/2864 2380/815 3085/2488 
f 414/811 415/810 1256/2863 
f 2380/815 3208/2864 2381/813 
f 415/810 675/1394 1255/2861 
f 2381/813 3207/2862 2639/1395 
f 1255/2861 1256/2863 415/810 
f 3207/2862 2381/813 3208/2864 
f 1196/2711 1234/2804 608/1251 
f 3149/2712 2572/1253 3187/2805 
f 608/1251 609/1255 1196/2711 
f 2572/1253 3149/2712 2573/1256 
f 609/1255 1255/2861 675/1394 
f 2573/1256 2639/1395 3207/2862 
f 675/1394 1196/2711 609/1255 
f 2639/1395 2573/1256 3149/2712 
f 1272/2899 1269/2893 669/1383 
f 3224/2900 2633/1385 3221/2894 
f 669/1383 670/1382 1272/2899 
f 2633/1385 3224/2900 2634/1386 
f 1270/2892 1267/2888 409/804 
f 3222/2895 2375/806 3219/2890 
f 409/804 410/803 1270/2892 
f 2375/806 3222/2895 2376/807 
f 1233/2800 409/804 1267/2888 
f 3186/2802 3219/2890 2375/806 
f 1267/2888 1268/2887 1233/2800 
f 3219/2890 3186/2802 3220/2889 
f 1269/2893 1270/2892 410/803 
f 3221/2894 2376/807 3222/2895 
f 410/803 669/1383 1269/2893 
f 2376/807 3221/2894 2633/1385 
f 625/1291 2005/1287 1257/2865 
f 2589/1292 3209/2868 3882/1289 
f 1257/2865 1259/2869 625/1291 
f 3209/2868 2589/1292 3211/2870 
f 625/1291 1206/2732 1207/2731 
f 2589/1292 3160/2734 3159/2733 
f 1207/2731 624/1285 625/1291 
f 3160/2734 2589/1292 2588/1288 
f 413/812 1928/2481 810/1697 
f 2379/814 2774/1699 3810/2482 
f 810/1697 1253/2855 413/812 
f 2774/1699 2379/814 3205/2857 
f 1124/2903 1927/2473 1249/2472 
f 3082/2904 3201/2475 3809/2477 
f 1249/2472 1250/2851 1124/2903 
f 3201/2475 3082/2904 3202/2852 
f 1123/2901 1124/2903 665/1375 
f 3081/2902 2629/1377 3082/2904 
f 665/1375 666/1374 1123/2901 
f 2629/1377 3081/2902 2630/1378 
f 1128/2489 2009/2495 671/1381 
f 3086/2492 2635/1384 3886/2496 
f 671/1381 1251/2853 1128/2489 
f 2635/1384 3086/2492 3203/2854 
f 1272/2899 670/1382 2010/2491 
f 3224/2900 3887/2493 2634/1386 
f 2010/2491 1129/2490 1272/2899 
f 3887/2493 3224/2900 3087/2494 
f 800/1671 2007/2866 2008/2905 
f 2764/1672 3885/2906 3884/2867 
f 2008/2905 799/1669 800/1671 
f 3885/2906 2764/1672 2763/1670 
f 810/1697 799/1669 2008/2905 
f 2774/1699 3885/2906 2763/1670 
f 2008/2905 1252/2856 810/1697 
f 3885/2906 2774/1699 3204/2858 
f 1129/2490 1128/2489 2011/2849 
f 3087/2494 3888/2850 3086/2492 
f 2011/2849 2012/2907 1129/2490 
f 3888/2850 3087/2494 3889/2908 
f 1135/2514 1129/2490 2012/2907 
f 3093/2516 3889/2908 3087/2494 
f 2012/2907 809/1694 1135/2514 
f 3889/2908 3093/2516 2773/1695 
f 1246/2843 1253/2855 1254/2859 
f 3198/2844 3206/2860 3205/2857 
f 1254/2859 1245/2841 1246/2843 
f 3206/2860 3198/2844 3197/2842 
f 1248/2847 1259/2869 1260/2871 
f 3200/2848 3212/2872 3211/2870 
f 1260/2871 1247/2845 1248/2847 
f 3212/2872 3200/2848 3199/2846 
f 1203/2723 680/1403 1265/2883 
f 3156/2726 3217/2884 2644/1404 
f 1265/2883 1266/2885 1203/2723 
f 3217/2884 3156/2726 3218/2886 
f 1264/2878 1262/2877 1273/2909 
f 3216/2881 3225/2910 3214/2876 
f 1273/2909 1274/2911 1264/2878 
f 3225/2910 3216/2881 3226/2912 
f 1276/2913 1275/2914 673/1390 
f 3228/2915 2637/1392 3227/2916 
f 673/1390 431/850 1276/2913 
f 2637/1392 3228/2915 2397/852 
f 1261/2917 1278/2918 1277/2919 
f 3213/2874 3229/2920 3230/2921 
f 1277/2919 1279/2922 1261/2917 
f 3229/2920 3213/2874 3231/2923 
f 1282/2924 1281/2925 1280/2926 
f 3234/2927 3232/2928 3233/2929 
f 1280/2926 1283/2930 1282/2924 
f 3232/2928 3234/2927 3235/2931 
f 612/2932 613/2933 1284/2934 
f 2576/2935 3236/2936 2577/2937 
f 1284/2934 1285/2938 612/2932 
f 3236/2936 2576/2935 3237/2939 
f 614/2940 615/2941 1286/2942 
f 2578/2943 3238/2944 2579/2945 
f 1286/2942 1287/2946 614/2940 
f 3238/2944 2578/2943 3239/2947 
f 1236/2948 1237/2949 1288/2950 
f 3189/2951 3240/2952 3190/2953 
f 1288/2950 1289/2954 1236/2948 
f 3240/2952 3189/2951 3241/2955 
f 1291/2956 1290/2957 628/1293 
f 3243/2958 2592/2959 3242/2960 
f 628/1293 629/1299 1291/2956 
f 2592/2959 3243/2958 2593/2961 
f 1293/2962 1292/2963 631/2964 
f 3245/2965 2595/2966 3244/2967 
f 631/1303 630/1301 1293/2968 
f 2595/2966 3245/2965 2594/2969 
f 1295/2970 1294/2971 1230/2972 
f 3247/2973 3183/2974 3246/2975 
f 1230/2972 1231/2976 1295/2970 
f 3183/2974 3247/2973 3184/2977 
f 1297/2978 1296/2979 1234/2804 
f 3249/2980 3187/2981 3248/2982 
f 1234/2804 1235/2806 1297/2978 
f 3187/2981 3249/2980 3188/2983 
f 1299/2984 1298/2985 968/2066 
f 3251/2986 2929/2068 3250/2987 
f 968/2066 296/559 1299/2984 
f 2929/2068 3251/2986 2264/562 
f 1271/2897 968/2896 1298/2988 
f 3223/2898 3250/2987 2929/2068 
f 1298/2988 1300/2989 1271/2897 
f 3250/2987 3223/2898 3252/2990 
f 1301/2991 1299/2984 296/559 
f 3253/2992 2264/562 3251/2986 
f 296/559 297/565 1301/2991 
f 2264/562 3253/2992 2265/566 
f 1232/2993 1233/2994 1302/2995 
f 3185/2803 3254/2996 3186/2802 
f 1302/2995 1303/2997 1232/2993 
f 3254/2996 3185/2803 3255/2998 
f 1275/2914 1301/2991 297/565 
f 3227/2916 2265/566 3253/2992 
f 297/565 673/1390 1275/2914 
f 2265/566 3227/2916 2637/1392 
f 1287/2946 1291/2999 629/3000 
f 3239/2947 2593/2961 3243/2958 
f 629/3000 614/2940 1287/2946 
f 2593/2961 3239/2947 2578/2943 
f 1304/3001 1276/2913 431/850 
f 3256/3002 2397/852 3228/2915 
f 431/850 305/581 1304/3001 
f 2397/852 3256/3002 2273/582 
f 1262/2877 1261/2917 1279/2922 
f 3214/2876 3231/2923 3213/2874 
f 1279/2922 1273/2909 1262/2877 
f 3231/2923 3214/2876 3225/2910 
f 1268/2891 1264/2878 1274/2911 
f 3220/2889 3226/2912 3216/2881 
f 1274/2911 1309/3003 1268/2891 
f 3226/2912 3220/2889 3261/3004 
f 1278/3005 1271/2897 1300/2989 
f 3230/2921 3252/3006 3223/3007 
f 1300/3008 1277/2919 1278/2918 
f 3252/3006 3230/2921 3229/2920 
f 305/581 302/577 1305/3009 
f 2273/582 3257/3010 2270/579 
f 1305/3009 1304/3001 305/581 
f 3257/3010 2273/582 3256/3002 
f 1285/2938 1288/2950 1237/2949 
f 3237/2939 3190/2953 3240/2952 
f 1237/2949 612/2932 1285/2938 
f 3190/2953 3237/2939 2576/2935 
f 1289/2954 1286/2942 615/2941 
f 3241/2955 2579/2945 3238/2944 
f 615/2941 1236/2948 1289/2954 
f 2579/2945 3241/2955 3189/2951 
f 1290/3011 1295/2970 1231/2976 
f 3242/2960 3184/2977 3247/2973 
f 1231/2796 628/1293 1290/2957 
f 3184/2977 3242/2960 2592/2959 
f 1294/2971 1293/2962 630/3012 
f 3246/2975 2594/2969 3245/2965 
f 630/3012 1230/2972 1294/2971 
f 2594/2969 3246/2975 3183/2974 
f 1303/2997 637/3013 636/3014 
f 3255/2998 2600/1314 2601/1316 
f 636/3014 1232/2993 1303/2997 
f 2600/1314 3255/2998 3185/2803 
f 1307/3015 1296/2979 1306/3016 
f 3259/3017 3258/3018 3248/2982 
f 1306/3016 1308/3019 1307/3015 
f 3258/3018 3259/3017 3260/3020 
f 1233/2994 1268/2891 1309/3003 
f 3186/2802 3261/3004 3220/2889 
f 1309/3003 1302/2995 1233/2994 
f 3261/3004 3186/2802 3254/2996 
f 1310/3021 1313/3022 1312/3023 
f 3262/3024 3264/3025 3265/3026 
f 1312/3023 1311/3027 1310/3021 
f 3264/3025 3262/3024 3263/3028 
f 1312/3023 1313/3022 1314/3029 
f 3264/3025 3266/3030 3265/3026 
f 1314/3029 1315/3031 1312/3023 
f 3266/3030 3264/3025 3267/3032 
f 1315/3031 1314/3029 1316/3033 
f 3267/3032 3268/3034 3266/3030 
f 1316/3033 1317/3035 1315/3031 
f 3268/3034 3267/3032 3269/3036 
f 1317/3035 1316/3033 1318/3037 
f 3269/3036 3270/3038 3268/3034 
f 1318/3037 1319/3039 1317/3035 
f 3270/3038 3269/3036 3271/3040 
f 1319/3039 1318/3037 1320/3041 
f 3271/3040 3272/3042 3270/3038 
f 1320/3041 1321/3043 1319/3039 
f 3272/3042 3271/3040 3273/3044 
f 1321/3043 1320/3041 1322/3045 
f 3273/3044 3274/3046 3272/3042 
f 1322/3045 1323/3047 1321/3043 
f 3274/3046 3273/3044 3275/3048 
f 1323/3047 1322/3045 1324/3049 
f 3275/3048 3276/3050 3274/3046 
f 1324/3049 1325/3051 1323/3047 
f 3276/3050 3275/3048 3277/3052 
f 1325/3051 1324/3049 1326/3053 
f 3277/3052 3278/3054 3276/3050 
f 1326/3053 1327/3055 1325/3051 
f 3278/3054 3277/3052 3279/3056 
f 1327/3055 1326/3053 1328/3057 
f 3279/3056 3280/3058 3278/3054 
f 1328/3057 1329/3059 1327/3055 
f 3280/3058 3279/3056 3281/3060 
f 1328/3057 1331/3061 1330/3062 
f 3280/3058 3282/3063 3283/3064 
f 1330/3062 1329/3059 1328/3057 
f 3282/3063 3280/3058 3281/3060 
f 1334/3065 1333/3066 1332/3067 
f 3286/3068 3284/3069 3285/3070 
f 1332/3067 1335/3071 1334/3065 
f 3284/3069 3286/3068 3287/3072 
f 1338/3073 1337/3074 1336/3075 
f 3290/3076 3288/3077 3289/3078 
f 1336/3075 1339/3079 1338/3073 
f 3288/3077 3290/3076 3291/3080 
f 1339/3079 1336/3075 1340/3081 
f 3291/3080 3292/3082 3288/3077 
f 1340/3081 1341/3083 1339/3079 
f 3292/3082 3291/3080 3293/3084 
f 1341/3083 1340/3081 1342/3085 
f 3293/3084 3294/3086 3292/3082 
f 1342/3085 1343/3087 1341/3083 
f 3294/3086 3293/3084 3295/3088 
f 1343/3087 1342/3085 1344/3089 
f 3295/3088 3296/3090 3294/3086 
f 1344/3089 1345/3091 1343/3087 
f 3296/3090 3295/3088 3297/3092 
f 1345/3091 1344/3089 1346/3093 
f 3297/3092 3298/3094 3296/3090 
f 1346/3093 1347/3095 1345/3091 
f 3298/3094 3297/3092 3299/3096 
f 1347/3095 1346/3093 1348/3097 
f 3299/3096 3300/3098 3298/3094 
f 1348/3097 1349/3099 1347/3095 
f 3300/3098 3299/3096 3301/3100 
f 1349/3099 1348/3097 1350/3101 
f 3301/3100 3302/3102 3300/3098 
f 1350/3101 1351/3103 1349/3099 
f 3302/3102 3301/3100 3303/3104 
f 1351/3103 1350/3101 1352/3105 
f 3303/3104 3304/3106 3302/3102 
f 1352/3105 1353/3107 1351/3103 
f 3304/3106 3303/3104 3305/3108 
f 1355/3109 1354/3110 1353/3107 
f 3307/3111 3305/3108 3306/3112 
f 1353/3107 1352/3105 1355/3109 
f 3305/3108 3307/3111 3304/3106 
f 1355/3109 1357/3113 1356/3114 
f 3307/3111 3308/3115 3309/3116 
f 1356/3114 1354/3110 1355/3109 
f 3308/3115 3307/3111 3306/3112 
f 1310/3021 1311/3027 1356/3114 
f 3262/3024 3308/3115 3263/3028 
f 1356/3114 1357/3113 1310/3021 
f 3308/3115 3262/3024 3309/3116 
f 1360/3117 1359/3118 1358/3119 
f 3312/3120 3310/3121 3311/3122 
f 1358/3119 1361/3123 1360/3117 
f 3310/3121 3312/3120 3313/3124 
f 1361/3123 1358/3119 1362/3125 
f 3313/3124 3314/3126 3310/3121 
f 1362/3125 1363/3127 1361/3123 
f 3314/3126 3313/3124 3315/3128 
f 1363/3127 1362/3125 1364/3129 
f 3315/3128 3316/3130 3314/3126 
f 1364/3129 1365/3131 1363/3127 
f 3316/3130 3315/3128 3317/3132 
f 1365/3131 1364/3129 1366/3133 
f 3317/3132 3318/3134 3316/3130 
f 1366/3133 1367/3135 1365/3131 
f 3318/3134 3317/3132 3319/3136 
f 1367/3135 1366/3133 1368/3137 
f 3319/3136 3320/3138 3318/3134 
f 1368/3137 1369/3139 1367/3135 
f 3320/3138 3319/3136 3321/3140 
f 1369/3139 1368/3137 1370/3141 
f 3321/3140 3322/3142 3320/3138 
f 1370/3141 1306/3143 1369/3139 
f 3322/3142 3321/3140 3258/3018 
f 1306/3143 1370/3141 1371/3144 
f 3258/3018 3323/3145 3322/3142 
f 1371/3144 1308/3146 1306/3143 
f 3323/3145 3258/3018 3260/3020 
f 1308/3146 1371/3144 1372/3147 
f 3260/3020 3324/3148 3323/3145 
f 1372/3147 1280/2926 1308/3146 
f 3324/3148 3260/3020 3232/2928 
f 1280/2926 1372/3147 1373/3149 
f 3232/2928 3325/3150 3324/3148 
f 1373/3149 1283/2930 1280/2926 
f 3325/3150 3232/2928 3235/2931 
f 1283/2930 1373/3149 1359/3118 
f 3235/2931 3311/3122 3325/3150 
f 1359/3118 1360/3117 1283/2930 
f 3311/3122 3235/2931 3312/3120 
f 1376/3151 1375/3152 1374/3153 
f 3328/3154 3326/3155 3327/3156 
f 1374/3153 1377/3157 1376/3151 
f 3326/3155 3328/3154 3329/3158 
f 1377/3157 1374/3153 1378/3159 
f 3329/3158 3330/3160 3326/3155 
f 1378/3159 1379/3161 1377/3157 
f 3330/3160 3329/3158 3331/3162 
f 1378/3159 1381/3163 1380/3164 
f 3330/3160 3332/3165 3333/3166 
f 1380/3164 1379/3161 1378/3159 
f 3332/3165 3330/3160 3331/3162 
f 1380/3164 1381/3163 1382/3167 
f 3332/3165 3334/3168 3333/3166 
f 1382/3167 1383/3169 1380/3164 
f 3334/3168 3332/3165 3335/3170 
f 1383/3169 1382/3167 1384/3171 
f 3335/3170 3336/3172 3334/3168 
f 1384/3171 1385/3173 1383/3169 
f 3336/3172 3335/3170 3337/3174 
f 1385/3173 1384/3171 1386/3175 
f 3337/3174 3338/3176 3336/3172 
f 1386/3175 1387/3177 1385/3173 
f 3338/3176 3337/3174 3339/3178 
f 1387/3177 1386/3175 1388/3179 
f 3339/3178 3340/3180 3338/3176 
f 1388/3179 1389/3181 1387/3177 
f 3340/3180 3339/3178 3341/3182 
f 1388/3179 1391/3183 1390/3184 
f 3340/3180 3342/3185 3343/3186 
f 1390/3184 1389/3181 1388/3179 
f 3342/3185 3340/3180 3341/3182 
f 1390/3184 1391/3183 1392/3187 
f 3342/3185 3344/3188 3343/3186 
f 1392/3187 1393/3189 1390/3184 
f 3344/3188 3342/3185 3345/3190 
f 1393/3189 1392/3187 1375/3152 
f 3345/3190 3327/3156 3344/3188 
f 1375/3152 1376/3151 1393/3189 
f 3327/3156 3345/3190 3328/3154 
f 1396/3191 1395/3192 1394/3193 
f 3348/3194 3346/3195 3347/3196 
f 1394/3193 1397/3197 1396/3191 
f 3346/3195 3348/3194 3349/3198 
f 1398/3199 1284/2934 1397/3197 
f 3350/3200 3349/3198 3236/2936 
f 1397/3197 1394/3193 1398/3199 
f 3349/3198 3350/3200 3346/3195 
f 1284/2934 1398/3199 1399/3201 
f 3236/2936 3351/3202 3350/3200 
f 1399/3201 1285/2938 1284/2934 
f 3351/3202 3236/2936 3237/2939 
f 1285/2938 1399/3201 1400/3203 
f 3237/2939 3352/3204 3351/3202 
f 1400/3203 1288/2950 1285/2938 
f 3352/3204 3237/2939 3240/2952 
f 1288/2950 1400/3203 1401/3205 
f 3240/2952 3353/3206 3352/3204 
f 1401/3205 1289/2954 1288/2950 
f 3353/3206 3240/2952 3241/2955 
f 1401/3205 1402/3207 1286/2942 
f 3353/3206 3238/2944 3354/3208 
f 1286/2942 1289/2954 1401/3205 
f 3238/2944 3353/3206 3241/2955 
f 1287/2946 1404/3209 1403/3210 
f 3239/2947 3355/3211 3356/3212 
f 1403/3210 1405/3213 1287/2946 
f 3355/3211 3239/2947 3357/3214 
f 1405/3213 1403/3210 1406/3215 
f 3357/3214 3358/3216 3355/3211 
f 1406/3215 1407/3217 1405/3213 
f 3358/3216 3357/3214 3359/3218 
f 1407/3217 1406/3215 1395/3192 
f 3359/3218 3347/3196 3358/3216 
f 1395/3192 1396/3191 1407/3217 
f 3347/3196 3359/3218 3348/3194 
f 1410/3219 1409/3220 1408/3221 
f 3362/3222 3360/3223 3361/3224 
f 1408/3221 1411/3225 1410/3219 
f 3360/3223 3362/3222 3363/3226 
f 1411/3225 1408/3221 1412/3227 
f 3363/3226 3364/3228 3360/3223 
f 1412/3227 1413/3229 1411/3225 
f 3364/3228 3363/3226 3365/3230 
f 1413/3229 1412/3227 1414/3231 
f 3365/3230 3366/3232 3364/3228 
f 1414/3231 1415/3233 1413/3229 
f 3366/3232 3365/3230 3367/3234 
f 1415/3233 1414/3231 1416/3235 
f 3367/3234 3368/3236 3366/3232 
f 1416/3235 1417/3237 1415/3233 
f 3368/3236 3367/3234 3369/3238 
f 1420/3239 1419/3240 1418/3241 
f 3372/3242 3370/3243 3371/3244 
f 1418/3241 1421/3245 1420/3239 
f 3370/3243 3372/3242 3373/3246 
f 1421/3245 1418/3241 1422/3247 
f 3373/3246 3374/3248 3370/3243 
f 1422/3247 1423/3249 1421/3245 
f 3374/3248 3373/3246 3375/3250 
f 1423/3249 1422/3247 1424/3251 
f 3375/3250 3376/3252 3374/3248 
f 1424/3251 1425/3253 1423/3249 
f 3376/3252 3375/3250 3377/3254 
f 1425/3253 1424/3251 1409/3220 
f 3377/3254 3361/3224 3376/3252 
f 1409/3220 1410/3219 1425/3253 
f 3361/3224 3377/3254 3362/3222 
f 1426/3255 1394/3193 1395/3192 
f 3378/3256 3347/3196 3346/3195 
f 1395/3192 1427/3257 1426/3255 
f 3347/3196 3378/3256 3379/3258 
f 1428/3259 1398/3199 1394/3193 
f 3380/3260 3346/3195 3350/3200 
f 1394/3193 1426/3255 1428/3259 
f 3346/3195 3380/3260 3378/3256 
f 1429/3261 1399/3201 1398/3199 
f 3381/3262 3350/3200 3351/3202 
f 1398/3199 1428/3259 1429/3261 
f 3350/3200 3381/3262 3380/3260 
f 1430/3263 1400/3203 1399/3201 
f 3382/3264 3351/3202 3352/3204 
f 1399/3201 1429/3261 1430/3263 
f 3351/3202 3382/3264 3381/3262 
f 1431/3265 1401/3205 1400/3203 
f 3383/3266 3352/3204 3353/3206 
f 1400/3203 1430/3263 1431/3265 
f 3352/3204 3383/3266 3382/3264 
f 1431/3265 1432/3267 1402/3207 
f 3383/3266 3354/3208 3384/3268 
f 1402/3207 1401/3205 1431/3265 
f 3354/3208 3383/3266 3353/3206 
f 1433/3269 1403/3210 1404/3209 
f 3385/3270 3356/3212 3355/3211 
f 1404/3209 1434/3271 1433/3269 
f 3356/3212 3385/3270 3386/3272 
f 1435/3273 1406/3215 1403/3210 
f 3387/3274 3355/3211 3358/3216 
f 1403/3210 1433/3269 1435/3273 
f 3355/3211 3387/3274 3385/3270 
f 1427/3257 1395/3192 1406/3215 
f 3379/3258 3358/3216 3347/3196 
f 1406/3215 1435/3273 1427/3257 
f 3358/3216 3379/3258 3387/3274 
f 1436/3275 1408/3221 1409/3220 
f 3388/3276 3361/3224 3360/3223 
f 1409/3220 1437/3277 1436/3275 
f 3361/3224 3388/3276 3389/3278 
f 1438/3279 1412/3227 1408/3221 
f 3390/3280 3360/3223 3364/3228 
f 1408/3221 1436/3275 1438/3279 
f 3360/3223 3390/3280 3388/3276 
f 1439/3281 1414/3231 1412/3227 
f 3391/3282 3364/3228 3366/3232 
f 1412/3227 1438/3279 1439/3281 
f 3364/3228 3391/3282 3390/3280 
f 1440/3283 1416/3235 1414/3231 
f 3392/3284 3366/3232 3368/3236 
f 1414/3231 1439/3281 1440/3283 
f 3366/3232 3392/3284 3391/3282 
f 1442/3285 1441/3286 1416/3235 
f 3394/3287 3368/3236 3393/3288 
f 1416/3235 1440/3283 1442/3285 
f 3368/3236 3394/3287 3392/3284 
f 1443/3289 1419/3240 1441/3286 
f 3395/3290 3393/3288 3371/3244 
f 1441/3286 1442/3285 1443/3289 
f 3393/3288 3395/3290 3394/3287 
f 1444/3291 1418/3241 1419/3240 
f 3396/3292 3371/3244 3370/3243 
f 1419/3240 1443/3289 1444/3291 
f 3371/3244 3396/3292 3395/3290 
f 1445/3293 1422/3247 1418/3241 
f 3397/3294 3370/3243 3374/3248 
f 1418/3241 1444/3291 1445/3293 
f 3370/3243 3397/3294 3396/3292 
f 1446/3295 1424/3251 1422/3247 
f 3398/3296 3374/3248 3376/3252 
f 1422/3247 1445/3293 1446/3295 
f 3374/3248 3398/3296 3397/3294 
f 1437/3277 1409/3220 1424/3251 
f 3389/3278 3376/3252 3361/3224 
f 1424/3251 1446/3295 1437/3277 
f 3376/3252 3389/3278 3398/3296 
f 1447/3297 1374/3153 1375/3152 
f 3399/3298 3327/3156 3326/3155 
f 1375/3152 1448/3299 1447/3297 
f 3327/3156 3399/3298 3400/3300 
f 1449/3301 1378/3159 1374/3153 
f 3401/3302 3326/3155 3330/3160 
f 1374/3153 1447/3297 1449/3301 
f 3326/3155 3401/3302 3399/3298 
f 1450/3303 1381/3163 1378/3159 
f 3402/3304 3330/3160 3333/3166 
f 1378/3159 1449/3301 1450/3303 
f 3330/3160 3402/3304 3401/3302 
f 1451/3305 1382/3167 1381/3163 
f 3403/3306 3333/3166 3334/3168 
f 1381/3163 1450/3303 1451/3305 
f 3333/3166 3403/3306 3402/3304 
f 1452/3307 1384/3171 1382/3167 
f 3404/3308 3334/3168 3336/3172 
f 1382/3167 1451/3305 1452/3307 
f 3334/3168 3404/3308 3403/3306 
f 1453/3309 1386/3175 1384/3171 
f 3405/3310 3336/3172 3338/3176 
f 1384/3171 1452/3307 1453/3309 
f 3336/3172 3405/3310 3404/3308 
f 1454/3311 1388/3179 1386/3175 
f 3406/3312 3338/3176 3340/3180 
f 1386/3175 1453/3309 1454/3311 
f 3338/3176 3406/3312 3405/3310 
f 1455/3313 1391/3183 1388/3179 
f 3407/3314 3340/3180 3343/3186 
f 1388/3179 1454/3311 1455/3313 
f 3340/3180 3407/3314 3406/3312 
f 1456/3315 1392/3187 1391/3183 
f 3408/3316 3343/3186 3344/3188 
f 1391/3183 1455/3313 1456/3315 
f 3343/3186 3408/3316 3407/3314 
f 1448/3299 1375/3152 1392/3187 
f 3400/3300 3344/3188 3327/3156 
f 1392/3187 1456/3315 1448/3299 
f 3344/3188 3400/3300 3408/3316 
f 1457/3317 1358/3119 1359/3118 
f 3409/3318 3311/3122 3310/3121 
f 1359/3118 1458/3319 1457/3317 
f 3311/3122 3409/3318 3410/3320 
f 1459/3321 1362/3125 1358/3119 
f 3411/3322 3310/3121 3314/3126 
f 1358/3119 1457/3317 1459/3321 
f 3310/3121 3411/3322 3409/3318 
f 1460/3323 1364/3129 1362/3125 
f 3412/3324 3314/3126 3316/3130 
f 1362/3125 1459/3321 1460/3323 
f 3314/3126 3412/3324 3411/3322 
f 1461/3325 1366/3133 1364/3129 
f 3413/3326 3316/3130 3318/3134 
f 1364/3129 1460/3323 1461/3325 
f 3316/3130 3413/3326 3412/3324 
f 1462/3327 1368/3137 1366/3133 
f 3414/3328 3318/3134 3320/3138 
f 1366/3133 1461/3325 1462/3327 
f 3318/3134 3414/3328 3413/3326 
f 1463/3329 1370/3141 1368/3137 
f 3415/3330 3320/3138 3322/3142 
f 1368/3137 1462/3327 1463/3329 
f 3320/3138 3415/3330 3414/3328 
f 1464/3331 1371/3144 1370/3141 
f 3416/3332 3322/3142 3323/3145 
f 1370/3141 1463/3329 1464/3331 
f 3322/3142 3416/3332 3415/3330 
f 1465/3333 1372/3147 1371/3144 
f 3417/3334 3323/3145 3324/3148 
f 1371/3144 1464/3331 1465/3333 
f 3323/3145 3417/3334 3416/3332 
f 1466/3335 1373/3149 1372/3147 
f 3418/3336 3324/3148 3325/3150 
f 1372/3147 1465/3333 1466/3335 
f 3324/3148 3418/3336 3417/3334 
f 1458/3319 1359/3118 1373/3149 
f 3410/3320 3325/3150 3311/3122 
f 1373/3149 1466/3335 1458/3319 
f 3325/3150 3410/3320 3418/3336 
f 1310/3021 1748/3337 1745/3338 
f 3262/3024 3696/3339 3699/3340 
f 1745/3338 1313/3022 1310/3021 
f 3696/3339 3262/3024 3265/3026 
f 1313/3022 1745/3338 1749/3341 
f 3265/3026 3700/3342 3696/3339 
f 1749/3341 1314/3029 1313/3022 
f 3700/3342 3265/3026 3266/3030 
f 1314/3029 1749/3341 1751/3343 
f 3266/3030 3702/3344 3700/3342 
f 1751/3343 1316/3033 1314/3029 
f 3702/3344 3266/3030 3268/3034 
f 1316/3033 1751/3343 1753/3345 
f 3268/3034 3704/3346 3702/3344 
f 1753/3345 1318/3037 1316/3033 
f 3704/3346 3268/3034 3270/3038 
f 1753/3345 1755/3347 1320/3041 
f 3704/3346 3272/3042 3706/3348 
f 1320/3041 1318/3037 1753/3345 
f 3272/3042 3704/3346 3270/3038 
f 1755/3347 1757/3349 1322/3045 
f 3706/3348 3274/3046 3708/3350 
f 1322/3045 1320/3041 1755/3347 
f 3274/3046 3706/3348 3272/3042 
f 1757/3349 1759/3351 1324/3049 
f 3708/3350 3276/3050 3710/3352 
f 1324/3049 1322/3045 1757/3349 
f 3276/3050 3708/3350 3274/3046 
f 1324/3049 1759/3351 1761/3353 
f 3276/3050 3712/3354 3710/3352 
f 1761/3353 1326/3053 1324/3049 
f 3712/3354 3276/3050 3278/3054 
f 1326/3053 1761/3353 1763/3355 
f 3278/3054 3714/3356 3712/3354 
f 1763/3355 1328/3057 1326/3053 
f 3714/3356 3278/3054 3280/3058 
f 1331/3061 1328/3057 1763/3355 
f 3283/3064 3714/3356 3280/3058 
f 1763/3355 1765/3357 1331/3061 
f 3714/3356 3283/3064 3716/3358 
f 1334/3065 1770/3359 1767/3360 
f 3286/3068 3718/3361 3721/3362 
f 1767/3360 1333/3066 1334/3065 
f 3718/3361 3286/3068 3285/3070 
f 1337/3074 1774/3363 1771/3364 
f 3289/3078 3722/3365 3725/3366 
f 1771/3364 1336/3075 1337/3074 
f 3722/3365 3289/3078 3288/3077 
f 1771/3364 1775/3367 1340/3081 
f 3722/3365 3292/3082 3726/3368 
f 1340/3081 1336/3075 1771/3364 
f 3292/3082 3722/3365 3288/3077 
f 1340/3081 1775/3367 1777/3369 
f 3292/3082 3728/3370 3726/3368 
f 1777/3369 1342/3085 1340/3081 
f 3728/3370 3292/3082 3294/3086 
f 1342/3085 1777/3369 1779/3371 
f 3294/3086 3730/3372 3728/3370 
f 1779/3371 1344/3089 1342/3085 
f 3730/3372 3294/3086 3296/3090 
f 1344/3089 1779/3371 1781/3373 
f 3296/3090 3732/3374 3730/3372 
f 1781/3373 1346/3093 1344/3089 
f 3732/3374 3296/3090 3298/3094 
f 1781/3373 1783/3375 1348/3097 
f 3732/3374 3300/3098 3734/3376 
f 1348/3097 1346/3093 1781/3373 
f 3300/3098 3732/3374 3298/3094 
f 1783/3375 1785/3377 1350/3101 
f 3734/3376 3302/3102 3736/3378 
f 1350/3101 1348/3097 1783/3375 
f 3302/3102 3734/3376 3300/3098 
f 1785/3377 1787/3379 1352/3105 
f 3736/3378 3304/3106 3738/3380 
f 1352/3105 1350/3101 1785/3377 
f 3304/3106 3736/3378 3302/3102 
f 1355/3109 1352/3105 1787/3379 
f 3307/3111 3738/3380 3304/3106 
f 1787/3379 1789/3381 1355/3109 
f 3738/3380 3307/3111 3740/3382 
f 1355/3109 1789/3381 1791/3383 
f 3307/3111 3742/3384 3740/3382 
f 1791/3383 1357/3113 1355/3109 
f 3742/3384 3307/3111 3309/3116 
f 1791/3383 1748/3337 1310/3021 
f 3742/3384 3262/3024 3699/3340 
f 1310/3021 1357/3113 1791/3383 
f 3262/3024 3742/3384 3309/3116 
f 1467/3385 1428/3259 1426/3255 
f 3419/3386 3378/3256 3380/3260 
f 1426/3255 1427/3257 1467/3385 
f 3378/3256 3419/3386 3379/3258 
f 1467/3385 1427/3257 1435/3273 
f 3419/3386 3387/3274 3379/3258 
f 1435/3273 1433/3269 1467/3385 
f 3387/3274 3419/3386 3385/3270 
f 1468/3387 1452/3307 1451/3305 
f 3420/3388 3403/3306 3404/3308 
f 1451/3305 1450/3303 1468/3387 
f 3403/3306 3420/3388 3402/3304 
f 1468/3387 1454/3311 1453/3309 
f 3420/3388 3405/3310 3406/3312 
f 1453/3309 1452/3307 1468/3387 
f 3405/3310 3420/3388 3404/3308 
f 1468/3387 1456/3315 1455/3313 
f 3420/3388 3407/3314 3408/3316 
f 1455/3313 1454/3311 1468/3387 
f 3407/3314 3420/3388 3406/3312 
f 1469/3389 1438/3279 1436/3275 
f 3421/3390 3388/3276 3390/3280 
f 1436/3275 1437/3277 1469/3389 
f 3388/3276 3421/3390 3389/3278 
f 1469/3389 1440/3283 1439/3281 
f 3421/3390 3391/3282 3392/3284 
f 1439/3281 1438/3279 1469/3389 
f 3391/3282 3421/3390 3390/3280 
f 1469/3389 1443/3289 1442/3285 
f 3421/3390 3394/3287 3395/3290 
f 1442/3285 1440/3283 1469/3389 
f 3394/3287 3421/3390 3392/3284 
f 1469/3389 1445/3293 1444/3291 
f 3421/3390 3396/3292 3397/3294 
f 1444/3291 1443/3289 1469/3389 
f 3396/3292 3421/3390 3395/3290 
f 1469/3389 1437/3277 1446/3295 
f 3421/3390 3398/3296 3389/3278 
f 1446/3295 1445/3293 1469/3389 
f 3398/3296 3421/3390 3397/3294 
f 1470/3391 1459/3321 1457/3317 
f 3422/3392 3409/3318 3411/3322 
f 1457/3317 1458/3319 1470/3391 
f 3409/3318 3422/3392 3410/3320 
f 1470/3391 1461/3325 1460/3323 
f 3422/3392 3412/3324 3413/3326 
f 1460/3323 1459/3321 1470/3391 
f 3412/3324 3422/3392 3411/3322 
f 1470/3391 1463/3329 1462/3327 
f 3422/3392 3414/3328 3415/3330 
f 1462/3327 1461/3325 1470/3391 
f 3414/3328 3422/3392 3413/3326 
f 1470/3391 1465/3333 1464/3331 
f 3422/3392 3416/3332 3417/3334 
f 1464/3331 1463/3329 1470/3391 
f 3416/3332 3422/3392 3415/3330 
f 1470/3391 1458/3319 1466/3335 
f 3422/3392 3418/3336 3410/3320 
f 1466/3335 1465/3333 1470/3391 
f 3418/3336 3422/3392 3417/3334 
f 1278/3005 1472/3393 1471/3394 
f 3230/2921 3423/3395 3424/3396 
f 1471/3394 1473/3397 1278/3005 
f 3423/3395 3230/2921 3425/3398 
f 1474/3399 1271/2897 1278/3005 
f 3426/3400 3230/2921 3223/3007 
f 1278/3005 1473/3397 1474/3399 
f 3230/2921 3426/3400 3425/3398 
f 1271/2897 1474/3399 1475/3401 
f 3223/3007 3427/3402 3426/3400 
f 1475/3401 1125/2485 1271/2897 
f 3427/3402 3223/3007 3083/3403 
f 1125/2485 1475/3401 1476/3404 
f 3083/3403 3428/3405 3427/3402 
f 1476/3404 1477/3406 1125/2485 
f 3428/3405 3083/3403 3429/3407 
f 1477/3406 1476/3404 1478/3408 
f 3429/3407 3430/3409 3428/3405 
f 1478/3408 1479/3410 1477/3406 
f 3430/3409 3429/3407 3431/3411 
f 1481/3412 1480/3413 1479/3410 
f 3433/3414 3431/3411 3432/3415 
f 1479/3410 1478/3408 1481/3412 
f 3431/3411 3433/3414 3430/3409 
f 1480/3413 1481/3412 1482/3416 
f 3432/3415 3434/3417 3433/3414 
f 1482/3416 1483/3418 1480/3413 
f 3434/3417 3432/3415 3435/3419 
f 1483/3418 1482/3416 1471/3394 
f 3435/3419 3423/3395 3434/3417 
f 1471/3394 1472/3393 1483/3418 
f 3423/3395 3435/3419 3424/3396 
f 1484/3420 1475/3401 1474/3399 
f 3436/3421 3426/3400 3427/3402 
f 1474/3399 1485/3422 1484/3420 
f 3426/3400 3436/3421 3437/3423 
f 1486/3424 1476/3404 1475/3401 
f 3438/3425 3427/3402 3428/3405 
f 1475/3401 1484/3420 1486/3424 
f 3427/3402 3438/3425 3436/3421 
f 1487/3426 1478/3408 1476/3404 
f 3439/3427 3428/3405 3430/3409 
f 1476/3404 1486/3424 1487/3426 
f 3428/3405 3439/3427 3438/3425 
f 1487/3426 1488/3428 1481/3412 
f 3439/3427 3433/3414 3440/3429 
f 1481/3412 1478/3408 1487/3426 
f 3433/3414 3439/3427 3430/3409 
f 1489/3430 1482/3416 1481/3412 
f 3441/3431 3433/3414 3434/3417 
f 1481/3412 1488/3428 1489/3430 
f 3433/3414 3441/3431 3440/3429 
f 1490/3432 1471/3394 1482/3416 
f 3442/3433 3434/3417 3423/3395 
f 1482/3416 1489/3430 1490/3432 
f 3434/3417 3442/3433 3441/3431 
f 1491/3434 1484/3420 1485/3422 
f 3443/3435 3437/3423 3436/3421 
f 1485/3422 1492/3436 1491/3434 
f 3437/3423 3443/3435 3444/3437 
f 1491/3434 1487/3426 1486/3424 
f 3443/3435 3438/3425 3439/3427 
f 1486/3424 1484/3420 1491/3434 
f 3438/3425 3443/3435 3436/3421 
f 1491/3434 1489/3430 1488/3428 
f 3443/3435 3440/3429 3441/3431 
f 1488/3428 1487/3426 1491/3434 
f 3440/3429 3443/3435 3439/3427 
f 1281/3438 1307/3015 1308/3019 
f 3233/2929 3260/3020 3259/3017 
f 1308/3146 1280/2926 1281/2925 
f 3260/3020 3233/2929 3232/2928 
f 1493/3439 302/577 303/576 
f 3445/3440 2271/580 2270/579 
f 303/576 607/1252 1493/3439 
f 2271/580 3445/3440 2571/1254 
f 1295/2970 1290/3011 1383/3169 
f 3247/2973 3335/3170 3242/2960 
f 1383/3169 1385/3173 1295/2970 
f 3335/3170 3247/2973 3337/3174 
f 1291/2999 1380/3164 1383/3169 
f 3243/2958 3335/3170 3332/3165 
f 1383/3169 1290/3011 1291/2999 
f 3335/3170 3243/2958 3242/2960 
f 1329/3059 1396/3191 1397/3197 
f 3281/3060 3349/3198 3348/3194 
f 1397/3197 1327/3055 1329/3059 
f 3349/3198 3281/3060 3279/3056 
f 1327/3055 1421/3245 1423/3249 
f 3279/3056 3375/3250 3373/3246 
f 1423/3249 1325/3051 1327/3055 
f 3375/3250 3279/3056 3277/3052 
f 1421/3245 1327/3055 1397/3197 
f 3373/3246 3349/3198 3279/3056 
f 1397/3197 1420/3239 1421/3245 
f 3349/3198 3373/3246 3372/3242 
f 1323/3047 1325/3051 1423/3249 
f 3275/3048 3375/3250 3277/3052 
f 1423/3249 1425/3253 1323/3047 
f 3375/3250 3275/3048 3377/3254 
f 1323/3047 1425/3253 1410/3219 
f 3275/3048 3362/3222 3377/3254 
f 1410/3219 1321/3043 1323/3047 
f 3362/3222 3275/3048 3273/3044 
f 1411/3225 1274/2911 1321/3043 
f 3363/3226 3273/3044 3226/3441 
f 1321/3043 1410/3219 1411/3225 
f 3273/3044 3363/3226 3362/3222 
f 1273/2909 1279/2922 1317/3035 
f 3225/3442 3269/3036 3231/3443 
f 1317/3035 1319/3039 1273/2909 
f 3269/3036 3225/3442 3271/3040 
f 1331/3061 1334/3065 1335/3071 
f 3283/3064 3287/3072 3286/3068 
f 1335/3071 1330/3062 1331/3061 
f 3287/3072 3283/3064 3282/3063 
f 1333/3066 1337/3074 1338/3073 
f 3285/3070 3290/3076 3289/3078 
f 1338/3073 1332/3067 1333/3066 
f 3290/3076 3285/3070 3284/3069 
f 1765/3357 1770/3359 1334/3065 
f 3716/3358 3286/3068 3721/3362 
f 1334/3065 1331/3061 1765/3357 
f 3286/3068 3716/3358 3283/3064 
f 1767/3360 1774/3363 1337/3074 
f 3718/3361 3289/3078 3725/3366 
f 1337/3074 1333/3066 1767/3360 
f 3289/3078 3718/3361 3285/3070 
f 1329/3059 1330/3062 1407/3217 
f 3281/3060 3359/3218 3282/3063 
f 1407/3217 1396/3191 1329/3059 
f 3359/3218 3281/3060 3348/3194 
f 1405/3213 1407/3217 1330/3062 
f 3357/3214 3282/3063 3359/3218 
f 1330/3062 1335/3071 1405/3213 
f 3282/3063 3357/3214 3287/3072 
f 1294/2971 1295/2970 1385/3173 
f 3246/2975 3337/3174 3247/2973 
f 1385/3173 1387/3177 1294/2971 
f 3337/3174 3246/2975 3339/3178 
f 1294/2971 1387/3177 1389/3181 
f 3246/2975 3341/3182 3339/3178 
f 1389/3181 1293/2962 1294/2971 
f 3341/3182 3246/2975 3245/2965 
f 1377/3157 1332/3067 1338/3073 
f 3329/3158 3290/3076 3284/3069 
f 1338/3073 1376/3151 1377/3157 
f 3290/3076 3329/3158 3328/3154 
f 1339/3079 1365/3131 1494/3444 
f 3291/3080 3446/3445 3317/3132 
f 1494/3444 1338/3073 1339/3079 
f 3446/3445 3291/3080 3290/3076 
f 641/3446 1367/3135 1369/3139 
f 2605/3447 3321/3140 3319/3136 
f 1369/3448 1297/2978 641/1323 
f 3321/3140 2605/3447 3249/2980 
f 1345/3091 1360/3117 1361/3123 
f 3297/3092 3313/3124 3312/3120 
f 1361/3123 1343/3087 1345/3091 
f 3313/3124 3297/3092 3295/3088 
f 1293/2962 1389/3181 1390/3184 
f 3245/2965 3342/3185 3341/3182 
f 1390/3184 1292/2963 1293/2962 
f 3342/3185 3245/2965 3244/2967 
f 1393/3189 1494/3444 1292/2963 
f 3345/3190 3244/2967 3446/3445 
f 1292/2963 1390/3184 1393/3189 
f 3244/2967 3345/3190 3342/3185 
f 1468/3387 1447/3297 1448/3299 
f 3420/3388 3400/3300 3399/3298 
f 1448/3299 1456/3315 1468/3387 
f 3400/3300 3420/3388 3408/3316 
f 1468/3387 1450/3303 1449/3301 
f 3420/3388 3401/3302 3402/3304 
f 1449/3301 1447/3297 1468/3387 
f 3401/3302 3420/3388 3399/3298 
f 1332/3067 1377/3157 1379/3161 
f 3284/3069 3331/3162 3329/3158 
f 1379/3161 1495/3449 1332/3067 
f 3331/3162 3284/3069 3447/3450 
f 1495/3449 1379/3161 1380/3164 
f 3447/3450 3332/3165 3331/3162 
f 1380/3164 1291/2999 1495/3449 
f 3332/3165 3447/3450 3243/2958 
f 1335/3071 1332/3067 1495/3449 
f 3287/3072 3447/3450 3284/3069 
f 1495/3449 1405/3213 1335/3071 
f 3447/3450 3287/3072 3357/3214 
f 1287/2946 1405/3213 1495/3449 
f 3239/2947 3447/3450 3357/3214 
f 1495/3449 1291/2999 1287/2946 
f 3447/3450 3239/2947 3243/2958 
f 1494/3444 1393/3189 1376/3151 
f 3446/3445 3328/3154 3345/3190 
f 1376/3151 1338/3073 1494/3444 
f 3328/3154 3446/3445 3290/3076 
f 1367/3135 1292/2963 1494/3444 
f 3319/3136 3446/3445 3244/2967 
f 1494/3444 1365/3131 1367/3135 
f 3446/3445 3319/3136 3317/3132 
f 1279/2922 1277/2919 1315/3031 
f 3231/3443 3267/3032 3229/3451 
f 1315/3031 1317/3035 1279/2922 
f 3267/3032 3231/3443 3269/3036 
f 1277/2919 1300/3008 1312/3023 
f 3229/3451 3264/3025 3252/3452 
f 1312/3023 1315/3031 1277/2919 
f 3264/3025 3229/3451 3267/3032 
f 641/3446 631/2964 1292/2963 
f 2605/3447 3244/2967 2595/2966 
f 1292/2963 1367/3135 641/3446 
f 3244/2967 2605/3447 3319/3136 
f 1282/3453 1493/3439 607/1252 
f 3234/3454 2571/1254 3445/3440 
f 607/1252 1281/3438 1282/3453 
f 2571/1254 3234/3454 3233/3455 
f 1369/3448 1306/3016 1296/2979 
f 3321/3140 3248/2982 3258/3018 
f 1296/2979 1297/2978 1369/3448 
f 3248/2982 3321/3140 3249/2980 
f 608/1251 1234/2804 1296/2979 
f 2572/1253 3248/3456 3187/2805 
f 1296/2979 1307/3015 608/1251 
f 3248/3456 2572/1253 3259/3457 
f 607/1252 608/1251 1307/3015 
f 2571/1254 3259/3457 2572/1253 
f 1307/3015 1281/3438 607/1252 
f 3259/3457 2571/1254 3233/3455 
f 1297/2978 1235/2806 640/1317 
f 3249/2980 2604/3458 3188/2983 
f 640/1317 641/1323 1297/2978 
f 2604/3458 3249/2980 2605/3447 
f 1305/3009 302/577 1493/3439 
f 3257/3010 3445/3440 2270/579 
f 1493/3439 1282/3453 1305/3009 
f 3445/3440 3257/3010 3234/3454 
f 1283/2930 1360/3117 1305/3459 
f 3235/2931 3257/3460 3312/3120 
f 1305/3459 1282/2924 1283/2930 
f 3257/3460 3235/2931 3234/2927 
f 1345/3091 1347/3095 1305/3459 
f 3297/3092 3257/3460 3299/3096 
f 1305/3459 1360/3117 1345/3091 
f 3257/3460 3297/3092 3312/3120 
f 1304/3461 1305/3459 1347/3095 
f 3256/3462 3299/3096 3257/3460 
f 1347/3095 1349/3099 1304/3461 
f 3299/3096 3256/3462 3301/3100 
f 1304/3461 1349/3099 1351/3103 
f 3256/3462 3303/3104 3301/3100 
f 1351/3103 1276/3463 1304/3461 
f 3303/3104 3256/3462 3228/3464 
f 1275/3465 1276/3463 1351/3103 
f 3227/3466 3303/3104 3228/3464 
f 1351/3103 1353/3107 1275/3465 
f 3303/3104 3227/3466 3305/3108 
f 1353/3107 1354/3110 1301/3467 
f 3305/3108 3253/3468 3306/3112 
f 1301/3467 1275/3465 1353/3107 
f 3253/3468 3305/3108 3227/3466 
f 1312/3023 1300/3008 1298/3469 
f 3264/3025 3250/3470 3252/3452 
f 1298/3469 1311/3027 1312/3023 
f 3250/3470 3264/3025 3263/3028 
f 1402/3207 1404/3209 1287/2946 
f 3354/3208 3239/2947 3356/3212 
f 1287/2946 1286/2942 1402/3207 
f 3239/2947 3354/3208 3238/2944 
f 1434/3271 1404/3209 1402/3207 
f 3386/3272 3354/3208 3356/3212 
f 1402/3207 1432/3267 1434/3271 
f 3354/3208 3386/3272 3384/3268 
f 1467/3385 1433/3269 1434/3271 
f 3419/3386 3386/3272 3385/3270 
f 1434/3271 1432/3267 1467/3385 
f 3386/3272 3419/3386 3384/3268 
f 1417/3237 1416/3235 1441/3286 
f 3369/3238 3393/3288 3368/3236 
f 1441/3286 1496/3471 1417/3237 
f 3393/3288 3369/3238 3448/3472 
f 1496/3471 1441/3286 1419/3240 
f 3448/3472 3371/3244 3393/3288 
f 1419/3240 1420/3239 1496/3471 
f 3371/3244 3448/3472 3372/3242 
f 1397/3197 1284/2934 1496/3471 
f 3349/3198 3448/3472 3236/2936 
f 1496/3471 1420/3239 1397/3197 
f 3448/3472 3349/3198 3372/3242 
f 1467/3385 1432/3267 1431/3265 
f 3419/3386 3383/3266 3384/3268 
f 1431/3265 1430/3263 1467/3385 
f 3383/3266 3419/3386 3382/3264 
f 1467/3385 1430/3263 1429/3261 
f 3419/3386 3381/3262 3382/3264 
f 1429/3261 1428/3259 1467/3385 
f 3381/3262 3419/3386 3380/3260 
f 613/2933 637/3013 1496/3471 
f 2577/2937 3448/3472 2601/3473 
f 1496/3471 1284/2934 613/2933 
f 3448/3472 2577/2937 3236/2936 
f 637/3013 1303/2997 1417/3237 
f 2601/3473 3369/3238 3255/3474 
f 1417/3237 1496/3471 637/3013 
f 3369/3238 2601/3473 3448/3472 
f 1303/2997 1302/2995 1415/3233 
f 3255/3474 3367/3234 3254/3475 
f 1415/3233 1417/3237 1303/2997 
f 3367/3234 3255/3474 3369/3238 
f 1302/2995 1309/3003 1413/3229 
f 3254/3475 3365/3230 3261/3476 
f 1413/3229 1415/3233 1302/2995 
f 3365/3230 3254/3475 3367/3234 
f 1480/3413 827/1747 826/1743 
f 3432/3415 2790/1745 2791/1748 
f 826/1743 1479/3410 1480/3413 
f 2790/1745 3432/3415 3431/3411 
f 1125/2485 1477/3406 806/1684 
f 3083/3403 2770/1688 3429/3407 
f 806/1684 299/568 1125/2485 
f 2770/1688 3083/3403 2267/1686 
f 1136/2513 1483/3418 1472/3393 
f 3094/2515 3424/3396 3435/3419 
f 1472/3393 1212/2745 1136/2513 
f 3424/3396 3094/2515 3165/2746 
f 1480/3413 1483/3418 1136/2513 
f 3432/3415 3094/2515 3435/3419 
f 1136/2513 827/1747 1480/3413 
f 3094/2515 3432/3415 2791/1748 
f 1261/2873 1212/2745 1472/3393 
f 3213/2874 3424/3396 3165/2746 
f 1472/3393 1278/3005 1261/2873 
f 3424/3396 3213/2874 3230/2921 
f 806/1684 1477/3406 1479/3410 
f 2770/1688 3431/3411 3429/3407 
f 1479/3410 826/1743 806/1684 
f 3431/3411 2770/1688 2790/1745 
f 1491/3434 1492/3436 1490/3432 
f 3443/3435 3442/3433 3444/3437 
f 1490/3432 1489/3430 1491/3434 
f 3442/3433 3443/3435 3441/3431 
f 1474/3399 1473/3397 1492/3436 
f 3426/3400 3444/3437 3425/3398 
f 1492/3436 1485/3422 1474/3399 
f 3444/3437 3426/3400 3437/3423 
f 1492/3436 1473/3397 1471/3394 
f 3444/3437 3423/3395 3425/3398 
f 1471/3394 1490/3432 1492/3436 
f 3423/3395 3444/3437 3442/3433 
f 1497/3477 1500/3478 1499/3479 
f 3449/3480 3451/3481 3452/3482 
f 1499/3483 1498/3484 1497/3485 
f 3451/3481 3449/3480 3450/3486 
f 1499/3479 1500/3478 1501/3487 
f 3451/3481 3453/3488 3452/3482 
f 1501/3489 1502/3490 1499/3483 
f 3453/3488 3451/3481 3454/3491 
f 1502/3490 1501/3489 1503/3492 
f 3454/3491 3455/3493 3453/3488 
f 1503/3494 1504/3495 1502/3496 
f 3455/3493 3454/3491 3456/3497 
f 1504/3495 1503/3494 1505/3498 
f 3456/3497 3457/3499 3455/3493 
f 1505/3498 1506/3500 1504/3495 
f 3457/3499 3456/3497 3458/3501 
f 1506/3502 1505/3503 1507/3504 
f 3458/3501 3459/3505 3457/3499 
f 1507/3504 1508/3506 1506/3502 
f 3459/3505 3458/3501 3460/3507 
f 1508/3506 1507/3504 1509/3508 
f 3460/3507 3461/3509 3459/3505 
f 1509/3508 1510/3510 1508/3506 
f 3461/3509 3460/3507 3462/3511 
f 1510/3510 1509/3508 1511/3512 
f 3462/3511 3463/3513 3461/3509 
f 1511/3512 1512/3514 1510/3510 
f 3463/3513 3462/3511 3464/3515 
f 1512/3514 1511/3512 1513/3516 
f 3464/3515 3465/3517 3463/3513 
f 1513/3516 1514/3518 1512/3514 
f 3465/3517 3464/3515 3466/3519 
f 1514/3518 1513/3516 1515/3520 
f 3466/3519 3467/3521 3465/3517 
f 1515/3520 1516/3522 1514/3518 
f 3467/3521 3466/3519 3468/3523 
f 1515/3520 1518/3524 1517/3525 
f 3467/3521 3469/3526 3470/3527 
f 1517/3525 1516/3522 1515/3520 
f 3469/3526 3467/3521 3468/3523 
f 1521/3528 1520/3529 1519/3530 
f 3473/3531 3471/3532 3472/3533 
f 1519/3530 1522/3534 1521/3528 
f 3471/3532 3473/3531 3474/3535 
f 1525/3536 1524/3537 1523/3538 
f 3477/3539 3475/3540 3476/3541 
f 1523/3538 1526/3542 1525/3536 
f 3475/3540 3477/3539 3478/3543 
f 1526/3542 1523/3538 1527/3544 
f 3478/3543 3479/3545 3475/3540 
f 1527/3544 1528/3546 1526/3542 
f 3479/3545 3478/3543 3480/3547 
f 1528/3546 1527/3544 1529/3548 
f 3480/3547 3481/3549 3479/3545 
f 1529/3548 1530/3550 1528/3546 
f 3481/3549 3480/3547 3482/3551 
f 1530/3550 1529/3548 1531/3552 
f 3482/3551 3483/3553 3481/3549 
f 1531/3552 1532/3554 1530/3550 
f 3483/3553 3482/3551 3484/3555 
f 1532/3554 1531/3552 1533/3556 
f 3484/3555 3485/3557 3483/3553 
f 1533/3556 1534/3558 1532/3554 
f 3485/3557 3484/3555 3486/3559 
f 1534/3558 1533/3556 1535/3560 
f 3486/3559 3487/3561 3485/3557 
f 1535/3562 1536/3563 1534/3564 
f 3487/3561 3486/3559 3488/3565 
f 1536/3563 1535/3562 1537/3566 
f 3488/3565 3489/3567 3487/3561 
f 1537/3566 1538/3568 1536/3563 
f 3489/3567 3488/3565 3490/3569 
f 1538/3568 1537/3566 1539/3570 
f 3490/3569 3491/3571 3489/3567 
f 1539/3570 1540/3572 1538/3568 
f 3491/3571 3490/3569 3492/3573 
f 1542/3574 1541/3575 1540/3572 
f 3494/3576 3492/3573 3493/3577 
f 1540/3572 1539/3570 1542/3574 
f 3492/3573 3494/3576 3491/3571 
f 1542/3578 1544/3579 1543/3580 
f 3494/3576 3495/3581 3496/3582 
f 1543/3583 1541/3575 1542/3574 
f 3495/3581 3494/3576 3493/3577 
f 1497/3485 1498/3484 1543/3583 
f 3449/3480 3495/3581 3450/3486 
f 1543/3580 1544/3579 1497/3477 
f 3495/3581 3449/3480 3496/3582 
f 1547/3584 1546/3585 1545/3586 
f 3499/3587 3497/3588 3498/3589 
f 1545/3586 1548/3590 1547/3584 
f 3497/3588 3499/3587 3500/3591 
f 1548/3590 1545/3586 1549/3592 
f 3500/3591 3501/3593 3497/3588 
f 1549/3592 1550/3594 1548/3590 
f 3501/3593 3500/3591 3502/3595 
f 1550/3594 1549/3592 1551/3596 
f 3502/3595 3503/3597 3501/3593 
f 1551/3596 1552/3598 1550/3594 
f 3503/3597 3502/3595 3504/3599 
f 1552/3598 1551/3596 1553/3600 
f 3504/3599 3505/3601 3503/3597 
f 1553/3600 1554/3602 1552/3598 
f 3505/3601 3504/3599 3506/3603 
f 1554/3602 1553/3600 1555/3604 
f 3506/3603 3507/3605 3505/3601 
f 1555/3604 1556/3606 1554/3602 
f 3507/3605 3506/3603 3508/3607 
f 1556/3606 1555/3604 1557/3608 
f 3508/3607 3509/3609 3507/3605 
f 1557/3608 1558/3610 1556/3606 
f 3509/3609 3508/3607 3510/3611 
f 1558/3610 1557/3608 1559/3612 
f 3510/3611 3511/3613 3509/3609 
f 1559/3612 1560/3614 1558/3610 
f 3511/3615 3510/3616 3512/3617 
f 1560/3614 1559/3612 1561/3618 
f 3512/3617 3513/3619 3511/3615 
f 1561/3618 1562/3620 1560/3614 
f 3513/3619 3512/3617 3514/3621 
f 1562/3620 1561/3618 1563/3622 
f 3514/3623 3515/3624 3513/3625 
f 1563/3622 1564/3626 1562/3620 
f 3515/3624 3514/3623 3516/3627 
f 1564/3626 1563/3622 1546/3585 
f 3516/3627 3498/3589 3515/3624 
f 1546/3585 1547/3584 1564/3626 
f 3498/3589 3516/3627 3499/3587 
f 1567/3628 1566/3629 1565/3630 
f 3519/3631 3517/3632 3518/3633 
f 1565/3630 1568/3634 1567/3628 
f 3517/3632 3519/3631 3520/3635 
f 1568/3634 1565/3630 1569/3636 
f 3520/3635 3521/3637 3517/3632 
f 1569/3636 1570/3638 1568/3634 
f 3521/3637 3520/3635 3522/3639 
f 1569/3636 1572/3640 1571/3641 
f 3521/3637 3523/3642 3524/3643 
f 1571/3641 1570/3638 1569/3636 
f 3523/3642 3521/3637 3522/3639 
f 1575/3644 1574/3645 1573/3646 
f 3527/3647 3525/3648 3526/3649 
f 1573/3646 1576/3650 1575/3644 
f 3525/3648 3527/3647 3528/3651 
f 1578/3652 1577/3653 1576/3650 
f 3530/3654 3528/3651 3529/3655 
f 1576/3650 1573/3646 1578/3652 
f 3528/3651 3530/3654 3525/3648 
f 1577/3653 1578/3652 1579/3656 
f 3529/3655 3531/3657 3530/3654 
f 1579/3656 1580/3658 1577/3653 
f 3531/3657 3529/3655 3532/3659 
f 1579/3656 1582/3660 1581/3661 
f 3531/3657 3533/3662 3534/3663 
f 1581/3661 1580/3658 1579/3656 
f 3533/3662 3531/3657 3532/3659 
f 1581/3661 1582/3660 1583/3664 
f 3533/3662 3535/3665 3534/3663 
f 1583/3664 1584/3666 1581/3661 
f 3535/3665 3533/3662 3536/3667 
f 1584/3666 1583/3664 1566/3629 
f 3536/3667 3518/3633 3535/3665 
f 1566/3629 1567/3628 1584/3666 
f 3518/3633 3536/3667 3519/3631 
f 1587/3668 1586/3669 1585/3670 
f 3539/3671 3537/3672 3538/3673 
f 1585/3670 1588/3674 1587/3668 
f 3537/3672 3539/3671 3540/3675 
f 1590/3676 1589/3677 1588/3674 
f 3542/3678 3540/3675 3541/3679 
f 1588/3674 1585/3670 1590/3676 
f 3540/3675 3542/3678 3537/3672 
f 1589/3677 1590/3676 1591/3680 
f 3541/3679 3543/3681 3542/3678 
f 1591/3680 1592/3682 1589/3677 
f 3543/3681 3541/3679 3544/3683 
f 1592/3682 1591/3680 1593/3684 
f 3544/3683 3545/3685 3543/3681 
f 1593/3684 1594/3686 1592/3682 
f 3545/3685 3544/3683 3546/3687 
f 1594/3686 1593/3684 1595/3688 
f 3546/3687 3547/3689 3545/3685 
f 1595/3688 1596/3690 1594/3686 
f 3547/3689 3546/3687 3548/3691 
f 1595/3688 1598/3692 1597/3693 
f 3547/3689 3549/3694 3550/3695 
f 1597/3693 1596/3690 1595/3688 
f 3549/3694 3547/3689 3548/3691 
f 1601/3696 1600/3697 1599/3698 
f 3553/3699 3551/3700 3552/3701 
f 1599/3698 1602/3702 1601/3696 
f 3551/3700 3553/3699 3554/3703 
f 1602/3702 1599/3698 1603/3704 
f 3554/3703 3555/3705 3551/3700 
f 1603/3704 1604/3706 1602/3702 
f 3555/3705 3554/3703 3556/3707 
f 1604/3706 1603/3704 1586/3669 
f 3556/3707 3538/3673 3555/3705 
f 1586/3669 1587/3668 1604/3706 
f 3538/3673 3556/3707 3539/3671 
f 1607/3708 1606/3709 1605/3710 
f 3559/3711 3557/3712 3558/3713 
f 1605/3710 1608/3714 1607/3708 
f 3557/3712 3559/3711 3560/3715 
f 1611/3716 1610/3717 1609/3718 
f 3563/3719 3561/3720 3562/3721 
f 1609/3718 1612/3722 1611/3716 
f 3561/3720 3563/3719 3564/3723 
f 1614/3724 1613/3725 1612/3722 
f 3566/3726 3564/3723 3565/3727 
f 1612/3722 1609/3718 1614/3724 
f 3564/3723 3566/3726 3561/3720 
f 1617/3728 1616/3729 1615/3730 
f 3569/3731 3567/3732 3568/3733 
f 1615/3730 1618/3734 1617/3728 
f 3567/3732 3569/3731 3570/3735 
f 1618/3734 1615/3730 1619/3736 
f 3570/3735 3571/3737 3567/3732 
f 1619/3736 1620/3738 1618/3734 
f 3571/3737 3570/3735 3572/3739 
f 1620/3738 1619/3736 1621/3740 
f 3572/3739 3573/3741 3571/3737 
f 1621/3740 1622/3742 1620/3738 
f 3573/3741 3572/3739 3574/3743 
f 1622/3742 1621/3740 1606/3709 
f 3574/3743 3558/3713 3573/3741 
f 1606/3709 1607/3708 1622/3742 
f 3558/3713 3574/3743 3559/3711 
f 1623/3744 1585/3670 1586/3669 
f 3575/3745 3538/3673 3537/3672 
f 1586/3669 1624/3746 1623/3744 
f 3538/3673 3575/3745 3576/3747 
f 1625/3748 1590/3676 1585/3670 
f 3577/3749 3537/3672 3542/3678 
f 1585/3670 1623/3744 1625/3748 
f 3537/3672 3577/3749 3575/3745 
f 1626/3750 1591/3680 1590/3676 
f 3578/3751 3542/3678 3543/3681 
f 1590/3676 1625/3748 1626/3750 
f 3542/3678 3578/3751 3577/3749 
f 1627/3752 1593/3684 1591/3680 
f 3579/3753 3543/3681 3545/3685 
f 1591/3680 1626/3750 1627/3752 
f 3543/3681 3579/3753 3578/3751 
f 1628/3754 1595/3688 1593/3684 
f 3580/3755 3545/3685 3547/3689 
f 1593/3684 1627/3752 1628/3754 
f 3545/3685 3580/3755 3579/3753 
f 1628/3754 1629/3756 1598/3692 
f 3580/3755 3550/3695 3581/3757 
f 1598/3692 1595/3688 1628/3754 
f 3550/3695 3580/3755 3547/3689 
f 1630/3758 1599/3698 1600/3697 
f 3582/3759 3552/3701 3551/3700 
f 1600/3697 1631/3760 1630/3758 
f 3552/3701 3582/3759 3583/3761 
f 1632/3762 1603/3704 1599/3698 
f 3584/3763 3551/3700 3555/3705 
f 1599/3698 1630/3758 1632/3762 
f 3551/3700 3584/3763 3582/3759 
f 1624/3746 1586/3669 1603/3704 
f 3576/3747 3555/3705 3538/3673 
f 1603/3704 1632/3762 1624/3746 
f 3555/3705 3576/3747 3584/3763 
f 1634/3764 1633/3765 1605/3710 
f 3586/3766 3557/3712 3585/3767 
f 1605/3710 1606/3709 1634/3764 
f 3557/3712 3586/3766 3558/3713 
f 1635/3768 1609/3718 1610/3717 
f 3587/3769 3562/3721 3561/3720 
f 1610/3717 1636/3770 1635/3768 
f 3562/3721 3587/3769 3588/3771 
f 1635/3768 1637/3772 1614/3724 
f 3587/3769 3566/3726 3589/3773 
f 1614/3724 1609/3718 1635/3768 
f 3566/3726 3587/3769 3561/3720 
f 1639/3774 1638/3775 1614/3724 
f 3591/3776 3566/3726 3590/3777 
f 1614/3724 1637/3772 1639/3774 
f 3566/3726 3591/3776 3589/3773 
f 1640/3778 1616/3729 1638/3775 
f 3592/3779 3590/3777 3568/3733 
f 1638/3775 1639/3774 1640/3778 
f 3590/3777 3592/3779 3591/3776 
f 1641/3780 1615/3730 1616/3729 
f 3593/3781 3568/3733 3567/3732 
f 1616/3729 1640/3778 1641/3780 
f 3568/3733 3593/3781 3592/3779 
f 1642/3782 1619/3736 1615/3730 
f 3594/3783 3567/3732 3571/3737 
f 1615/3730 1641/3780 1642/3782 
f 3567/3732 3594/3783 3593/3781 
f 1643/3784 1621/3740 1619/3736 
f 3595/3785 3571/3737 3573/3741 
f 1619/3736 1642/3782 1643/3784 
f 3571/3737 3595/3785 3594/3783 
f 1634/3764 1606/3709 1621/3740 
f 3586/3766 3573/3741 3558/3713 
f 1621/3740 1643/3784 1634/3764 
f 3573/3741 3586/3766 3595/3785 
f 1644/3786 1565/3630 1566/3629 
f 3596/3787 3518/3633 3517/3632 
f 1566/3629 1645/3788 1644/3786 
f 3518/3633 3596/3787 3597/3789 
f 1646/3790 1569/3636 1565/3630 
f 3598/3791 3517/3632 3521/3637 
f 1565/3630 1644/3786 1646/3790 
f 3517/3632 3598/3791 3596/3787 
f 1646/3790 1647/3792 1572/3640 
f 3598/3791 3524/3643 3599/3793 
f 1572/3640 1569/3636 1646/3790 
f 3524/3643 3598/3791 3521/3637 
f 1648/3794 1573/3646 1574/3645 
f 3600/3795 3526/3649 3525/3648 
f 1574/3645 1649/3796 1648/3794 
f 3526/3649 3600/3795 3601/3797 
f 1648/3794 1650/3798 1578/3652 
f 3600/3795 3530/3654 3602/3799 
f 1578/3652 1573/3646 1648/3794 
f 3530/3654 3600/3795 3525/3648 
f 1651/3800 1579/3656 1578/3652 
f 3603/3801 3530/3654 3531/3657 
f 1578/3652 1650/3798 1651/3800 
f 3530/3654 3603/3801 3602/3799 
f 1652/3802 1582/3660 1579/3656 
f 3604/3803 3531/3657 3534/3663 
f 1579/3656 1651/3800 1652/3802 
f 3531/3657 3604/3803 3603/3801 
f 1653/3804 1583/3664 1582/3660 
f 3605/3805 3534/3663 3535/3665 
f 1582/3660 1652/3802 1653/3804 
f 3534/3663 3605/3805 3604/3803 
f 1645/3788 1566/3629 1583/3664 
f 3597/3789 3535/3665 3518/3633 
f 1583/3664 1653/3804 1645/3788 
f 3535/3665 3597/3789 3605/3805 
f 1654/3806 1545/3586 1546/3585 
f 3606/3807 3498/3589 3497/3588 
f 1546/3585 1655/3808 1654/3806 
f 3498/3589 3606/3807 3607/3809 
f 1656/3810 1549/3592 1545/3586 
f 3608/3811 3497/3588 3501/3593 
f 1545/3586 1654/3806 1656/3810 
f 3497/3588 3608/3811 3606/3807 
f 1657/3812 1551/3596 1549/3592 
f 3609/3813 3501/3593 3503/3597 
f 1549/3592 1656/3810 1657/3812 
f 3501/3593 3609/3813 3608/3811 
f 1658/3814 1553/3600 1551/3596 
f 3610/3815 3503/3597 3505/3601 
f 1551/3596 1657/3812 1658/3814 
f 3503/3597 3610/3815 3609/3813 
f 1659/3816 1555/3604 1553/3600 
f 3611/3817 3505/3601 3507/3605 
f 1553/3600 1658/3814 1659/3816 
f 3505/3601 3611/3817 3610/3815 
f 1660/3818 1557/3608 1555/3604 
f 3612/3819 3507/3605 3509/3609 
f 1555/3604 1659/3816 1660/3818 
f 3507/3605 3612/3819 3611/3817 
f 1661/3820 1559/3612 1557/3608 
f 3613/3821 3509/3609 3511/3613 
f 1557/3608 1660/3818 1661/3820 
f 3509/3609 3613/3821 3612/3819 
f 1662/3822 1561/3618 1559/3612 
f 3614/3823 3511/3613 3513/3625 
f 1559/3612 1661/3820 1662/3822 
f 3511/3613 3614/3823 3613/3821 
f 1663/3824 1563/3622 1561/3618 
f 3615/3825 3513/3625 3515/3624 
f 1561/3618 1662/3822 1663/3824 
f 3513/3625 3615/3825 3614/3823 
f 1655/3808 1546/3585 1563/3622 
f 3607/3809 3515/3624 3498/3589 
f 1563/3622 1663/3824 1655/3808 
f 3515/3624 3607/3809 3615/3825 
f 1497/3477 1665/3826 1664/3827 
f 3449/3480 3616/3828 3617/3829 
f 1664/3827 1500/3478 1497/3477 
f 3616/3828 3449/3480 3452/3482 
f 1666/3830 1501/3487 1500/3478 
f 3618/3831 3452/3482 3453/3488 
f 1500/3478 1664/3827 1666/3830 
f 3452/3482 3618/3831 3616/3828 
f 1667/3832 1503/3833 1501/3487 
f 3619/3834 3453/3488 3455/3493 
f 1501/3487 1666/3830 1667/3832 
f 3453/3488 3619/3834 3618/3831 
f 1668/3835 1505/3503 1503/3833 
f 3620/3836 3455/3493 3457/3499 
f 1503/3833 1667/3832 1668/3835 
f 3455/3493 3620/3836 3619/3834 
f 1669/3837 1507/3504 1505/3503 
f 3621/3838 3457/3499 3459/3505 
f 1505/3503 1668/3835 1669/3837 
f 3457/3499 3621/3838 3620/3836 
f 1670/3839 1509/3508 1507/3504 
f 3622/3840 3459/3505 3461/3509 
f 1507/3504 1669/3837 1670/3839 
f 3459/3505 3622/3840 3621/3838 
f 1671/3841 1511/3512 1509/3508 
f 3623/3842 3461/3509 3463/3513 
f 1509/3508 1670/3839 1671/3841 
f 3461/3509 3623/3842 3622/3840 
f 1672/3843 1513/3516 1511/3512 
f 3624/3844 3463/3513 3465/3517 
f 1511/3512 1671/3841 1672/3843 
f 3463/3513 3624/3844 3623/3842 
f 1673/3845 1515/3520 1513/3516 
f 3625/3846 3465/3517 3467/3521 
f 1513/3516 1672/3843 1673/3845 
f 3465/3517 3625/3846 3624/3844 
f 1673/3845 1674/3847 1518/3524 
f 3625/3846 3470/3527 3626/3848 
f 1518/3524 1515/3520 1673/3845 
f 3470/3527 3625/3846 3467/3521 
f 1676/3849 1675/3850 1520/3529 
f 3628/3851 3472/3533 3627/3852 
f 1520/3529 1521/3528 1676/3849 
f 3472/3533 3628/3851 3473/3531 
f 1677/3853 1523/3538 1524/3537 
f 3629/3854 3476/3541 3475/3540 
f 1524/3537 1678/3855 1677/3853 
f 3476/3541 3629/3854 3630/3856 
f 1679/3857 1527/3544 1523/3538 
f 3631/3858 3475/3540 3479/3545 
f 1523/3538 1677/3853 1679/3857 
f 3475/3540 3631/3858 3629/3854 
f 1680/3859 1529/3548 1527/3544 
f 3632/3860 3479/3545 3481/3549 
f 1527/3544 1679/3857 1680/3859 
f 3479/3545 3632/3860 3631/3858 
f 1681/3861 1531/3552 1529/3548 
f 3633/3862 3481/3549 3483/3553 
f 1529/3548 1680/3859 1681/3861 
f 3481/3549 3633/3862 3632/3860 
f 1682/3863 1533/3556 1531/3552 
f 3634/3864 3483/3553 3485/3557 
f 1531/3552 1681/3861 1682/3863 
f 3483/3553 3634/3864 3633/3862 
f 1683/3865 1535/3560 1533/3556 
f 3635/3866 3485/3557 3487/3561 
f 1533/3556 1682/3863 1683/3865 
f 3485/3557 3635/3866 3634/3864 
f 1684/3867 1537/3868 1535/3560 
f 3636/3869 3487/3561 3489/3567 
f 1535/3560 1683/3865 1684/3867 
f 3487/3561 3636/3869 3635/3866 
f 1685/3870 1539/3871 1537/3868 
f 3637/3872 3489/3567 3491/3571 
f 1537/3868 1684/3867 1685/3870 
f 3489/3567 3637/3872 3636/3869 
f 1542/3578 1539/3871 1685/3870 
f 3494/3576 3637/3872 3491/3571 
f 1685/3870 1686/3873 1542/3578 
f 3637/3872 3494/3576 3638/3874 
f 1542/3578 1686/3873 1687/3875 
f 3494/3576 3639/3876 3638/3874 
f 1687/3875 1544/3579 1542/3578 
f 3639/3876 3494/3576 3496/3582 
f 1544/3579 1687/3875 1665/3826 
f 3496/3582 3617/3829 3639/3876 
f 1665/3826 1497/3477 1544/3579 
f 3617/3829 3496/3582 3449/3480 
f 1688/3877 1625/3748 1623/3744 
f 3640/3878 3575/3745 3577/3749 
f 1623/3744 1624/3746 1688/3877 
f 3575/3745 3640/3878 3576/3747 
f 1688/3877 1624/3746 1632/3762 
f 3640/3878 3584/3763 3576/3747 
f 1632/3762 1630/3758 1688/3877 
f 3584/3763 3640/3878 3582/3759 
f 1689/3879 1653/3804 1652/3802 
f 3641/3880 3604/3803 3605/3805 
f 1652/3802 1651/3800 1689/3879 
f 3604/3803 3641/3880 3603/3801 
f 1690/3881 1636/3770 1633/3765 
f 3642/3882 3585/3767 3588/3771 
f 1633/3765 1634/3764 1690/3881 
f 3585/3767 3642/3882 3586/3766 
f 1690/3881 1640/3778 1639/3774 
f 3642/3882 3591/3776 3592/3779 
f 1639/3774 1637/3772 1690/3881 
f 3591/3776 3642/3882 3589/3773 
f 1690/3881 1642/3782 1641/3780 
f 3642/3882 3593/3781 3594/3783 
f 1641/3780 1640/3778 1690/3881 
f 3593/3781 3642/3882 3592/3779 
f 1690/3881 1634/3764 1643/3784 
f 3642/3882 3595/3785 3586/3766 
f 1643/3784 1642/3782 1690/3881 
f 3595/3785 3642/3882 3594/3783 
f 1691/3883 1656/3810 1654/3806 
f 3643/3884 3606/3807 3608/3811 
f 1654/3806 1655/3808 1691/3883 
f 3606/3807 3643/3884 3607/3809 
f 1691/3883 1658/3814 1657/3812 
f 3643/3884 3609/3813 3610/3815 
f 1657/3812 1656/3810 1691/3883 
f 3609/3813 3643/3884 3608/3811 
f 1691/3883 1660/3818 1659/3816 
f 3643/3884 3611/3817 3612/3819 
f 1659/3816 1658/3814 1691/3883 
f 3611/3817 3643/3884 3610/3815 
f 1691/3883 1662/3822 1661/3820 
f 3643/3884 3613/3821 3614/3823 
f 1661/3820 1660/3818 1691/3883 
f 3613/3821 3643/3884 3612/3819 
f 1691/3883 1655/3808 1663/3824 
f 3643/3884 3615/3825 3607/3809 
f 1663/3824 1662/3822 1691/3883 
f 3615/3825 3643/3884 3614/3823 
f 1665/3826 1693/3885 1692/3886 
f 3617/3829 3644/3887 3645/3888 
f 1692/3886 1664/3827 1665/3826 
f 3644/3887 3617/3829 3616/3828 
f 1694/3889 1666/3830 1664/3827 
f 3646/3890 3616/3828 3618/3831 
f 1664/3827 1692/3886 1694/3889 
f 3616/3828 3646/3890 3644/3887 
f 1695/3891 1667/3832 1666/3830 
f 3647/3892 3618/3831 3619/3834 
f 1666/3830 1694/3889 1695/3891 
f 3618/3831 3647/3892 3646/3890 
f 1696/3893 1668/3835 1667/3832 
f 3648/3894 3619/3834 3620/3836 
f 1667/3832 1695/3891 1696/3893 
f 3619/3834 3648/3894 3647/3892 
f 1697/3895 1669/3837 1668/3835 
f 3649/3896 3620/3836 3621/3838 
f 1668/3835 1696/3893 1697/3895 
f 3620/3836 3649/3896 3648/3894 
f 1698/3897 1670/3839 1669/3837 
f 3650/3898 3621/3838 3622/3840 
f 1669/3837 1697/3895 1698/3897 
f 3621/3838 3650/3898 3649/3896 
f 1699/3899 1671/3841 1670/3839 
f 3651/3900 3622/3840 3623/3842 
f 1670/3839 1698/3897 1699/3899 
f 3622/3840 3651/3900 3650/3898 
f 1700/3901 1672/3843 1671/3841 
f 3652/3902 3623/3842 3624/3844 
f 1671/3841 1699/3899 1700/3901 
f 3623/3842 3652/3902 3651/3900 
f 1701/3903 1673/3845 1672/3843 
f 3653/3904 3624/3844 3625/3846 
f 1672/3843 1700/3901 1701/3903 
f 3624/3844 3653/3904 3652/3902 
f 1701/3903 1702/3905 1674/3847 
f 3653/3904 3626/3848 3654/3906 
f 1674/3847 1673/3845 1701/3903 
f 3626/3848 3653/3904 3625/3846 
f 1704/3907 1703/3908 1675/3850 
f 3656/3909 3627/3852 3655/3910 
f 1675/3850 1676/3849 1704/3907 
f 3627/3852 3656/3909 3628/3851 
f 1705/3911 1677/3853 1678/3855 
f 3657/3912 3630/3856 3629/3854 
f 1678/3855 1706/3913 1705/3911 
f 3630/3856 3657/3912 3658/3914 
f 1707/3915 1679/3857 1677/3853 
f 3659/3916 3629/3854 3631/3858 
f 1677/3853 1705/3911 1707/3915 
f 3629/3854 3659/3916 3657/3912 
f 1708/3917 1680/3859 1679/3857 
f 3660/3918 3631/3858 3632/3860 
f 1679/3857 1707/3915 1708/3917 
f 3631/3858 3660/3918 3659/3916 
f 1709/3919 1681/3861 1680/3859 
f 3661/3920 3632/3860 3633/3862 
f 1680/3859 1708/3917 1709/3919 
f 3632/3860 3661/3920 3660/3918 
f 1710/3921 1682/3863 1681/3861 
f 3662/3922 3633/3862 3634/3864 
f 1681/3861 1709/3919 1710/3921 
f 3633/3862 3662/3922 3661/3920 
f 1711/3923 1683/3865 1682/3863 
f 3663/3924 3634/3864 3635/3866 
f 1682/3863 1710/3921 1711/3923 
f 3634/3864 3663/3924 3662/3922 
f 1712/3925 1684/3867 1683/3865 
f 3664/3926 3635/3866 3636/3869 
f 1683/3865 1711/3923 1712/3925 
f 3635/3866 3664/3926 3663/3924 
f 1713/3927 1685/3870 1684/3867 
f 3665/3928 3636/3869 3637/3872 
f 1684/3867 1712/3925 1713/3927 
f 3636/3869 3665/3928 3664/3926 
f 1686/3873 1685/3870 1713/3927 
f 3638/3874 3665/3928 3637/3872 
f 1713/3927 1714/3929 1686/3873 
f 3665/3928 3638/3874 3666/3930 
f 1686/3873 1714/3929 1715/3931 
f 3638/3874 3667/3932 3666/3930 
f 1715/3931 1687/3875 1686/3873 
f 3667/3932 3638/3874 3639/3876 
f 1687/3875 1715/3931 1693/3885 
f 3639/3876 3645/3888 3667/3932 
f 1693/3885 1665/3826 1687/3875 
f 3645/3888 3639/3876 3617/3829 
f 1700/3901 1699/3899 1952/3933 
f 3652/3902 3834/3934 3651/3900 
f 1952/3933 1701/3903 1700/3901 
f 3834/3934 3652/3902 3653/3904 
f 1705/3911 1706/3913 1953/3935 
f 3657/3912 3835/3936 3658/3914 
f 1953/3935 1707/3915 1705/3911 
f 3835/3936 3657/3912 3659/3916 
f 1717/3937 1695/3891 1694/3889 
f 3669/3938 3646/3890 3647/3892 
f 1694/3889 1692/3886 1717/3937 
f 3646/3890 3669/3938 3644/3887 
f 1717/3937 1697/3895 1696/3893 
f 3669/3938 3648/3894 3649/3896 
f 1696/3893 1695/3891 1717/3937 
f 3648/3894 3669/3938 3647/3892 
f 1717/3937 1699/3899 1698/3897 
f 3669/3938 3650/3898 3651/3900 
f 1698/3897 1697/3895 1717/3937 
f 3650/3898 3669/3938 3649/3896 
f 1699/3899 1717/3937 1954/3939 
f 3651/3900 3836/3940 3669/3938 
f 1954/3939 1952/3933 1699/3899 
f 3836/3940 3651/3900 3834/3934 
f 1960/3941 1709/3919 1708/3917 
f 3842/3942 3660/3918 3661/3920 
f 1708/3917 1707/3915 1960/3941 
f 3660/3918 3842/3942 3659/3916 
f 1518/3524 1521/3528 1522/3534 
f 3470/3527 3474/3535 3473/3531 
f 1522/3534 1517/3525 1518/3524 
f 3474/3535 3470/3527 3469/3526 
f 1520/3529 1524/3537 1525/3536 
f 3472/3533 3477/3539 3476/3541 
f 1525/3536 1519/3530 1520/3529 
f 3477/3539 3472/3533 3471/3532 
f 1676/3849 1521/3528 1518/3524 
f 3628/3851 3470/3527 3473/3531 
f 1518/3524 1674/3847 1676/3849 
f 3470/3527 3628/3851 3626/3848 
f 1678/3855 1524/3537 1520/3529 
f 3630/3856 3472/3533 3476/3541 
f 1520/3529 1675/3850 1678/3855 
f 3472/3533 3630/3856 3627/3852 
f 1704/3907 1676/3849 1674/3847 
f 3656/3909 3626/3848 3628/3851 
f 1674/3847 1702/3905 1704/3907 
f 3626/3848 3656/3909 3654/3906 
f 1706/3913 1678/3855 1675/3850 
f 3658/3914 3627/3852 3630/3856 
f 1675/3850 1703/3908 1706/3913 
f 3627/3852 3658/3914 3655/3910 
f 1689/3879 1644/3786 1645/3788 
f 3641/3880 3597/3789 3596/3787 
f 1645/3788 1653/3804 1689/3879 
f 3597/3789 3641/3880 3605/3805 
f 1689/3879 1647/3792 1646/3790 
f 3641/3880 3598/3791 3599/3793 
f 1646/3790 1644/3786 1689/3879 
f 3598/3791 3641/3880 3596/3787 
f 1598/3692 1600/3697 1601/3696 
f 3550/3695 3553/3699 3552/3701 
f 1601/3696 1597/3693 1598/3692 
f 3553/3699 3550/3695 3549/3694 
f 1631/3760 1600/3697 1598/3692 
f 3583/3761 3550/3695 3552/3701 
f 1598/3692 1629/3756 1631/3760 
f 3550/3695 3583/3761 3581/3757 
f 1688/3877 1630/3758 1631/3760 
f 3640/3878 3583/3761 3582/3759 
f 1631/3760 1629/3756 1688/3877 
f 3583/3761 3640/3878 3581/3757 
f 1613/3725 1614/3724 1638/3775 
f 3565/3727 3590/3777 3566/3726 
f 1638/3775 1718/3943 1613/3725 
f 3590/3777 3565/3727 3670/3944 
f 1718/3943 1638/3775 1616/3729 
f 3670/3944 3568/3733 3590/3777 
f 1616/3729 1617/3728 1718/3943 
f 3568/3733 3670/3944 3569/3731 
f 1688/3877 1629/3756 1628/3754 
f 3640/3878 3580/3755 3581/3757 
f 1628/3754 1627/3752 1688/3877 
f 3580/3755 3640/3878 3579/3753 
f 1688/3877 1627/3752 1626/3750 
f 3640/3878 3578/3751 3579/3753 
f 1626/3750 1625/3748 1688/3877 
f 3578/3751 3640/3878 3577/3749 
f 852/3945 1554/3602 1556/3606 
f 2816/3946 3508/3607 3506/3603 
f 1556/3606 1132/3947 852/3945 
f 3508/3607 2816/3946 3090/3948 
f 1239/3949 1132/3947 1556/3606 
f 3192/2819 3508/3950 3090/2817 
f 1556/3606 1558/3610 1239/3949 
f 3508/3950 3192/2819 3510/3616 
f 1552/3598 1554/3602 1581/3661 
f 3504/3599 3533/3662 3506/3603 
f 1581/3661 1584/3666 1552/3598 
f 3533/3662 3504/3599 3536/3667 
f 1581/3661 1554/3602 852/3945 
f 3533/3662 2816/3946 3506/3603 
f 852/3945 1580/3658 1581/3661 
f 2816/3946 3533/3662 3532/3659 
f 853/3951 1577/3653 1580/3658 
f 2817/3952 3532/3659 3529/3655 
f 1580/3658 852/3945 853/3951 
f 3532/3659 2817/3952 2816/3946 
f 1689/3879 1651/3800 1650/3798 
f 3641/3880 3602/3799 3603/3801 
f 1650/3798 1648/3794 1689/3879 
f 3602/3799 3641/3880 3600/3795 
f 856/3953 1575/3644 1576/3650 
f 2820/3954 3528/3651 3527/3647 
f 1576/3650 1130/3955 856/3953 
f 3528/3651 2820/3954 3088/3956 
f 1130/3955 1576/3650 1577/3653 
f 3088/3956 3529/3655 3528/3651 
f 1577/3653 853/3951 1130/3955 
f 3529/3957 3088/3958 2817/3959 
f 1601/3696 1575/3644 856/3953 
f 3553/3699 2820/3954 3527/3647 
f 856/3953 1597/3693 1601/3696 
f 2820/3954 3553/3699 3549/3694 
f 857/3960 1596/3690 1597/3693 
f 2821/3961 3549/3694 3548/3691 
f 1597/3693 856/3953 857/3960 
f 3549/3694 2821/3961 2820/3954 
f 1131/3962 1594/3686 1596/3690 
f 3089/3963 3548/3691 3546/3687 
f 1596/3964 857/3965 1131/3966 
f 3548/3967 3089/3968 2821/3969 
f 1131/3962 865/3970 1592/3682 
f 3089/3963 3544/3683 2829/3971 
f 1592/3682 1594/3686 1131/3962 
f 3544/3683 3089/3963 3546/3687 
f 865/3972 866/3973 1613/3974 
f 2829/3975 3565/3976 2830/3977 
f 1613/3725 1718/3943 865/3970 
f 3565/3727 2829/3971 3670/3944 
f 1589/3677 1592/3682 865/3970 
f 3541/3679 2829/3971 3544/3683 
f 865/3970 1718/3943 1589/3677 
f 2829/3971 3541/3679 3670/3944 
f 1588/3674 1589/3677 1718/3943 
f 3540/3675 3670/3944 3541/3679 
f 1718/3943 1617/3728 1588/3674 
f 3670/3944 3540/3675 3569/3731 
f 1588/3674 1617/3728 1618/3734 
f 3540/3675 3570/3735 3569/3731 
f 1618/3734 1587/3668 1588/3674 
f 3570/3735 3540/3675 3539/3671 
f 1568/3634 1519/3530 1525/3536 
f 3520/3635 3477/3539 3471/3532 
f 1525/3536 1567/3628 1568/3634 
f 3477/3539 3520/3635 3519/3631 
f 1525/3536 1526/3542 1584/3666 
f 3477/3539 3536/3667 3478/3543 
f 1584/3666 1567/3628 1525/3536 
f 3536/3667 3477/3539 3519/3631 
f 1552/3598 1584/3666 1526/3542 
f 3504/3599 3478/3543 3536/3667 
f 1526/3542 1550/3594 1552/3598 
f 3478/3543 3504/3599 3502/3595 
f 1528/3546 1548/3590 1550/3594 
f 3480/3547 3502/3595 3500/3591 
f 1550/3594 1526/3542 1528/3546 
f 3502/3595 3480/3547 3478/3543 
f 1530/3550 1547/3584 1548/3590 
f 3482/3551 3500/3591 3499/3587 
f 1548/3590 1528/3546 1530/3550 
f 3500/3591 3482/3551 3480/3547 
f 858/1828 1210/3978 1502/3496 
f 2822/1831 3454/3979 3163/3980 
f 1502/3496 1504/3495 858/1828 
f 3454/3979 2822/1831 3456/3981 
f 1238/3982 1612/3983 1613/3974 
f 3191/3984 3565/3727 3564/3723 
f 1613/3974 866/3973 1238/3982 
f 3565/3976 3191/3985 2830/3977 
f 1690/3881 1637/3772 1635/3768 
f 3642/3882 3587/3769 3589/3773 
f 1635/3768 1636/3770 1690/3881 
f 3587/3769 3642/3882 3588/3771 
f 1605/3710 1610/3717 1611/3716 
f 3557/3712 3563/3719 3562/3721 
f 1611/3716 1608/3714 1605/3710 
f 3563/3719 3557/3712 3560/3715 
f 1633/3765 1636/3770 1610/3717 
f 3585/3767 3562/3721 3588/3771 
f 1610/3717 1605/3710 1633/3765 
f 3562/3721 3585/3767 3557/3712 
f 574/1179 1985/2737 1992/2812 
f 2539/1182 3870/2813 3863/2738 
f 1992/2812 573/1180 574/1179 
f 3870/2813 2539/1182 2538/1184 
f 1238/3982 1208/3986 1611/3987 
f 3191/3985 3563/3988 3161/3989 
f 1611/3987 1612/3983 1238/3982 
f 3563/3719 3191/3984 3564/3723 
f 561/1161 1972/1157 1994/3990 
f 2526/1162 3872/3991 3850/1159 
f 1994/3990 1719/1148 561/1161 
f 3872/3991 2526/1162 3671/1152 
f 563/3992 1973/1156 1993/2814 
f 2528/3993 3871/2816 3851/1160 
f 1993/2814 1239/2818 563/3992 
f 3871/2816 2528/3993 3192/2819 
f 1719/1148 557/1147 820/1722 
f 3671/1152 2784/1723 2522/1150 
f 820/1722 561/1161 1719/1148 
f 2784/1723 3671/1152 2526/1162 
f 1560/3994 563/3992 1239/2818 
f 3512/3617 3192/2819 2528/3993 
f 1239/3949 1558/3610 1560/3614 
f 3192/2819 3512/3617 3510/3616 
f 1562/3995 562/3996 563/3992 
f 3514/3621 2528/3993 2527/3997 
f 563/3992 1560/3994 1562/3995 
f 2528/3993 3514/3621 3512/3617 
f 562/3998 1562/3620 1564/3626 
f 2527/3999 3516/3627 3514/3623 
f 1564/3626 1720/4000 562/3998 
f 3516/3627 2527/3999 3672/4001 
f 1547/3584 1530/3550 1720/4000 
f 3499/3587 3672/4001 3482/3551 
f 1720/4000 1564/3626 1547/3584 
f 3672/4001 3499/3587 3516/3627 
f 1219/2767 1990/2763 1995/4002 
f 3172/2768 3873/4003 3868/2765 
f 1995/4002 1721/4004 1219/2767 
f 3873/4003 3172/2768 3673/4005 
f 845/1799 1991/2762 1996/4006 
f 2809/1801 3874/4007 3869/2766 
f 1996/4006 842/1787 845/1799 
f 3874/4007 2809/1801 2806/1791 
f 842/1787 840/1786 558/1153 
f 2806/1791 2523/1154 2804/1789 
f 558/1153 845/1799 842/1787 
f 2523/1154 2806/1791 2809/1801 
f 1538/3568 1219/2767 1721/4004 
f 3490/4008 3673/4005 3172/2768 
f 1721/4004 1536/3563 1538/3568 
f 3673/4005 3490/4008 3488/4009 
f 1538/3568 1540/3572 1218/2761 
f 3490/4008 3171/2764 3492/4010 
f 1218/2761 1219/2767 1538/3568 
f 3171/2764 3490/4008 3172/2768 
f 2000/2755 1996/4006 1722/4011 
f 3878/2757 3674/4012 3874/4007 
f 1722/4011 1217/2759 2000/2755 
f 3674/4012 3878/2757 3170/2760 
f 1540/3572 1217/2759 1722/4011 
f 3492/4010 3674/4012 3170/2760 
f 1722/4011 1218/2761 1540/3572 
f 3674/4012 3492/4010 3171/2764 
f 1216/2753 1217/2759 1540/3572 
f 3169/2756 3492/4010 3170/2760 
f 1540/3572 1541/3575 1216/2753 
f 3492/4010 3169/2756 3493/4013 
f 1211/4014 1934/4015 1971/4016 
f 3164/2744 3849/4017 3816/4018 
f 1971/4016 1987/4019 1211/4014 
f 3849/4017 3164/2744 3865/2743 
f 1723/4020 380/4021 1999/4022 
f 3675/4023 3877/4024 2347/4025 
f 1999/4022 1997/4026 1723/4020 
f 3877/4024 3675/4023 3875/4027 
f 1210/4028 379/4029 1499/3483 
f 3163/3980 3451/4030 2346/4031 
f 1499/3483 1502/3490 1210/4028 
f 3451/4030 3163/3980 3454/3979 
f 379/4029 380/4021 1498/3484 
f 2346/4032 3450/4033 2347/4025 
f 1498/3484 1499/3483 379/4029 
f 3450/4033 2346/4032 3451/4034 
f 1572/3640 1574/3645 1575/3644 
f 3524/3643 3527/3647 3526/3649 
f 1575/3644 1571/3641 1572/3640 
f 3527/3647 3524/3643 3523/3642 
f 1647/3792 1649/3796 1574/3645 
f 3599/3793 3526/3649 3601/3797 
f 1574/3645 1572/3640 1647/3792 
f 3526/3649 3599/3793 3524/3643 
f 1689/3879 1648/3794 1649/3796 
f 3641/3880 3601/3797 3600/3795 
f 1649/3796 1647/3792 1689/3879 
f 3601/3797 3641/3880 3599/3793 
f 1519/3530 1568/3634 1570/3638 
f 3471/3532 3522/3639 3520/3635 
f 1570/3638 1522/3534 1519/3530 
f 3522/3639 3471/3532 3474/3535 
f 1601/3696 1602/3702 1571/3641 
f 3553/3699 3523/3642 3554/3703 
f 1571/3641 1575/3644 1601/3696 
f 3523/3642 3553/3699 3527/3647 
f 1570/3638 1571/3641 1602/3702 
f 3522/3639 3554/3703 3523/3642 
f 1602/3702 1522/3534 1570/3638 
f 3554/3703 3522/3639 3474/3535 
f 1602/3702 1604/3706 1517/3525 
f 3554/3703 3469/3526 3556/3707 
f 1517/3525 1522/3534 1602/3702 
f 3469/3526 3554/3703 3474/3535 
f 1516/3522 1517/3525 1604/3706 
f 3468/3523 3556/3707 3469/3526 
f 1604/3706 1587/3668 1516/3522 
f 3556/3707 3468/3523 3539/3671 
f 1514/3518 1516/3522 1587/3668 
f 3466/3519 3539/3671 3468/3523 
f 1587/3668 1618/3734 1514/3518 
f 3539/3671 3466/3519 3570/3735 
f 1514/3518 1618/3734 1620/3738 
f 3466/3519 3572/3739 3570/3735 
f 1620/3738 1512/3514 1514/3518 
f 3572/3739 3466/3519 3464/3515 
f 1512/3514 1620/3738 1622/3742 
f 3464/3515 3574/3743 3572/3739 
f 1622/3742 1510/3510 1512/3514 
f 3574/3743 3464/3515 3462/3511 
f 1510/3510 1622/3742 1607/3708 
f 3462/3511 3559/3711 3574/3743 
f 1607/3708 1508/3506 1510/3510 
f 3559/3711 3462/3511 3460/3507 
f 1608/3714 1611/3716 1208/4035 
f 3560/4036 3161/3989 3563/3988 
f 1208/4035 1209/4037 1608/3714 
f 3161/3989 3560/4036 3162/4038 
f 1508/3506 1607/3708 1608/3714 
f 3460/3507 3560/3715 3559/3711 
f 1608/3714 1209/4037 1508/3506 
f 3560/4036 3460/4039 3162/4038 
f 575/1185 860/2773 1979/1830 
f 2540/1186 3857/1832 2824/2774 
f 1979/1830 1986/2735 575/1185 
f 3857/1832 2540/1186 3864/2736 
f 860/2773 575/1185 572/1181 
f 2824/2774 2537/1183 2540/1186 
f 572/1181 1108/2421 860/2773 
f 2537/1183 2824/2774 3066/2422 
f 1506/3500 861/1829 858/1828 
f 3458/4040 2822/1831 2825/1833 
f 858/1828 1504/3495 1506/3500 
f 2822/1831 3458/4040 3456/3981 
f 861/4041 1506/3502 1508/3506 
f 2825/1833 3460/4039 3458/4040 
f 1508/3506 1209/4037 861/4041 
f 3460/4039 2825/1833 3162/4038 
f 1309/3003 1274/2911 1411/3225 
f 3261/3476 3363/3226 3226/3441 
f 1411/3225 1413/3229 1309/3003 
f 3363/3226 3261/3476 3365/3230 
f 1721/4004 1995/4002 1988/4042 
f 3673/4005 3866/4043 3873/4003 
f 1988/4042 1214/4044 1721/4004 
f 3866/4043 3673/4005 3167/4045 
f 1536/3563 1721/4004 1214/4044 
f 3488/4009 3167/4045 3673/4005 
f 1214/4044 1534/3564 1536/3563 
f 3167/4046 3488/3565 3486/3559 
f 1534/3564 1214/4044 1215/4047 
f 3486/3559 3168/4048 3167/4046 
f 1215/4049 1532/3554 1534/3558 
f 3168/4048 3486/3559 3484/3555 
f 1720/4000 1530/3550 1532/3554 
f 3672/4001 3484/3555 3482/3551 
f 1532/3554 1215/4049 1720/4000 
f 3484/3555 3672/4001 3168/4048 
f 951/2032 1724/4050 2001/4051 
f 2914/2033 3879/4052 3676/4053 
f 2001/4051 955/2040 951/2032 
f 3879/4052 2914/2033 2918/2041 
f 953/2037 1726/4054 1725/4055 
f 2916/2039 3677/4056 3678/4057 
f 1725/4055 948/2027 953/2037 
f 3677/4056 2916/2039 2911/2029 
f 940/2012 1727/4058 1724/4050 
f 2903/2014 3676/4053 3679/4059 
f 1724/4050 951/2032 940/2012 
f 3676/4053 2903/2014 2914/2033 
f 941/2011 1728/4060 1727/4058 
f 2904/2015 3679/4059 3680/4061 
f 1727/4058 940/2012 941/2011 
f 3679/4059 2904/2015 2903/2014 
f 946/2018 947/2024 2002/4062 
f 2909/2021 3880/4063 2910/2025 
f 2002/4062 1729/4064 946/2018 
f 3880/4063 2909/2021 3681/4065 
f 1038/2251 1730/4066 1726/4054 
f 2996/2253 3678/4057 3682/4067 
f 1726/4054 953/2037 1038/2251 
f 3678/4057 2996/2253 2916/2039 
f 946/2018 1729/4064 1730/4066 
f 2909/2021 3682/4067 3681/4065 
f 1730/4066 1038/2251 946/2018 
f 3682/4067 2909/2021 2996/2253 
f 2001/4051 2002/4062 947/2024 
f 3879/4052 2910/2025 3880/4063 
f 947/2024 955/2040 2001/4051 
f 2910/2025 3879/4052 2918/2041 
f 1195/2709 1856/4068 1728/4060 
f 1195/2709 3680/4061 1856/4068 
f 1728/4060 941/2011 1195/2709 
f 3680/4061 1195/2709 2904/2015 
f 948/2027 1725/4055 740/1530 
f 2911/2029 2704/1531 3677/4056 
f 740/1530 934/1992 948/2027 
f 2704/1531 2911/2029 2897/1993 
f 376/735 1732/4069 1731/4070 
f 2343/736 3683/4071 3684/4072 
f 1731/4070 375/731 376/735 
f 3683/4071 2343/736 2342/733 
f 740/1530 1725/4055 1732/4069 
f 2704/1531 3684/4072 3677/4056 
f 1732/4069 376/735 740/1530 
f 3684/4072 2704/1531 2343/736 
f 375/731 1731/4070 1857/4073 
f 2342/733 1857/4073 3683/4071 
f 1857/4073 1842/2644 375/731 
f 1857/4073 2342/733 3748/2645 
f 1732/4069 1734/4074 1733/4075 
f 3684/4072 3685/4076 3686/4077 
f 1733/4075 1731/4070 1732/4069 
f 3685/4076 3684/4072 3683/4071 
f 1725/4055 1726/4054 1734/4074 
f 3677/4056 3686/4077 3678/4057 
f 1734/4074 1732/4069 1725/4055 
f 3686/4077 3677/4056 3684/4072 
f 1731/4070 1733/4075 1858/4078 
f 3683/4071 1858/4078 3685/4076 
f 1858/4078 1857/4073 1731/4070 
f 1858/4078 3683/4071 1857/4073 
f 1724/4050 1735/4079 1736/4080 
f 3676/4053 3688/4081 3687/4082 
f 1736/4080 1729/4064 1724/4050 
f 3688/4081 3676/4053 3681/4065 
f 1729/4064 1736/4080 1737/4083 
f 3681/4065 3689/4084 3688/4081 
f 1737/4083 1730/4066 1729/4064 
f 3689/4084 3681/4065 3682/4067 
f 1726/4054 1730/4066 1737/4083 
f 3678/4057 3689/4084 3682/4067 
f 1737/4083 1734/4074 1726/4054 
f 3689/4084 3678/4057 3686/4077 
f 1734/4074 1737/4083 1738/4085 
f 3686/4077 3690/4086 3689/4084 
f 1738/4085 1733/4075 1734/4074 
f 3690/4086 3686/4077 3685/4076 
f 1733/4075 1738/4085 1859/4087 
f 3685/4076 1859/4087 3690/4086 
f 1859/4087 1858/4078 1733/4075 
f 1859/4087 3685/4076 1858/4078 
f 1856/4068 1740/4088 1739/4089 
f 1856/4068 3691/4090 1740/4088 
f 1739/4089 1728/4060 1856/4068 
f 3691/4090 1856/4068 3680/4061 
f 1728/4060 1739/4089 1741/4091 
f 3680/4061 3692/4092 3691/4090 
f 1741/4091 1727/4058 1728/4060 
f 3692/4092 3680/4061 3679/4059 
f 1727/4058 1741/4091 1735/4079 
f 3679/4059 3687/4082 3692/4092 
f 1735/4079 1724/4050 1727/4058 
f 3687/4082 3679/4059 3676/4053 
f 1738/4085 1737/4083 1736/4080 
f 3690/4086 3688/4081 3689/4084 
f 1736/4080 1735/4079 1738/4085 
f 3688/4081 3690/4086 3687/4082 
f 1738/4085 1742/4093 1860/4094 
f 3690/4086 1860/4094 3693/4095 
f 1860/4094 1859/4087 1738/4085 
f 1860/4094 3690/4086 1859/4087 
f 1741/4091 1739/4089 2003/4096 
f 3692/4092 3881/4097 3691/4090 
f 2003/4096 1742/4093 1741/4091 
f 3881/4097 3692/4092 3693/4095 
f 1298/3469 1299/4098 1356/3114 
f 3250/3470 3308/3115 3251/4099 
f 1356/3114 1311/3027 1298/3469 
f 3308/3115 3250/3470 3263/3028 
f 1299/4098 1301/3467 1354/3110 
f 3251/4099 3306/3112 3253/3468 
f 1354/3110 1356/3114 1299/4098 
f 3306/3112 3251/4099 3308/3115 
f 1543/3583 1723/4020 1216/2753 
f 3495/4100 3169/2756 3675/4023 
f 1216/2753 1541/3575 1543/3583 
f 3169/2756 3495/4100 3493/4013 
f 1244/2834 1846/2652 1041/2262 
f 1244/2834 2999/2263 1846/2652 
f 1041/2262 1043/2270 1244/2834 
f 2999/2263 1244/2834 3001/2272 
f 1041/2262 659/1363 743/1537 
f 2999/2263 2707/1538 2623/1364 
f 743/1537 1043/2270 1041/2262 
f 2707/1538 2999/2263 3001/2272 
f 1906/2662 1887/4101 1925/4102 
f 3789/2665 3807/4103 3770/4104 
f 1925/4102 1181/2663 1906/2662 
f 3807/4103 3789/2665 3135/2667 
f 663/1371 1743/4105 1180/2664 
f 2627/1372 3134/2666 3694/4106 
f 1180/2664 1181/2663 663/1371 
f 3134/2666 2627/1372 3135/2667 
f 1174/2636 1905/2634 1180/2664 
f 3131/2637 3134/2666 3788/2635 
f 1180/2664 1744/4107 1174/2636 
f 3134/2666 3131/2637 3695/4108 
f 662/1365 663/1371 1181/2663 
f 2626/1368 3135/2667 2627/1372 
f 1181/2663 1925/4102 662/1365 
f 3135/2667 2626/1368 3807/4103 
f 1744/4107 1240/2820 1183/2679 
f 3695/4108 3137/2680 3193/2821 
f 1183/2679 1174/2636 1744/4107 
f 3137/2680 3695/4108 3131/2637 
f 661/1358 1174/2636 1183/2679 
f 2625/1362 3137/2680 3131/2637 
f 1183/2679 660/1359 661/1358 
f 3137/2680 2625/1362 2624/1361 
f 1240/2820 1744/4107 1180/2664 
f 3193/2821 3134/2666 3695/4108 
f 1180/2664 1743/4105 1240/2820 
f 3134/2666 3193/2821 3694/4106 
f 664/1367 1240/2820 1743/4105 
f 2628/1369 3694/4106 3193/2821 
f 1743/4105 663/1371 664/1367 
f 3694/4106 2628/1369 2627/1372 
f 15/2657 920/1956 930/1981 
f 15/2657 2893/1983 2883/1959 
f 930/1981 1179/4109 15/2657 
f 2893/1983 15/2657 1179/4109 
f 1117/2445 1178/2832 1862/4110 
f 3075/2446 1862/4110 3133/2833 
f 1862/4110 1863/4111 1117/2445 
f 1862/4110 3075/2446 1863/4111 
f 556/1142 527/1056 528/1055 
f 2521/1144 2493/1058 2492/1060 
f 528/1055 795/1656 556/1142 
f 2493/1058 2521/1144 2759/1658 
f 525/1061 515/1037 516/1039 
f 2490/1062 2481/1040 2480/1038 
f 516/1039 528/1055 525/1061 
f 2481/1040 2490/1062 2493/1058 
f 555/1143 556/1142 795/1656 
f 2520/1146 2759/1658 2521/1144 
f 795/1656 794/1655 555/1143 
f 2759/1658 2520/1146 2758/1657 
f 521/1045 148/247 149/246 
f 2486/1048 2124/250 2123/249 
f 149/246 520/1046 521/1045 
f 2124/250 2486/1048 2485/1047 
f 522/1049 368/711 148/247 
f 2487/1050 2123/249 2335/712 
f 148/247 521/1045 522/1049 
f 2123/249 2487/1050 2486/1048 
f 203/355 204/354 511/1027 
f 2177/357 2476/1028 2178/358 
f 511/1027 520/1046 203/355 
f 2476/1028 2177/357 2485/1047 
f 1066/2325 368/711 522/1049 
f 3024/2327 2487/1050 2335/712 
f 522/1049 523/1052 1066/2325 
f 2487/1050 3024/2327 2488/1053 
f 518/1041 553/1140 554/1138 
f 2483/1043 2519/1139 2518/1141 
f 554/1138 794/1655 518/1041 
f 2519/1139 2483/1043 2758/1657 
f 794/1655 554/1138 1243/2830 
f 2758/1657 3196/2831 2519/1139 
f 1243/2830 555/1143 794/1655 
f 3196/2831 2758/1657 2520/1146 
f 1339/3079 1341/3083 1363/3127 
f 3291/3080 3315/3128 3293/3084 
f 1363/3127 1365/3131 1339/3079 
f 3315/3128 3291/3080 3317/3132 
f 1363/3127 1341/3083 1343/3087 
f 3315/3128 3295/3088 3293/3084 
f 1343/3087 1361/3123 1363/3127 
f 3295/3088 3315/3128 3313/3124 
f 1746/4112 1745/3338 1748/3337 
f 3697/4113 3699/3340 3696/3339 
f 1748/3337 1747/4114 1746/4112 
f 3699/3340 3697/4113 3698/4115 
f 1750/4116 1749/3341 1745/3338 
f 3701/4117 3696/3339 3700/3342 
f 1745/3338 1746/4112 1750/4116 
f 3696/3339 3701/4117 3697/4113 
f 1752/4118 1751/3343 1749/3341 
f 3703/4119 3700/3342 3702/3344 
f 1749/3341 1750/4116 1752/4118 
f 3700/3342 3703/4119 3701/4117 
f 1753/3345 1751/3343 1752/4118 
f 3704/3346 3703/4119 3702/3344 
f 1752/4118 1754/4120 1753/3345 
f 3703/4119 3704/3346 3705/4121 
f 1755/3347 1753/3345 1754/4120 
f 3706/3348 3705/4121 3704/3346 
f 1754/4120 1756/4122 1755/3347 
f 3705/4121 3706/3348 3707/4123 
f 1757/3349 1755/3347 1756/4122 
f 3708/3350 3707/4123 3706/3348 
f 1756/4122 1758/4124 1757/3349 
f 3707/4123 3708/3350 3709/4125 
f 1759/3351 1757/3349 1758/4124 
f 3710/3352 3709/4125 3708/3350 
f 1758/4124 1760/4126 1759/3351 
f 3709/4125 3710/3352 3711/4127 
f 1762/4128 1761/3353 1759/3351 
f 3713/4129 3710/3352 3712/3354 
f 1759/3351 1760/4126 1762/4128 
f 3710/3352 3713/4129 3711/4127 
f 1764/4130 1763/3355 1761/3353 
f 3715/4131 3712/3354 3714/3356 
f 1761/3353 1762/4128 1764/4130 
f 3712/3354 3715/4131 3713/4129 
f 1765/3357 1763/3355 1764/4130 
f 3716/3358 3715/4131 3714/3356 
f 1764/4130 1766/4132 1765/3357 
f 3715/4131 3716/3358 3717/4133 
f 1767/3360 1770/3359 1769/4134 
f 3718/3361 3720/4135 3721/3362 
f 1769/4134 1768/4136 1767/3360 
f 3720/4135 3718/3361 3719/4137 
f 1771/3364 1774/3363 1773/4138 
f 3722/3365 3724/4139 3725/3366 
f 1773/4138 1772/4140 1771/3364 
f 3724/4139 3722/3365 3723/4141 
f 1775/3367 1771/3364 1772/4140 
f 3726/3368 3723/4141 3722/3365 
f 1772/4140 1776/4142 1775/3367 
f 3723/4141 3726/3368 3727/4143 
f 1778/4144 1777/3369 1775/3367 
f 3729/4145 3726/3368 3728/3370 
f 1775/3367 1776/4142 1778/4144 
f 3726/3368 3729/4145 3727/4143 
f 1780/4146 1779/3371 1777/3369 
f 3731/4147 3728/3370 3730/3372 
f 1777/3369 1778/4144 1780/4146 
f 3728/3370 3731/4147 3729/4145 
f 1782/4148 1781/3373 1779/3371 
f 3733/4149 3730/3372 3732/3374 
f 1779/3371 1780/4146 1782/4148 
f 3730/3372 3733/4149 3731/4147 
f 1784/4150 1783/3375 1781/3373 
f 3735/4151 3732/3374 3734/3376 
f 1781/3373 1782/4148 1784/4150 
f 3732/3374 3735/4151 3733/4149 
f 1785/3377 1783/3375 1784/4150 
f 3736/3378 3735/4151 3734/3376 
f 1784/4150 1786/4152 1785/3377 
f 3735/4151 3736/3378 3737/4153 
f 1787/3379 1785/3377 1786/4152 
f 3738/3380 3737/4153 3736/3378 
f 1786/4152 1788/4154 1787/3379 
f 3737/4153 3738/3380 3739/4155 
f 1789/3381 1787/3379 1788/4154 
f 3740/3382 3739/4155 3738/3380 
f 1788/4154 1790/4156 1789/3381 
f 3739/4155 3740/3382 3741/4157 
f 1792/4158 1791/3383 1789/3381 
f 3743/4159 3740/3382 3742/3384 
f 1789/3381 1790/4156 1792/4158 
f 3740/3382 3743/4159 3741/4157 
f 1748/3337 1791/3383 1792/4158 
f 3699/3340 3743/4159 3742/3384 
f 1792/4158 1747/4114 1748/3337 
f 3743/4159 3699/3340 3698/4115 
f 1769/4134 1770/3359 1765/3357 
f 3720/4135 3716/3358 3721/3362 
f 1765/3357 1766/4132 1769/4134 
f 3716/3358 3720/4135 3717/4133 
f 1773/4138 1774/3363 1767/3360 
f 3724/4139 3718/3361 3725/3366 
f 1767/3360 1768/4136 1773/4138 
f 3718/3361 3724/4139 3719/4137 
f 1758/4124 1746/4112 1747/4114 
f 3709/4125 3698/4115 3697/4113 
f 1747/4114 1760/4126 1758/4124 
f 3698/4115 3709/4125 3711/4127 
f 1778/4144 1776/4142 1790/4156 
f 3729/4145 3741/4157 3727/4143 
f 1790/4156 1788/4154 1778/4144 
f 3741/4157 3729/4145 3739/4155 
f 1321/3043 1274/2911 1273/2909 
f 3273/3044 3225/3442 3226/3441 
f 1273/2909 1319/3039 1321/3043 
f 3225/3442 3273/3044 3271/3040 
f 1746/4112 1758/4124 1756/4122 
f 3697/4113 3707/4123 3709/4125 
f 1756/4122 1750/4116 1746/4112 
f 3707/4123 3697/4113 3701/4117 
f 1750/4116 1756/4122 1754/4120 
f 3701/4117 3705/4121 3707/4123 
f 1754/4120 1752/4118 1750/4116 
f 3705/4121 3701/4117 3703/4119 
f 1780/4146 1778/4144 1788/4154 
f 3731/4147 3739/4155 3729/4145 
f 1788/4154 1786/4152 1780/4146 
f 3739/4155 3731/4147 3737/4153 
f 1782/4148 1780/4146 1786/4152 
f 3733/4149 3737/4153 3731/4147 
f 1786/4152 1784/4150 1782/4148 
f 3737/4153 3733/4149 3735/4151 
f 1543/3583 1498/3484 380/4021 
f 3495/4100 2347/4025 3450/4033 
f 380/4021 1723/4020 1543/3583 
f 2347/4025 3495/4100 3675/4023 
f 1954/3939 1693/3885 1715/3931 
f 3836/3940 3667/3932 3645/3888 
f 1715/3931 1956/4160 1954/3939 
f 3667/3932 3836/3940 3838/4161 
f 1955/4162 1960/3941 1707/3915 
f 3837/4163 3659/3916 3842/3942 
f 1707/3915 1953/3935 1955/4162 
f 3659/3916 3837/4163 3835/3936 
f 551/1134 1106/2416 535/2415 
f 2516/1136 2500/2417 3064/2418 
f 535/4164 1794/1130 551/1128 
f 2500/4165 2516/1129 3745/1131 
f 535/4164 536/2559 1795/2822 
f 2500/4165 3746/2823 2501/2561 
f 1795/2822 1794/1130 535/4164 
f 3746/2823 2500/4165 3745/1131 
f 1796/1020 508/1081 538/1087 
f 3747/1021 2503/1088 2473/1084 
f 538/1087 1795/2822 1796/1020 
f 2503/1088 3747/1021 3746/2823 
f 509/1019 519/1089 508/1081 
f 2474/1022 2473/1084 2484/1090 
f 508/1081 1796/1020 509/1019 
f 2473/1084 2474/1022 3747/1021 
f 495/993 690/1423 509/1019 
f 2460/994 2474/1022 2654/1424 
f 509/1019 494/987 495/993 
f 2474/1022 2460/994 2459/990 
f 824/1741 1137/2517 1134/2511 
f 2788/1744 3092/2512 3095/2518 
f 1134/2511 825/1742 824/1741 
f 3092/2512 2788/1744 2789/1746 
f 427/846 805/1685 825/1742 
f 2393/848 2789/1746 2769/1687 
f 825/1742 1134/2511 427/846 
f 2789/1746 2393/848 3092/2512 
f 1179/4109 930/1981 1117/2445 
f 1179/4109 3075/2446 2893/1983 
f 1117/2445 1863/4111 1179/4109 
f 3075/2446 1179/4109 1863/4111 
f 1843/2643 1842/2644 1810/4166 
f 1843/2643 1810/4166 3748/2645 
f 1810/4166 1842/2644 1857/4073 
f 1810/4166 1857/4073 3748/2645 
f 1874/4167 1873/4168 1872/2668 
f 3757/4169 3755/2670 3756/4170 
f 1872/2668 1875/2671 1874/4167 
f 3755/2670 3757/4169 3758/2672 
f 1921/4171 1876/4172 1873/4168 
f 3803/4173 3756/4170 3759/4174 
f 1873/4168 1874/4167 1921/4171 
f 3756/4170 3803/4173 3757/4169 
f 1877/4175 1007/2603 1006/2687 
f 3760/4176 2964/2688 2965/2607 
f 1006/2687 1878/4177 1877/4175 
f 2964/2688 3760/4176 3761/4178 
f 1881/4179 1874/4167 1875/2671 
f 3764/4180 3758/2672 3757/4169 
f 1875/2671 1882/4181 1881/4179 
f 3758/2672 3764/4180 3765/4182 
f 1921/4171 1874/4167 1881/4179 
f 3803/4173 3764/4180 3757/4169 
f 1881/4179 1883/4183 1921/4171 
f 3764/4180 3803/4173 3766/4184 
f 1883/4183 1885/4185 1884/4186 
f 3766/4184 3767/4187 3768/4188 
f 1884/4186 1921/4171 1883/4183 
f 3767/4187 3766/4184 3803/4173 
f 1923/2604 1886/4189 1882/4181 
f 3805/2606 3765/4182 3769/4190 
f 1882/4181 1875/2671 1923/2604 
f 3765/4182 3805/2606 3758/2672 
f 1887/4101 1884/4186 1885/4185 
f 3770/4104 3768/4188 3767/4187 
f 1885/4185 1888/4191 1887/4101 
f 3768/4188 3770/4104 3771/4192 
f 1892/4193 1891/4194 1890/4195 
f 3775/4196 3773/4197 3774/4198 
f 1890/4195 1889/4199 1892/4193 
f 3773/4197 3775/4196 3772/4200 
f 1896/4201 1895/4202 1894/4203 
f 3779/4204 3777/4205 3778/4206 
f 1894/4203 1893/4207 1896/4201 
f 3777/4205 3779/4204 3776/4208 
f 1897/4209 1898/4210 1896/4201 
f 3780/4211 3779/4204 3781/4212 
f 1896/4201 1893/4207 1897/4209 
f 3779/4204 3780/4211 3776/4208 
f 1899/4213 1902/4214 1901/4215 
f 3782/4216 3784/4217 3785/4218 
f 1901/4215 1900/4219 1899/4213 
f 3784/4217 3782/4216 3783/4220 
f 1878/4177 1006/2687 1924/2684 
f 3761/4178 3806/2686 2964/2688 
f 1924/2684 1903/4221 1878/4177 
f 3806/2686 3761/4178 3786/4222 
f 1877/4175 1904/4223 1897/4209 
f 3760/4176 3780/4211 3787/4224 
f 1897/4209 1886/4189 1877/4175 
f 3780/4211 3760/4176 3769/4190 
f 1907/4225 1906/2662 1905/2634 
f 3790/4226 3788/2635 3789/2665 
f 1905/2634 1870/2254 1907/4225 
f 3788/2635 3790/4226 3754/2255 
f 1908/4227 662/1365 1925/4102 
f 3791/4228 3807/4103 2626/1368 
f 1925/4102 1909/4229 1908/4227 
f 3807/4103 3791/4228 3792/4230 
f 1910/4231 1903/4221 1924/2684 
f 3793/4232 3806/2686 3786/4222 
f 1924/2684 1922/1366 1910/4231 
f 3806/2686 3793/4232 3804/1370 
f 1908/4227 1910/4231 1922/1366 
f 3791/4228 3804/1370 3793/4232 
f 1922/1366 662/1365 1908/4227 
f 3804/1370 3791/4228 2626/1368 
f 1912/4233 1911/4234 1892/4193 
f 3795/4235 3775/4196 3794/4236 
f 1892/4193 1889/4199 1912/4233 
f 3775/4196 3795/4235 3772/4200 
f 1904/4223 1877/4175 1878/4177 
f 3787/4224 3761/4178 3760/4176 
f 1878/4177 1913/4237 1904/4223 
f 3761/4178 3787/4224 3796/4238 
f 1894/4203 1881/4179 1882/4181 
f 3777/4205 3765/4182 3764/4180 
f 1882/4181 1893/4207 1894/4203 
f 3765/4182 3777/4205 3776/4208 
f 1883/4183 1881/4179 1894/4203 
f 3766/4184 3777/4205 3764/4180 
f 1894/4203 1914/4239 1883/4183 
f 3777/4205 3766/4184 3797/4240 
f 1914/4239 1899/4213 1885/4185 
f 3797/4240 3768/4188 3782/4216 
f 1885/4185 1883/4183 1914/4239 
f 3768/4188 3797/4240 3766/4184 
f 1888/4191 1885/4185 1899/4213 
f 3771/4192 3782/4216 3768/4188 
f 1899/4213 1900/4219 1888/4191 
f 3782/4216 3771/4192 3783/4220 
f 1913/4237 1878/4177 1903/4221 
f 3796/4238 3786/4222 3761/4178 
f 1903/4221 1890/4195 1913/4237 
f 3786/4222 3796/4238 3773/4197 
f 1007/2603 1877/4175 1886/4189 
f 2965/2607 3769/4190 3760/4176 
f 1886/4189 1923/2604 1007/2603 
f 3769/4190 2965/2607 3805/2606 
f 1900/4219 1915/4241 1909/4229 
f 3783/4220 3792/4230 3798/4242 
f 1909/4229 1888/4191 1900/4219 
f 3792/4230 3783/4220 3771/4192 
f 1910/4231 1889/4199 1890/4195 
f 3793/4232 3773/4197 3772/4200 
f 1890/4195 1903/4221 1910/4231 
f 3773/4197 3793/4232 3786/4222 
f 1910/4231 1908/4227 1912/4233 
f 3793/4232 3795/4235 3791/4228 
f 1912/4233 1889/4199 1910/4231 
f 3795/4235 3793/4232 3772/4200 
f 1886/4189 1897/4209 1893/4207 
f 3769/4190 3776/4208 3780/4211 
f 1893/4207 1882/4181 1886/4189 
f 3776/4208 3769/4190 3765/4182 
f 1904/4223 1916/4243 1898/4210 
f 3787/4224 3781/4212 3799/4244 
f 1898/4210 1897/4209 1904/4223 
f 3781/4212 3787/4224 3780/4211 
f 1913/4237 1917/4245 1916/4243 
f 3796/4238 3799/4244 3800/4246 
f 1916/4243 1904/4223 1913/4237 
f 3799/4244 3796/4238 3787/4224 
f 1895/4202 1918/4247 1914/4239 
f 3778/4206 3797/4240 3801/4248 
f 1914/4239 1894/4203 1895/4202 
f 3797/4240 3778/4206 3777/4205 
f 1918/4247 1902/4214 1899/4213 
f 3801/4248 3782/4216 3785/4218 
f 1899/4213 1914/4239 1918/4247 
f 3782/4216 3801/4248 3797/4240 
f 1901/4215 1919/4249 1915/4241 
f 3784/4217 3798/4242 3802/4250 
f 1915/4241 1900/4219 1901/4215 
f 3798/4242 3784/4217 3783/4220 
f 1913/4237 1890/4195 1891/4194 
f 3796/4238 3774/4198 3773/4197 
f 1891/4194 1917/4245 1913/4237 
f 3774/4198 3796/4238 3800/4246 
f 1919/4249 1891/4194 1892/4193 
f 3802/4250 3775/4196 3774/4198 
f 1892/4193 1911/4234 1919/4249 
f 3775/4196 3802/4250 3794/4236 
f 1902/4214 1916/4243 1917/4245 
f 3785/4218 3800/4246 3799/4244 
f 1917/4245 1901/4215 1902/4214 
f 3800/4246 3785/4218 3784/4217 
f 1896/4201 1898/4210 1918/4247 
f 3779/4204 3801/4248 3781/4212 
f 1918/4247 1895/4202 1896/4201 
f 3801/4248 3779/4204 3778/4206 
f 1876/4172 1921/4171 1884/4186 
f 3759/4174 3767/4187 3803/4173 
f 1884/4186 1907/4225 1876/4172 
f 3767/4187 3759/4174 3790/4226 
f 1907/4225 1884/4186 1887/4101 
f 3790/4226 3770/4104 3767/4187 
f 1887/4101 1906/2662 1907/4225 
f 3770/4104 3790/4226 3789/2665 
f 1876/4172 1907/4225 1870/2254 
f 3759/4174 3754/2255 3790/4226 
f 1870/2254 1879/2256 1876/4172 
f 3754/2255 3759/4174 3762/2257 
f 1925/4102 1887/4101 1888/4191 
f 3807/4103 3771/4192 3770/4104 
f 1888/4191 1909/4229 1925/4102 
f 3771/4192 3807/4103 3792/4230 
f 1873/4168 1876/4172 1879/2256 
f 3756/4170 3762/2257 3759/4174 
f 1879/2256 1880/2267 1873/4168 
f 3762/2257 3756/4170 3763/2268 
f 1864/2669 1872/2668 1873/4168 
f 1864/2669 3756/4170 3755/2670 
f 1873/4168 1920/4251 1864/2669 
f 3756/4170 1864/2669 1920/4251 
f 1918/4247 1898/4210 1916/4243 
f 3801/4248 3799/4244 3781/4212 
f 1916/4243 1902/4214 1918/4247 
f 3799/4244 3801/4248 3785/4218 
f 1911/4234 1912/4233 1915/4241 
f 3794/4236 3798/4242 3795/4235 
f 1915/4241 1919/4249 1911/4234 
f 3798/4242 3794/4236 3802/4250 
f 1912/4233 1908/4227 1909/4229 
f 3795/4235 3792/4230 3791/4228 
f 1909/4229 1915/4241 1912/4233 
f 3792/4230 3795/4235 3798/4242 
f 1901/4215 1917/4245 1891/4194 
f 3784/4217 3774/4198 3800/4246 
f 1891/4194 1919/4249 1901/4215 
f 3774/4198 3784/4217 3802/4250 
f 1920/4251 1873/4168 1880/2267 
f 1920/4251 3763/2268 3756/4170 
f 1880/2267 1871/2654 1920/4251 
f 3763/2268 1920/4251 1871/2654 
f 1927/2473 1124/2903 1123/2901 
f 3809/2477 3081/2902 3082/2904 
f 1123/2901 1926/2474 1927/2473 
f 3081/2902 3809/2477 3808/2476 
f 1926/2474 1123/2901 1260/2871 
f 3808/2476 3212/2872 3081/2902 
f 1260/2871 1258/2478 1926/2474 
f 3212/2872 3808/2476 3210/2479 
f 1929/2480 1126/1700 810/1697 
f 3811/2483 2774/1699 3084/1701 
f 810/1697 1928/2481 1929/2480 
f 2774/1699 3811/2483 3810/2482 
f 1929/2480 414/811 1127/2487 
f 3811/2483 3085/2488 2380/815 
f 1127/2487 1126/1700 1929/2480 
f 3085/2488 3811/2483 3084/1701 
f 1931/2749 1998/4252 1988/4042 
f 3813/2752 3866/4043 3876/4253 
f 1988/4042 1930/2750 1931/2749 
f 3866/4043 3813/2752 3812/2751 
f 1994/3990 1998/4252 1931/2749 
f 3872/3991 3813/2752 3876/4253 
f 1931/2749 1719/1148 1994/3990 
f 3813/2752 3872/3991 3671/1152 
f 1220/1788 842/1787 1932/4254 
f 3173/1790 3814/4255 2806/1791 
f 1932/4254 1933/4256 1220/1788 
f 3814/4255 3173/1790 3815/4257 
f 1933/4256 1989/2754 1997/4026 
f 3815/4257 3875/4027 3867/2758 
f 1997/4026 1220/1788 1933/4256 
f 3875/4027 3815/4257 3173/1790 
f 1934/4015 1211/4014 1120/2465 
f 3816/4018 3078/2456 3164/2744 
f 1120/2465 1937/2770 1934/4015 
f 3078/2466 3816/4258 3819/2771 
f 380/4021 379/4029 1971/4016 
f 2347/4025 3849/4259 2346/4032 
f 1971/4016 1999/4022 380/4021 
f 3849/4259 2347/4025 3877/4024 
f 1935/4260 1934/4015 1937/2770 
f 3817/4261 3819/2771 3816/4258 
f 1937/2770 1936/2769 1935/4260 
f 3819/2771 3817/4261 3818/2772 
f 1220/1788 1935/4260 1936/2769 
f 3173/1790 3818/2772 3817/4261 
f 1936/2769 841/1792 1220/1788 
f 3818/2772 3173/1790 2805/1793 
f 570/1171 1939/4262 1938/2467 
f 2535/1174 3820/2468 3821/4263 
f 1938/2467 569/1172 570/1171 
f 3820/2468 2535/1174 2534/1176 
f 570/1171 849/1808 577/1188 
f 2535/1174 2542/1190 2813/1811 
f 577/1188 1939/4262 570/1171 
f 2542/1190 2535/1174 3821/4263 
f 1939/4262 577/1188 270/509 
f 3821/4263 2238/511 2542/1190 
f 270/509 1938/2467 1939/4262 
f 2238/511 3821/4263 3820/2468 
f 577/1188 849/1808 567/1169 
f 2542/1190 2532/1170 2813/1811 
f 567/1169 1940/1191 577/1188 
f 2532/1170 2542/1190 3822/1192 
f 564/1165 850/1813 576/2449 
f 2529/1167 2541/2450 2814/1814 
f 576/2449 1941/2457 564/1165 
f 2541/2450 2529/1167 3823/2458 
f 1941/2457 1943/4264 1942/1187 
f 3823/2458 3824/1189 3825/4265 
f 1942/1187 1940/1191 1941/2457 
f 3824/1189 3823/2458 3822/1192 
f 1941/2457 576/2449 272/516 
f 3823/2458 2240/518 2541/2450 
f 272/516 1943/4264 1941/2457 
f 2240/518 3823/2458 3825/4265 
f 1943/4264 272/516 267/501 
f 3825/4265 2235/504 2240/518 
f 267/501 1942/1187 1943/4264 
f 2235/504 3825/4265 3824/1189 
f 1793/4266 1944/4267 1947/4268 
f 3744/4269 3829/4270 3826/4271 
f 1947/4268 1945/4272 1793/4266 
f 3829/4270 3744/4269 3827/4273 
f 1949/4274 1747/4114 1792/4158 
f 3831/4275 3743/4159 3698/4115 
f 1792/4158 1951/4276 1949/4274 
f 3743/4159 3831/4275 3833/4277 
f 1950/4278 1790/4156 1776/4142 
f 3832/4279 3727/4143 3741/4157 
f 1776/4142 1946/4280 1950/4278 
f 3727/4143 3832/4279 3828/4281 
f 1793/4266 1946/4280 1948/4282 
f 3744/4269 3830/4283 3828/4281 
f 1948/4282 1944/4267 1793/4266 
f 3830/4283 3744/4269 3826/4271 
f 1944/4267 1769/4134 1766/4132 
f 3826/4271 3717/4133 3720/4135 
f 1766/4132 1947/4268 1944/4267 
f 3717/4133 3826/4271 3829/4270 
f 1773/4138 1768/4136 1948/4282 
f 3724/4139 3830/4283 3719/4137 
f 1948/4282 1772/4140 1773/4138 
f 3830/4283 3724/4139 3723/4141 
f 1762/4128 1760/4126 1945/4272 
f 3713/4129 3827/4273 3711/4127 
f 1945/4272 1947/4268 1762/4128 
f 3827/4273 3713/4129 3829/4270 
f 1946/4280 1776/4142 1772/4140 
f 3828/4281 3723/4141 3727/4143 
f 1772/4140 1948/4282 1946/4280 
f 3723/4141 3828/4281 3830/4283 
f 1764/4130 1762/4128 1947/4268 
f 3715/4131 3829/4270 3713/4129 
f 1947/4268 1766/4132 1764/4130 
f 3829/4270 3715/4131 3717/4133 
f 1768/4136 1769/4134 1944/4267 
f 3719/4137 3826/4271 3720/4135 
f 1944/4267 1948/4282 1768/4136 
f 3826/4271 3719/4137 3830/4283 
f 1945/4272 1760/4126 1747/4114 
f 3827/4273 3698/4115 3711/4127 
f 1747/4114 1949/4274 1945/4272 
f 3698/4115 3827/4273 3831/4275 
f 1951/4276 1792/4158 1790/4156 
f 3833/4277 3741/4157 3743/4159 
f 1790/4156 1950/4278 1951/4276 
f 3741/4157 3833/4277 3832/4279 
f 1950/4278 1946/4280 1793/4266 
f 3832/4279 3744/4269 3828/4281 
f 1793/4266 1951/4276 1950/4278 
f 3744/4269 3832/4279 3833/4277 
f 1793/4266 1945/4272 1949/4274 
f 3744/4269 3831/4275 3827/4273 
f 1949/4274 1951/4276 1793/4266 
f 3831/4275 3744/4269 3833/4277 
f 1706/3913 1703/3908 1957/4284 
f 3658/3914 3839/4285 3655/3910 
f 1957/4284 1953/3935 1706/3913 
f 3839/4285 3658/3914 3835/3936 
f 1952/3933 1716/4286 1958/4287 
f 3834/3934 3840/4288 3668/4289 
f 1958/4287 1959/4290 1952/3933 
f 3840/4288 3834/3934 3841/4291 
f 1715/3931 1714/3929 1955/4162 
f 3667/3932 3837/4163 3666/3930 
f 1955/4162 1956/4160 1715/3931 
f 3837/4163 3667/3932 3838/4161 
f 1955/4162 1953/3935 1716/4286 
f 3837/4163 3668/4289 3835/3936 
f 1716/4286 1956/4160 1955/4162 
f 3668/4289 3837/4163 3838/4161 
f 1954/3939 1956/4160 1716/4286 
f 3836/3940 3668/4289 3838/4161 
f 1716/4286 1952/3933 1954/3939 
f 3668/4289 3836/3940 3834/3934 
f 1702/3905 1701/3903 1952/3933 
f 3654/3906 3834/3934 3653/3904 
f 1952/3933 1959/4290 1702/3905 
f 3834/3934 3654/3906 3841/4291 
f 1716/4286 1953/3935 1957/4284 
f 3668/4289 3839/4285 3835/3936 
f 1957/4284 1958/4287 1716/4286 
f 3839/4285 3668/4289 3840/4288 
f 1704/3907 1958/4287 1957/4284 
f 3656/3909 3839/4285 3840/4288 
f 1957/4284 1703/3908 1704/3907 
f 3839/4285 3656/3909 3655/3910 
f 1958/4287 1704/3907 1702/3905 
f 3840/4288 3654/3906 3656/3909 
f 1702/3905 1959/4290 1958/4287 
f 3654/3906 3840/4288 3841/4291 
f 1717/3937 1692/3886 1693/3885 
f 3669/3938 3645/3888 3644/3887 
f 1693/3885 1954/3939 1717/3937 
f 3645/3888 3669/3938 3836/3940 
f 1960/3941 1955/4162 1714/3929 
f 3842/3942 3666/3930 3837/4163 
f 1714/3929 1713/3927 1960/3941 
f 3666/3930 3842/3942 3665/3928 
f 1960/3941 1711/3923 1710/3921 
f 3842/3942 3662/3922 3663/3924 
f 1710/3921 1709/3919 1960/3941 
f 3662/3922 3842/3942 3661/3920 
f 1960/3941 1713/3927 1712/3925 
f 3842/3942 3664/3926 3665/3928 
f 1712/3925 1711/3923 1960/3941 
f 3664/3926 3842/3942 3663/3924 
f 1107/2419 1105/2412 1106/2416 
f 3065/2420 3064/2418 3063/2413 
f 1106/2416 506/1017 1107/2419 
f 3064/2418 3065/2420 2471/1018 
f 1964/2125 473/941 474/940 
f 3844/2128 2439/943 2438/942 
f 474/940 1963/4292 1964/2125 
f 2439/943 3844/2128 3843/4293 
f 1963/4292 474/940 731/1509 
f 3843/4293 2695/1510 2439/943 
f 731/1509 1965/4294 1963/4292 
f 2695/1510 3843/4293 3845/4295 
f 1967/945 1966/4296 1961/2126 
f 3846/949 1961/2127 1966/4297 
f 1961/2126 1964/2125 1967/945 
f 1961/2127 3846/949 3844/2128 
f 1965/4294 731/1509 25/2124 
f 3845/4295 25/2124 2695/1510 
f 25/2124 1962/4298 1965/4294 
f 25/2124 3845/4295 1962/4298 
f 1967/945 1964/2125 1963/4292 
f 3846/949 3843/4293 3844/2128 
f 1963/4292 1969/946 1967/945 
f 3843/4293 3846/949 3847/948 
f 1969/946 1963/4292 1965/4294 
f 3847/948 3845/4295 3843/4293 
f 1965/4294 1970/1511 1969/946 
f 3845/4295 3847/948 3848/1512 
f 1970/1511 1965/4294 1962/4298 
f 3848/1512 1962/4298 3845/4295 
f 1962/4298 1968/2129 1970/1511 
f 1962/4298 3848/1512 1968/2129 
f 475/944 26/2432 1966/4296 
f 2440/947 1966/4297 26/2433 
f 1966/4296 1967/945 475/944 
f 1966/4297 2440/947 3846/949 
f 1973/1156 563/3992 562/3996 
f 3851/1160 2527/3997 2528/3993 
f 562/3996 1972/1157 1973/1156 
f 2527/3997 3851/1160 3850/1159 
f 853/4299 852/4300 1974/1818 
f 2817/3959 3852/1819 2816/4301 
f 1974/1818 1975/1816 853/4299 
f 3852/1819 2817/3959 3853/1817 
f 857/3965 856/4302 1976/1826 
f 2821/3969 3854/1827 2820/4303 
f 1976/1826 1977/1824 857/3965 
f 3854/1827 2821/3969 3855/1825 
f 860/2773 859/2739 1978/1834 
f 2824/2774 3856/1835 2823/2742 
f 1978/1834 1979/1830 860/2773 
f 3856/1835 2824/2774 3857/1832 
f 1981/1842 866/3973 865/3972 
f 3859/1843 2829/3975 2830/3977 
f 865/3972 1980/1844 1981/1842 
f 2829/3975 3859/1843 3858/1845 
f 1976/1826 856/4302 1130/4304 
f 3854/1827 3088/3958 2820/4303 
f 1130/4304 1982/2497 1976/1826 
f 3088/3958 3854/1827 3860/2498 
f 865/3972 1131/3966 1983/2499 
f 2829/3975 3861/2500 3089/3968 
f 1983/2499 1980/1844 865/3972 
f 3861/2500 2829/3975 3858/1845 
f 1974/1818 852/4300 1132/2815 
f 3852/1819 3090/2817 2816/4301 
f 1132/2815 1984/2501 1974/1818 
f 3090/2817 3852/1819 3862/2502 
f 1209/4305 1208/3986 1985/2737 
f 3162/4038 3863/2738 3161/3989 
f 1985/2737 1986/2735 1209/4305 
f 3863/2738 3162/4038 3864/2736 
f 1210/3978 858/1828 1978/1834 
f 3163/3980 3856/1835 2822/1831 
f 1978/1834 1987/2741 1210/3978 
f 3856/1835 3163/3980 3865/2743 
f 1989/2754 1933/4256 1932/4254 
f 3867/2758 3814/4255 3815/4257 
f 1932/4254 2000/2755 1989/2754 
f 3814/4255 3867/2758 3878/2757 
f 1991/2762 845/1799 846/1798 
f 3869/2766 2810/1800 2809/1801 
f 846/1798 1990/2763 1991/2762 
f 2810/1800 3869/2766 3868/2765 
f 1238/3982 866/3973 1981/1842 
f 3191/3985 3859/1843 2830/3977 
f 1981/1842 1992/2812 1238/3982 
f 3859/1843 3191/3985 3870/2813 
f 817/1718 818/1717 1984/2501 
f 2781/1720 3862/2502 2782/1721 
f 1984/2501 1993/2814 817/1718 
f 3862/2502 2781/1720 3871/2816 
f 1130/4304 853/4299 1975/1816 
f 3088/3958 3853/1817 2817/3959 
f 1975/1816 1982/2497 1130/4304 
f 3853/1817 3088/3958 3860/2498 
f 1131/3966 857/3965 1977/1824 
f 3089/3968 3855/1825 2821/3969 
f 1977/1824 1983/2499 1131/3966 
f 3855/1825 3089/3968 3861/2500 
f 1985/2737 1208/3986 1238/3982 
f 3863/2738 3191/3985 3161/3989 
f 1238/3982 1992/2812 1985/2737 
f 3191/3985 3863/2738 3870/2813 
f 1972/1157 562/3996 1720/4306 
f 3850/1159 3672/4307 2527/3997 
f 1720/4306 1994/3990 1972/1157 
f 3672/4307 3850/1159 3872/3991 
f 560/1155 817/1718 1993/2814 
f 2525/1158 3871/2816 2781/1720 
f 1993/2814 1973/1156 560/1155 
f 3871/2816 2525/1158 3851/1160 
f 1990/2763 846/1798 559/1149 
f 3868/2765 2524/1151 2810/1800 
f 559/1149 1995/4002 1990/2763 
f 2524/1151 3868/2765 3873/4003 
f 1991/2762 1218/2761 1722/4011 
f 3869/2766 3674/4012 3171/2764 
f 1722/4011 1996/4006 1991/2762 
f 3674/4012 3869/2766 3874/4007 
f 1932/4254 842/1787 1996/4006 
f 3814/4255 3874/4007 2806/1791 
f 1996/4006 2000/2755 1932/4254 
f 3874/4007 3814/4255 3878/2757 
f 379/4029 1210/4028 1987/4019 
f 2346/4031 3865/2743 3163/3980 
f 1987/4019 1971/4016 379/4029 
f 3865/2743 2346/4031 3849/4017 
f 1935/4260 1220/1788 1997/4026 
f 3817/4261 3875/4027 3173/1790 
f 1997/4026 1999/4022 1935/4260 
f 3875/4027 3817/4261 3877/4024 
f 861/1829 1209/4305 1986/2735 
f 2825/1833 3864/2736 3162/4038 
f 1986/2735 1979/1830 861/1829 
f 3864/2736 2825/1833 3857/1832 
f 1995/4002 559/1149 1930/2750 
f 3873/4003 3812/2751 2524/1151 
f 1930/2750 1988/4042 1995/4002 
f 3812/2751 3873/4003 3866/4043 
f 1998/4252 1215/4047 1214/4044 
f 3876/4253 3167/4045 3168/4308 
f 1214/4044 1988/4042 1998/4252 
f 3167/4045 3876/4253 3866/4043 
f 1994/3990 1720/4306 1215/4047 
f 3872/3991 3168/4308 3672/4307 
f 1215/4047 1998/4252 1994/3990 
f 3168/4308 3872/3991 3876/4253 
f 1989/2754 1216/2753 1723/4020 
f 3867/2758 3675/4023 3169/2756 
f 1723/4020 1997/4026 1989/2754 
f 3675/4023 3867/2758 3875/4027 
f 1934/4015 1935/4260 1999/4022 
f 3816/4258 3877/4024 3817/4261 
f 1999/4022 1971/4016 1934/4015 
f 3877/4024 3816/4258 3849/4259 
f 1724/4050 1729/4064 2002/4062 
f 3676/4053 3880/4063 3681/4065 
f 2002/4062 2001/4051 1724/4050 
f 3880/4063 3676/4053 3879/4052 
f 1735/4079 1741/4091 1742/4093 
f 3687/4082 3693/4095 3692/4092 
f 1742/4093 1738/4085 1735/4079 
f 3693/4095 3687/4082 3690/4086 
f 1860/4094 1742/4093 2003/4096 
f 1860/4094 3881/4097 3693/4095 
f 2003/4096 2004/4309 1860/4094 
f 3881/4097 1860/4094 2004/4309 
f 1740/4088 2004/4309 2003/4096 
f 1740/4088 3881/4097 2004/4309 
f 2003/4096 1739/4089 1740/4088 
f 3881/4097 1740/4088 3691/4090 
f 2006/1286 1252/2856 1257/2865 
f 3883/1290 3209/2868 3204/2858 
f 1257/2865 2005/1287 2006/1286 
f 3209/2868 3883/1290 3882/1289 
f 2006/1286 624/1285 1254/2859 
f 3883/1290 3206/2860 2588/1288 
f 1254/2859 1252/2856 2006/1286 
f 3206/2860 3883/1290 3204/2858 
f 2007/2866 1257/2865 1252/2856 
f 3884/2867 3204/2858 3209/2868 
f 1252/2856 2008/2905 2007/2866 
f 3204/2858 3884/2867 3885/2906 
f 670/1382 671/1381 2009/2495 
f 2634/1386 3886/2496 2635/1384 
f 2009/2495 2010/2491 670/1382 
f 3886/2496 2634/1386 3887/2493 
f 808/1690 809/1694 2012/2907 
f 2772/1692 3889/2908 2773/1695 
f 2012/2907 2011/2849 808/1690 
f 3889/2908 2772/1692 3888/2850 
f 1090/2381 1096/2393 1089/2377 
f 3048/2382 3047/2380 3054/2394 
f 1083/2365 1100/2401 1090/2381 
f 3041/2368 3048/2382 3058/2402 
f 1093/2387 1082/2366 1083/2365 
f 3051/2388 3041/2368 3040/2367 
f 1090/2381 1093/2387 1083/2365 
f 3048/2382 3041/2368 3051/2388 
f 1082/2366 1093/2387 1091/2384 
f 3040/2367 3049/2386 3051/2388 
f 1095/2389 1082/2366 1094/2390 
f 3053/2392 3052/2391 3040/2367 
f 1094/2390 1082/2366 1091/2384 
f 3052/2391 3049/2386 3040/2367 
f 1087/2373 1090/2381 1098/2397 
f 3045/2375 3056/2398 3048/2382 
f 1084/2369 1098/2397 1100/2401 
f 3042/2370 3058/2402 3056/2398 
f 1100/2401 1099/2399 1085/2371 
f 3058/2402 3043/2372 3057/2400 
f 1086/2374 1087/2373 1098/2397 
f 3044/2376 3056/2398 3045/2375 
f 1096/2393 1088/2378 1089/2377 
f 3054/2394 3047/2380 3046/2379 
f 1087/2373 1096/2393 1090/2381 
f 3045/2375 3048/2382 3054/2394 
f 1100/2401 1098/2397 1090/2381 
f 3058/2402 3048/2382 3056/2398 
f 1100/2401 1085/2371 1084/2369 
f 3058/2402 3042/2370 3043/2372 
f 2462/1034 2463/1033 2457/4310 2456/2131 
